number,number_id,service_type,account_status,credit_plan_name,subscription_id,billing_start,billing_end,billing_days,billing_type,billing_source,cycle_months,monthly_values,Monthly Values (months),Monthly Values (month · balance),guest_excluded,minutes_used,credit_allowance,displayed_remainder,correct_remainder,overstated_by,remainder,source_remainder_sum,mismatch,red_flag,status
11421739,24334592174,Convo Now,live,Convo Now: Access Complimentary,22917290396,2026-09-21,2026-10-21,30.0,30 days,Calculated 30-day,2.0,2,"Sep 2026, Oct 2026",Sep 2026 (bal 14.0) · Oct 2026 (bal 20.0),0.0,6.0,20,20.0,14.0,6.0,14.0,34.0,"shows 20 min, should be 14 (overstated by 6 — 6 earlier-month min not carried forward)","🚩 Balance not carried forward — shows 20, should be 14 (overstated +6)",OK - CALCULATED
81787680,24334593698,Convo Now,live,Convo Now: Access Complimentary,22917084587,2026-09-13,2026-10-13,30.0,30 days,Calculated 30-day,2.0,2,"Sep 2026, Oct 2026",Sep 2026 (bal 11.0) · Oct 2026 (bal 20.0),0.0,9.0,20,20.0,11.0,9.0,11.0,31.0,"shows 20 min, should be 11 (overstated by 9 — 9 earlier-month min not carried forward)","🚩 Balance not carried forward — shows 20, should be 11 (overstated +9)",OK - CALCULATED
99498998,24334594050,Convo Now,live,Convo Now: Access Complimentary,22908317272,2026-09-13,2026-10-13,30.0,30 days,Calculated 30-day,2.0,2,"Sep 2026, Oct 2026",Sep 2026 (bal 2.0) · Oct 2026 (bal 20.0),0.0,18.0,20,20.0,2.0,18.0,2.0,22.0,"shows 20 min, should be 2 (overstated by 18 — 18 earlier-month min not carried forward)","🚩 Balance not carried forward — shows 20, should be 2 (overstated +18)",OK - CALCULATED
73384529,24334594089,Convo Now,live,Convo Now: Access Complimentary,22964193053,2026-09-21,2026-10-21,30.0,30 days,Calculated 30-day,2.0,2,"Sep 2026, Oct 2026",Sep 2026 (bal 8.0) · Oct 2026 (bal 20.0),0.0,12.0,20,20.0,8.0,12.0,8.0,28.0,"shows 20 min, should be 8 (overstated by 12 — 12 earlier-month min not carried forward)","🚩 Balance not carried forward — shows 20, should be 8 (overstated +12)",OK - CALCULATED
43120307,24334594104,Convo Now,live,Convo Now: Access Complimentary,22905943593,2026-09-21,2026-10-21,30.0,30 days,Calculated 30-day,2.0,2,"Sep 2026, Oct 2026",Sep 2026 (bal 17.0) · Oct 2026 (bal 16.0),0.0,7.0,20,16.0,13.0,3.0,13.0,33.0,"shows 16 min, should be 13 (overstated by 3 — 3 earlier-month min not carried forward)","🚩 Balance not carried forward — shows 16, should be 13 (overstated +3)",OK - CALCULATED
59079809,24334594313,Convo Now,live,Convo Now: Access Complimentary,22908464191,2026-09-21,2026-10-21,30.0,30 days,Calculated 30-day,2.0,2,"Sep 2026, Oct 2026",Sep 2026 (bal 9.0) · Oct 2026 (bal 11.0),0.0,20.0,20,11.0,0.0,11.0,0.0,20.0,"shows 11 min, should be 0 (overstated by 11 — 11 earlier-month min not carried forward)","🚩 Balance not carried forward — shows 11, should be 0 (overstated +11)",OK - CALCULATED
93650653,24334594316,Convo Now,live,Convo Now: Access Complimentary,22917219094,2026-09-21,2026-10-21,30.0,30 days,Calculated 30-day,2.0,2,"Sep 2026, Oct 2026",Sep 2026 (bal 14.0) · Oct 2026 (bal 20.0),0.0,6.0,20,20.0,14.0,6.0,14.0,34.0,"shows 20 min, should be 14 (overstated by 6 — 6 earlier-month min not carried forward)","🚩 Balance not carried forward — shows 20, should be 14 (overstated +6)",OK - CALCULATED
77757222,24334594418,Convo Now,live,Convo Now: Access Complimentary,22919401277,2026-09-21,2026-10-21,30.0,30 days,Calculated 30-day,2.0,2,"Sep 2026, Oct 2026",Sep 2026 (bal 8.0) · Oct 2026 (bal 20.0),0.0,12.0,20,20.0,8.0,12.0,8.0,28.0,"shows 20 min, should be 8 (overstated by 12 — 12 earlier-month min not carried forward)","🚩 Balance not carried forward — shows 20, should be 8 (overstated +12)",OK - CALCULATED
56697227,24334613071,Convo Now,live,Convo Now: Access Complimentary,22916554251,2026-09-29,2026-10-29,30.0,30 days,Calculated 30-day,2.0,2,"Sep 2026, Oct 2026",Sep 2026 (bal 17.0) · Oct 2026 (bal 20.0),0.0,3.0,20,20.0,17.0,3.0,17.0,37.0,"shows 20 min, should be 17 (overstated by 3 — 3 earlier-month min not carried forward)","🚩 Balance not carried forward — shows 20, should be 17 (overstated +3)",OK - CALCULATED
37916944,24334613091,Convo Now,live,Convo Now: Access Complimentary,22874912085,2026-09-06,2026-10-06,30.0,30 days,Calculated 30-day,2.0,2,"Sep 2026, Oct 2026",Sep 2026 (bal -6.0) · Oct 2026 (bal 20.0),0.0,26.0,20,20.0,0.0,20.0,0.0,14.0,"shows 20 min, should be 0 (overstated by 20 — 26 earlier-month min not carried forward)","🚩 Balance not carried forward — shows 20, should be 0 (overstated +20)",OK - CALCULATED
99380729,24334613100,Convo Now,live,Convo Now: Access Complimentary,22908317293,2026-09-12,2026-10-12,30.0,30 days,Calculated 30-day,2.0,2,"Sep 2026, Oct 2026",Sep 2026 (bal 12.0) · Oct 2026 (bal 20.0),0.0,8.0,20,20.0,12.0,8.0,12.0,32.0,"shows 20 min, should be 12 (overstated by 8 — 8 earlier-month min not carried forward)","🚩 Balance not carried forward — shows 20, should be 12 (overstated +8)",OK - CALCULATED
63749779,24334613162,Convo Now,live,Convo Now: Access Complimentary,24275884429,2026-09-12,2026-10-12,30.0,30 days,Calculated 30-day,2.0,2,"Sep 2026, Oct 2026",Sep 2026 (bal 15.0) · Oct 2026 (bal 20.0),0.0,5.0,20,20.0,15.0,5.0,15.0,35.0,"shows 20 min, should be 15 (overstated by 5 — 5 earlier-month min not carried forward)","🚩 Balance not carried forward — shows 20, should be 15 (overstated +5)",OK - CALCULATED
13188640,24335211164,Convo Now,live,Convo Now: Access Complimentary,22917723311,2026-09-21,2026-10-21,30.0,30 days,Calculated 30-day,2.0,2,"Sep 2026, Oct 2026",Sep 2026 (bal 13.0) · Oct 2026 (bal 20.0),0.0,7.0,20,20.0,13.0,7.0,13.0,33.0,"shows 20 min, should be 13 (overstated by 7 — 7 earlier-month min not carried forward)","🚩 Balance not carried forward — shows 20, should be 13 (overstated +7)",OK - CALCULATED
11540111,24335212189,Convo Now,live,Convo Now: Access Complimentary,22906639199,2026-09-28,2026-10-28,30.0,30 days,Calculated 30-day,2.0,2,"Sep 2026, Oct 2026",Sep 2026 (bal 9.0) · Oct 2026 (bal 20.0),0.0,11.0,20,20.0,9.0,11.0,9.0,29.0,"shows 20 min, should be 9 (overstated by 11 — 11 earlier-month min not carried forward)","🚩 Balance not carried forward — shows 20, should be 9 (overstated +11)",OK - CALCULATED
84763009,24335212412,Convo Now,live,Convo Now: Access Complimentary,22917929362,2026-09-21,2026-10-21,30.0,30 days,Calculated 30-day,2.0,2,"Sep 2026, Oct 2026",Sep 2026 (bal 13.0) · Oct 2026 (bal 20.0),0.0,7.0,20,20.0,13.0,7.0,13.0,33.0,"shows 20 min, should be 13 (overstated by 7 — 7 earlier-month min not carried forward)","🚩 Balance not carried forward — shows 20, should be 13 (overstated +7)",OK - CALCULATED
29275483,24335212907,Convo Now,live,Convo Now: Access Complimentary,22908250419,2026-09-09,2026-10-09,30.0,30 days,Calculated 30-day,2.0,2,"Sep 2026, Oct 2026",Sep 2026 (bal 12.0) · Oct 2026 (bal 20.0),0.0,8.0,20,20.0,12.0,8.0,12.0,32.0,"shows 20 min, should be 12 (overstated by 8 — 8 earlier-month min not carried forward)","🚩 Balance not carried forward — shows 20, should be 12 (overstated +8)",OK - CALCULATED
30642514,24335212934,Convo Now,live,Convo Now: Access Complimentary,22917219155,2026-09-21,2026-10-21,30.0,30 days,Calculated 30-day,2.0,2,"Sep 2026, Oct 2026",Sep 2026 (bal 3.0) · Oct 2026 (bal 20.0),0.0,17.0,20,20.0,3.0,17.0,3.0,23.0,"shows 20 min, should be 3 (overstated by 17 — 17 earlier-month min not carried forward)","🚩 Balance not carried forward — shows 20, should be 3 (overstated +17)",OK - CALCULATED
18890212,24335212959,Convo Now,live,Convo Now: Access Complimentary,22913732529,2026-09-27,2026-10-27,30.0,30 days,Calculated 30-day,2.0,2,"Sep 2026, Oct 2026",Sep 2026 (bal -4.0) · Oct 2026 (bal 6.0),0.0,38.0,20,6.0,0.0,6.0,0.0,2.0,"shows 6 min, should be 0 (overstated by 6 — 24 earlier-month min not carried forward)","🚩 Balance not carried forward — shows 6, should be 0 (overstated +6)",OK - CALCULATED
85100001,24335212966,Convo Now,live,Convo Now: Access Complimentary,22916574345,2026-09-21,2026-10-21,30.0,30 days,Calculated 30-day,2.0,2,"Sep 2026, Oct 2026",Sep 2026 (bal 16.0) · Oct 2026 (bal 20.0),0.0,4.0,20,20.0,16.0,4.0,16.0,36.0,"shows 20 min, should be 16 (overstated by 4 — 4 earlier-month min not carried forward)","🚩 Balance not carried forward — shows 20, should be 16 (overstated +4)",OK - CALCULATED
53596663,24335213063,Convo Now,live,Convo Now: Access Complimentary,22916740193,2026-09-21,2026-10-21,30.0,30 days,Calculated 30-day,2.0,2,"Sep 2026, Oct 2026",Sep 2026 (bal -21.0) · Oct 2026 (bal 20.0),0.0,41.0,20,20.0,0.0,20.0,0.0,-1.0,"shows 20 min, should be 0 (overstated by 20 — 41 earlier-month min not carried forward)","🚩 Balance not carried forward — shows 20, should be 0 (overstated +20)",OK - CALCULATED
28830511,24335213076,Convo Now,live,Convo Now: Access Complimentary,22911371402,2026-09-22,2026-10-22,30.0,30 days,Calculated 30-day,2.0,2,"Sep 2026, Oct 2026",Sep 2026 (bal 12.0) · Oct 2026 (bal 20.0),0.0,8.0,20,20.0,12.0,8.0,12.0,32.0,"shows 20 min, should be 12 (overstated by 8 — 8 earlier-month min not carried forward)","🚩 Balance not carried forward — shows 20, should be 12 (overstated +8)",OK - CALCULATED
98893300,24335213143,Convo Now,live,Convo Now: Access Complimentary,22906071659,2026-09-29,2026-10-29,30.0,30 days,Calculated 30-day,2.0,2,"Sep 2026, Oct 2026",Sep 2026 (bal -13.0) · Oct 2026 (bal 20.0),0.0,33.0,20,20.0,0.0,20.0,0.0,7.0,"shows 20 min, should be 0 (overstated by 20 — 33 earlier-month min not carried forward)","🚩 Balance not carried forward — shows 20, should be 0 (overstated +20)",OK - CALCULATED
10704307,24335213146,Convo Now,live,Convo Now: Access Complimentary,22916619554,2026-09-21,2026-10-21,30.0,30 days,Calculated 30-day,2.0,2,"Sep 2026, Oct 2026",Sep 2026 (bal -48.0) · Oct 2026 (bal 20.0),0.0,68.0,20,20.0,0.0,20.0,0.0,-28.0,"shows 20 min, should be 0 (overstated by 20 — 68 earlier-month min not carried forward)","🚩 Balance not carried forward — shows 20, should be 0 (overstated +20)",OK - CALCULATED
30181265,24335213166,Convo Now,live,Convo Now: Access Complimentary,22906442568,2026-09-08,2026-10-08,30.0,30 days,Calculated 30-day,2.0,2,"Sep 2026, Oct 2026",Sep 2026 (bal 15.0) · Oct 2026 (bal 20.0),0.0,5.0,20,20.0,15.0,5.0,15.0,35.0,"shows 20 min, should be 15 (overstated by 5 — 5 earlier-month min not carried forward)","🚩 Balance not carried forward — shows 20, should be 15 (overstated +5)",OK - CALCULATED
57510912,24335213338,Convo Now,live,Convo Now: Access Complimentary,22917207566,2026-09-21,2026-10-21,30.0,30 days,Calculated 30-day,2.0,2,"Sep 2026, Oct 2026",Sep 2026 (bal -6.0) · Oct 2026 (bal 20.0),0.0,26.0,20,20.0,0.0,20.0,0.0,14.0,"shows 20 min, should be 0 (overstated by 20 — 26 earlier-month min not carried forward)","🚩 Balance not carried forward — shows 20, should be 0 (overstated +20)",OK - CALCULATED
17913210,24335213494,Convo Now,live,Convo Now: Access Complimentary,22917218311,2026-09-21,2026-10-21,30.0,30 days,Calculated 30-day,2.0,2,"Sep 2026, Oct 2026",Sep 2026 (bal 12.0) · Oct 2026 (bal 20.0),0.0,8.0,20,20.0,12.0,8.0,12.0,32.0,"shows 20 min, should be 12 (overstated by 8 — 8 earlier-month min not carried forward)","🚩 Balance not carried forward — shows 20, should be 12 (overstated +8)",OK - CALCULATED
37707195,24335213944,Convo Now,live,Convo Now: Access Complimentary,22906541186,2026-09-27,2026-10-27,30.0,30 days,Calculated 30-day,2.0,2,"Sep 2026, Oct 2026",Sep 2026 (bal 1.0) · Oct 2026 (bal 20.0),0.0,19.0,20,20.0,1.0,19.0,1.0,21.0,"shows 20 min, should be 1 (overstated by 19 — 19 earlier-month min not carried forward)","🚩 Balance not carried forward — shows 20, should be 1 (overstated +19)",OK - CALCULATED
57778859,24335233347,Convo Now,live,Convo Now: Access Complimentary,22916574359,2026-09-21,2026-10-21,30.0,30 days,Calculated 30-day,2.0,2,"Sep 2026, Oct 2026",Sep 2026 (bal -2.0) · Oct 2026 (bal 20.0),0.0,22.0,20,20.0,0.0,20.0,0.0,18.0,"shows 20 min, should be 0 (overstated by 20 — 22 earlier-month min not carried forward)","🚩 Balance not carried forward — shows 20, should be 0 (overstated +20)",OK - CALCULATED
56652986,24335233369,Convo Now,live,Convo Now: Access Complimentary,22910085558,2026-09-28,2026-10-28,30.0,30 days,Calculated 30-day,2.0,2,"Sep 2026, Oct 2026",Sep 2026 (bal 3.0) · Oct 2026 (bal 20.0),0.0,17.0,20,20.0,3.0,17.0,3.0,23.0,"shows 20 min, should be 3 (overstated by 17 — 17 earlier-month min not carried forward)","🚩 Balance not carried forward — shows 20, should be 3 (overstated +17)",OK - CALCULATED
60505830,24335233887,Convo Now,live,Convo Now: Access Complimentary,22917219147,2026-09-21,2026-10-21,30.0,30 days,Calculated 30-day,2.0,2,"Sep 2026, Oct 2026",Sep 2026 (bal -19.0) · Oct 2026 (bal 20.0),0.0,39.0,20,20.0,0.0,20.0,0.0,1.0,"shows 20 min, should be 0 (overstated by 20 — 39 earlier-month min not carried forward)","🚩 Balance not carried forward — shows 20, should be 0 (overstated +20)",OK - CALCULATED
61067096,24335233919,Convo Now,live,Convo Now: Access Complimentary,22916554125,2026-09-29,2026-10-29,30.0,30 days,Calculated 30-day,2.0,2,"Sep 2026, Oct 2026",Sep 2026 (bal 17.0) · Oct 2026 (bal 20.0),0.0,3.0,20,20.0,17.0,3.0,17.0,37.0,"shows 20 min, should be 17 (overstated by 3 — 3 earlier-month min not carried forward)","🚩 Balance not carried forward — shows 20, should be 17 (overstated +3)",OK - CALCULATED
54098386,24335234307,Convo Now,live,Convo Now: Access Complimentary,22908068743,2026-09-14,2026-10-14,30.0,30 days,Calculated 30-day,2.0,2,"Sep 2026, Oct 2026",Sep 2026 (bal -8.0) · Oct 2026 (bal 20.0),0.0,28.0,20,20.0,0.0,20.0,0.0,12.0,"shows 20 min, should be 0 (overstated by 20 — 28 earlier-month min not carried forward)","🚩 Balance not carried forward — shows 20, should be 0 (overstated +20)",OK - CALCULATED
83046116,24335234315,Convo Now,live,Convo Now: Access Complimentary,22916489070,2026-09-21,2026-10-21,30.0,30 days,Calculated 30-day,2.0,2,"Sep 2026, Oct 2026",Sep 2026 (bal 10.0) · Oct 2026 (bal 20.0),0.0,10.0,20,20.0,10.0,10.0,10.0,30.0,"shows 20 min, should be 10 (overstated by 10 — 10 earlier-month min not carried forward)","🚩 Balance not carried forward — shows 20, should be 10 (overstated +10)",OK - CALCULATED
78954474,24335234344,Convo Now,live,Convo Now: Access Complimentary,22906945928,2026-09-21,2026-10-21,30.0,30 days,Calculated 30-day,2.0,2,"Sep 2026, Oct 2026",Sep 2026 (bal -5.0) · Oct 2026 (bal 20.0),0.0,25.0,20,20.0,0.0,20.0,0.0,15.0,"shows 20 min, should be 0 (overstated by 20 — 25 earlier-month min not carried forward)","🚩 Balance not carried forward — shows 20, should be 0 (overstated +20)",OK - CALCULATED
41877323,24335234439,Convo Now,live,Convo Now: Access Complimentary,22914535778,2026-09-21,2026-10-21,30.0,30 days,Calculated 30-day,2.0,2,"Sep 2026, Oct 2026",Sep 2026 (bal 10.0) · Oct 2026 (bal 20.0),0.0,10.0,20,20.0,10.0,10.0,10.0,30.0,"shows 20 min, should be 10 (overstated by 10 — 10 earlier-month min not carried forward)","🚩 Balance not carried forward — shows 20, should be 10 (overstated +10)",OK - CALCULATED
28559390,24335679628,Convo Now,live,Convo Now: Access Complimentary,22913888369,2026-09-23,2026-10-23,30.0,30 days,Calculated 30-day,2.0,2,"Sep 2026, Oct 2026",Sep 2026 (bal 18.0) · Oct 2026 (bal 20.0),0.0,2.0,20,20.0,18.0,2.0,18.0,38.0,"shows 20 min, should be 18 (overstated by 2 — 2 earlier-month min not carried forward)","🚩 Balance not carried forward — shows 20, should be 18 (overstated +2)",OK - CALCULATED
86715288,24335841146,Convo Now,live,Convo Now: Access Complimentary,22904357746,2026-09-27,2026-10-27,30.0,30 days,Calculated 30-day,2.0,2,"Sep 2026, Oct 2026",Sep 2026 (bal -21.0) · Oct 2026 (bal 20.0),0.0,41.0,20,20.0,0.0,20.0,0.0,-1.0,"shows 20 min, should be 0 (overstated by 20 — 41 earlier-month min not carried forward)","🚩 Balance not carried forward — shows 20, should be 0 (overstated +20)",OK - CALCULATED
59896398,24335841150,Convo Now,live,Convo Now: Access Complimentary,22913388174,2026-09-07,2026-10-07,30.0,30 days,Calculated 30-day,2.0,2,"Sep 2026, Oct 2026",Sep 2026 (bal 18.0) · Oct 2026 (bal 20.0),0.0,2.0,20,20.0,18.0,2.0,18.0,38.0,"shows 20 min, should be 18 (overstated by 2 — 2 earlier-month min not carried forward)","🚩 Balance not carried forward — shows 20, should be 18 (overstated +2)",OK - CALCULATED
99856928,24335842323,Convo Now,live,Convo Now: Access Complimentary,22910085657,2026-09-27,2026-10-27,30.0,30 days,Calculated 30-day,2.0,2,"Sep 2026, Oct 2026",Sep 2026 (bal 0.0) · Oct 2026 (bal 15.0),0.0,25.0,20,15.0,0.0,15.0,0.0,15.0,"shows 15 min, should be 0 (overstated by 15 — 20 earlier-month min not carried forward)","🚩 Balance not carried forward — shows 15, should be 0 (overstated +15)",OK - CALCULATED
24607619,24335843366,Convo Now,live,Convo Now: Access Complimentary,24351664132,2026-09-13,2026-10-13,30.0,30 days,Calculated 30-day,2.0,2,"Sep 2026, Oct 2026",Sep 2026 (bal 11.0) · Oct 2026 (bal 17.0),0.0,12.0,20,17.0,8.0,9.0,8.0,28.0,"shows 17 min, should be 8 (overstated by 9 — 9 earlier-month min not carried forward)","🚩 Balance not carried forward — shows 17, should be 8 (overstated +9)",OK - CALCULATED
39671087,24335843677,Convo Now,live,Convo Now: Access Complimentary,22908055899,2026-09-28,2026-10-28,30.0,30 days,Calculated 30-day,2.0,2,"Sep 2026, Oct 2026",Sep 2026 (bal -20.0) · Oct 2026 (bal 3.0),0.0,57.0,20,3.0,0.0,3.0,0.0,-17.0,"shows 3 min, should be 0 (overstated by 3 — 40 earlier-month min not carried forward)","🚩 Balance not carried forward — shows 3, should be 0 (overstated +3)",OK - CALCULATED
77506751,24335844134,Convo Now,live,Convo Now: Access Complimentary,22917219110,2026-09-21,2026-10-21,30.0,30 days,Calculated 30-day,2.0,2,"Sep 2026, Oct 2026",Sep 2026 (bal 16.0) · Oct 2026 (bal 20.0),0.0,4.0,20,20.0,16.0,4.0,16.0,36.0,"shows 20 min, should be 16 (overstated by 4 — 4 earlier-month min not carried forward)","🚩 Balance not carried forward — shows 20, should be 16 (overstated +4)",OK - CALCULATED
95577607,24335865360,Convo Now,live,Convo Now: Access Complimentary,22917275934,2026-09-21,2026-10-21,30.0,30 days,Calculated 30-day,2.0,2,"Sep 2026, Oct 2026",Sep 2026 (bal 15.0) · Oct 2026 (bal 20.0),0.0,5.0,20,20.0,15.0,5.0,15.0,35.0,"shows 20 min, should be 15 (overstated by 5 — 5 earlier-month min not carried forward)","🚩 Balance not carried forward — shows 20, should be 15 (overstated +5)",OK - CALCULATED
60162921,24335865371,Convo Now,live,Convo Now: Access Complimentary,22919072542,2026-09-21,2026-10-21,30.0,30 days,Calculated 30-day,2.0,2,"Sep 2026, Oct 2026",Sep 2026 (bal 17.0) · Oct 2026 (bal 5.0),0.0,18.0,20,5.0,2.0,3.0,2.0,22.0,"shows 5 min, should be 2 (overstated by 3 — 3 earlier-month min not carried forward)","🚩 Balance not carried forward — shows 5, should be 2 (overstated +3)",OK - CALCULATED
99004299,24335865496,Convo Now,live,Convo Now: Access Complimentary,24340631460,2026-09-13,2026-10-13,30.0,30 days,Calculated 30-day,2.0,2,"Sep 2026, Oct 2026",Sep 2026 (bal 12.0) · Oct 2026 (bal 20.0),0.0,8.0,20,20.0,12.0,8.0,12.0,32.0,"shows 20 min, should be 12 (overstated by 8 — 8 earlier-month min not carried forward)","🚩 Balance not carried forward — shows 20, should be 12 (overstated +8)",OK - CALCULATED
79887539,24335986330,Convo Now,live,Convo Now: Access Complimentary,22913388145,2026-09-07,2026-10-07,30.0,30 days,Calculated 30-day,2.0,2,"Sep 2026, Oct 2026",Sep 2026 (bal 15.0) · Oct 2026 (bal 20.0),0.0,5.0,20,20.0,15.0,5.0,15.0,35.0,"shows 20 min, should be 15 (overstated by 5 — 5 earlier-month min not carried forward)","🚩 Balance not carried forward — shows 20, should be 15 (overstated +5)",OK - CALCULATED
51329930,24335987355,Convo Now,live,Convo Now: Access Complimentary,22908317324,2026-09-16,2026-10-16,30.0,30 days,Calculated 30-day,2.0,2,"Sep 2026, Oct 2026",Sep 2026 (bal 18.0) · Oct 2026 (bal 20.0),0.0,2.0,20,20.0,18.0,2.0,18.0,38.0,"shows 20 min, should be 18 (overstated by 2 — 2 earlier-month min not carried forward)","🚩 Balance not carried forward — shows 20, should be 18 (overstated +2)",OK - CALCULATED
90380174,24335987997,Convo Now,live,Convo Now: Access Complimentary,22913941562,2026-09-24,2026-10-24,30.0,30 days,Calculated 30-day,2.0,2,"Sep 2026, Oct 2026",Sep 2026 (bal 16.0) · Oct 2026 (bal 20.0),0.0,4.0,20,20.0,16.0,4.0,16.0,36.0,"shows 20 min, should be 16 (overstated by 4 — 4 earlier-month min not carried forward)","🚩 Balance not carried forward — shows 20, should be 16 (overstated +4)",OK - CALCULATED
78251027,24335988049,Convo Now,live,Convo Now: Access Complimentary,22914402376,2026-09-14,2026-10-14,30.0,30 days,Calculated 30-day,2.0,2,"Sep 2026, Oct 2026",Sep 2026 (bal 18.0) · Oct 2026 (bal 20.0),0.0,2.0,20,20.0,18.0,2.0,18.0,38.0,"shows 20 min, should be 18 (overstated by 2 — 2 earlier-month min not carried forward)","🚩 Balance not carried forward — shows 20, should be 18 (overstated +2)",OK - CALCULATED
81275304,24335988079,Convo Now,live,Convo Now: Access Complimentary,22917141569,2026-09-21,2026-10-21,30.0,30 days,Calculated 30-day,2.0,2,"Sep 2026, Oct 2026",Sep 2026 (bal 2.0) · Oct 2026 (bal 20.0),0.0,18.0,20,20.0,2.0,18.0,2.0,22.0,"shows 20 min, should be 2 (overstated by 18 — 18 earlier-month min not carried forward)","🚩 Balance not carried forward — shows 20, should be 2 (overstated +18)",OK - CALCULATED
72673169,24335988294,Convo Now,live,Convo Now: Access Complimentary,22917723471,2026-09-19,2026-10-19,30.0,30 days,Calculated 30-day,2.0,2,"Sep 2026, Oct 2026",Sep 2026 (bal -25.0) · Oct 2026 (bal 20.0),0.0,45.0,20,20.0,0.0,20.0,0.0,-5.0,"shows 20 min, should be 0 (overstated by 20 — 45 earlier-month min not carried forward)","🚩 Balance not carried forward — shows 20, should be 0 (overstated +20)",OK - CALCULATED
32350876,24335988316,Convo Now,live,Convo Now: Access Complimentary,22906945902,2026-09-21,2026-10-21,30.0,30 days,Calculated 30-day,2.0,2,"Sep 2026, Oct 2026",Sep 2026 (bal -20.0) · Oct 2026 (bal 20.0),0.0,40.0,20,20.0,0.0,20.0,0.0,0.0,"shows 20 min, should be 0 (overstated by 20 — 40 earlier-month min not carried forward)","🚩 Balance not carried forward — shows 20, should be 0 (overstated +20)",OK - CALCULATED
10868235,24335988385,Convo Now,live,Convo Now: Access Complimentary,22906945906,2026-09-21,2026-10-21,30.0,30 days,Calculated 30-day,2.0,2,"Sep 2026, Oct 2026",Sep 2026 (bal -53.0) · Oct 2026 (bal 20.0),0.0,73.0,20,20.0,0.0,20.0,0.0,-33.0,"shows 20 min, should be 0 (overstated by 20 — 73 earlier-month min not carried forward)","🚩 Balance not carried forward — shows 20, should be 0 (overstated +20)",OK - CALCULATED
76509119,24335988517,Convo Now,live,Convo Now: Access Complimentary,22908074033,2026-09-24,2026-10-24,30.0,30 days,Calculated 30-day,2.0,2,"Sep 2026, Oct 2026",Sep 2026 (bal 15.0) · Oct 2026 (bal 20.0),0.0,5.0,20,20.0,15.0,5.0,15.0,35.0,"shows 20 min, should be 15 (overstated by 5 — 5 earlier-month min not carried forward)","🚩 Balance not carried forward — shows 20, should be 15 (overstated +5)",OK - CALCULATED
71149297,24335988767,Convo Now,live,Convo Now: Access Complimentary,22874912123,2026-09-07,2026-10-07,30.0,30 days,Calculated 30-day,2.0,2,"Sep 2026, Oct 2026",Sep 2026 (bal 6.0) · Oct 2026 (bal 20.0),0.0,14.0,20,20.0,6.0,14.0,6.0,26.0,"shows 20 min, should be 6 (overstated by 14 — 14 earlier-month min not carried forward)","🚩 Balance not carried forward — shows 20, should be 6 (overstated +14)",OK - CALCULATED
16937832,24335988839,Convo Now,live,Convo Now: Access Complimentary,22910085545,2026-09-28,2026-10-28,30.0,30 days,Calculated 30-day,2.0,2,"Sep 2026, Oct 2026",Sep 2026 (bal 18.0) · Oct 2026 (bal 20.0),0.0,2.0,20,20.0,18.0,2.0,18.0,38.0,"shows 20 min, should be 18 (overstated by 2 — 2 earlier-month min not carried forward)","🚩 Balance not carried forward — shows 20, should be 18 (overstated +2)",OK - CALCULATED
31805766,24335988885,Convo Now,live,Convo Now: Access Complimentary,22917219180,2026-09-21,2026-10-21,30.0,30 days,Calculated 30-day,2.0,2,"Sep 2026, Oct 2026",Sep 2026 (bal 3.0) · Oct 2026 (bal 20.0),0.0,17.0,20,20.0,3.0,17.0,3.0,23.0,"shows 20 min, should be 3 (overstated by 17 — 17 earlier-month min not carried forward)","🚩 Balance not carried forward — shows 20, should be 3 (overstated +17)",OK - CALCULATED
68029321,24335988890,Convo Now,live,Convo Now: Access Complimentary,22917207604,2026-09-21,2026-10-21,30.0,30 days,Calculated 30-day,2.0,2,"Sep 2026, Oct 2026",Sep 2026 (bal -17.0) · Oct 2026 (bal 20.0),0.0,37.0,20,20.0,0.0,20.0,0.0,3.0,"shows 20 min, should be 0 (overstated by 20 — 37 earlier-month min not carried forward)","🚩 Balance not carried forward — shows 20, should be 0 (overstated +20)",OK - CALCULATED
39524338,24337009835,Convo Now,live,Convo Now: Access Complimentary,22910133433,2026-09-25,2026-10-25,30.0,30 days,Calculated 30-day,2.0,2,"Sep 2026, Oct 2026",Sep 2026 (bal 18.0) · Oct 2026 (bal 16.0),0.0,6.0,20,16.0,14.0,2.0,14.0,34.0,"shows 16 min, should be 14 (overstated by 2 — 2 earlier-month min not carried forward)","🚩 Balance not carried forward — shows 16, should be 14 (overstated +2)",OK - CALCULATED
24765886,24337010081,Convo Now,live,Convo Now: Access Complimentary,22916871591,2026-09-21,2026-10-21,30.0,30 days,Calculated 30-day,2.0,2,"Sep 2026, Oct 2026",Sep 2026 (bal 15.0) · Oct 2026 (bal 11.0),0.0,14.0,20,11.0,6.0,5.0,6.0,26.0,"shows 11 min, should be 6 (overstated by 5 — 5 earlier-month min not carried forward)","🚩 Balance not carried forward — shows 11, should be 6 (overstated +5)",OK - CALCULATED
55944483,24337011366,Convo Now,live,Convo Now: Access Complimentary,22906532445,2026-09-17,2026-10-17,30.0,30 days,Calculated 30-day,2.0,2,"Sep 2026, Oct 2026",Sep 2026 (bal 16.0) · Oct 2026 (bal 20.0),0.0,4.0,20,20.0,16.0,4.0,16.0,36.0,"shows 20 min, should be 16 (overstated by 4 — 4 earlier-month min not carried forward)","🚩 Balance not carried forward — shows 20, should be 16 (overstated +4)",OK - CALCULATED
18976375,24337032100,Convo Now,live,Convo Now: Access Complimentary,22918835119,2026-09-21,2026-10-21,30.0,30 days,Calculated 30-day,2.0,2,"Sep 2026, Oct 2026",Sep 2026 (bal 15.0) · Oct 2026 (bal 20.0),0.0,5.0,20,20.0,15.0,5.0,15.0,35.0,"shows 20 min, should be 15 (overstated by 5 — 5 earlier-month min not carried forward)","🚩 Balance not carried forward — shows 20, should be 15 (overstated +5)",OK - CALCULATED
35736510,24337032293,Convo Now,live,Convo Now: Access Complimentary,22908074041,2026-09-17,2026-10-17,30.0,30 days,Calculated 30-day,2.0,2,"Sep 2026, Oct 2026",Sep 2026 (bal -28.0) · Oct 2026 (bal 20.0),0.0,48.0,20,20.0,0.0,20.0,0.0,-8.0,"shows 20 min, should be 0 (overstated by 20 — 48 earlier-month min not carried forward)","🚩 Balance not carried forward — shows 20, should be 0 (overstated +20)",OK - CALCULATED
75046643,24337032300,Convo Now,live,Convo Now: Access Complimentary,24046079350,2026-09-07,2026-10-07,30.0,30 days,Calculated 30-day,2.0,2,"Sep 2026, Oct 2026",Sep 2026 (bal 13.0) · Oct 2026 (bal 20.0),0.0,7.0,20,20.0,13.0,7.0,13.0,33.0,"shows 20 min, should be 13 (overstated by 7 — 7 earlier-month min not carried forward)","🚩 Balance not carried forward — shows 20, should be 13 (overstated +7)",OK - CALCULATED
34172573,24337161242,Convo Now,live,Convo Now: Access Complimentary,22916524570,2026-09-30,2026-10-30,30.0,30 days,Calculated 30-day,2.0,2,"Sep 2026, Oct 2026",Sep 2026 (bal -3.0) · Oct 2026 (bal 20.0),0.0,23.0,20,20.0,0.0,20.0,0.0,17.0,"shows 20 min, should be 0 (overstated by 20 — 23 earlier-month min not carried forward)","🚩 Balance not carried forward — shows 20, should be 0 (overstated +20)",OK - CALCULATED
89061167,24337161247,Convo Now,live,Convo Now: Access Complimentary,22917230742,2026-09-24,2026-10-24,30.0,30 days,Calculated 30-day,2.0,2,"Sep 2026, Oct 2026",Sep 2026 (bal 3.0) · Oct 2026 (bal 20.0),0.0,17.0,20,20.0,3.0,17.0,3.0,23.0,"shows 20 min, should be 3 (overstated by 17 — 17 earlier-month min not carried forward)","🚩 Balance not carried forward — shows 20, should be 3 (overstated +17)",OK - CALCULATED
17175299,24337161248,Convo Now,live,Convo Now: Access Complimentary,22911371531,2026-09-22,2026-10-22,30.0,30 days,Calculated 30-day,2.0,2,"Sep 2026, Oct 2026",Sep 2026 (bal 9.0) · Oct 2026 (bal 20.0),0.0,11.0,20,20.0,9.0,11.0,9.0,29.0,"shows 20 min, should be 9 (overstated by 11 — 11 earlier-month min not carried forward)","🚩 Balance not carried forward — shows 20, should be 9 (overstated +11)",OK - CALCULATED
42219010,24337162157,Convo Now,live,Convo Now: Access Complimentary,22917230765,2026-09-24,2026-10-24,30.0,30 days,Calculated 30-day,2.0,2,"Sep 2026, Oct 2026",Sep 2026 (bal 12.0) · Oct 2026 (bal 20.0),0.0,8.0,20,20.0,12.0,8.0,12.0,32.0,"shows 20 min, should be 12 (overstated by 8 — 8 earlier-month min not carried forward)","🚩 Balance not carried forward — shows 20, should be 12 (overstated +8)",OK - CALCULATED
45790070,24337162769,Convo Now,live,Convo Now: Access Complimentary,22919072537,2026-09-21,2026-10-21,30.0,30 days,Calculated 30-day,2.0,2,"Sep 2026, Oct 2026",Sep 2026 (bal 13.0) · Oct 2026 (bal 20.0),0.0,7.0,20,20.0,13.0,7.0,13.0,33.0,"shows 20 min, should be 13 (overstated by 7 — 7 earlier-month min not carried forward)","🚩 Balance not carried forward — shows 20, should be 13 (overstated +7)",OK - CALCULATED
32906186,24337162865,Convo Now,live,Convo Now: Access Complimentary,22916554163,2026-09-26,2026-10-26,30.0,30 days,Calculated 30-day,2.0,2,"Sep 2026, Oct 2026",Sep 2026 (bal -12.0) · Oct 2026 (bal 20.0),0.0,32.0,20,20.0,0.0,20.0,0.0,8.0,"shows 20 min, should be 0 (overstated by 20 — 32 earlier-month min not carried forward)","🚩 Balance not carried forward — shows 20, should be 0 (overstated +20)",OK - CALCULATED
25871162,24337162866,Convo Now,live,Convo Now: Access Complimentary,22912725890,2026-09-19,2026-10-19,30.0,30 days,Calculated 30-day,2.0,2,"Sep 2026, Oct 2026",Sep 2026 (bal -12.0) · Oct 2026 (bal 20.0),0.0,32.0,20,20.0,0.0,20.0,0.0,8.0,"shows 20 min, should be 0 (overstated by 20 — 32 earlier-month min not carried forward)","🚩 Balance not carried forward — shows 20, should be 0 (overstated +20)",OK - CALCULATED
94769487,24337163142,Convo Now,live,Convo Now: Access Complimentary,22917929356,2026-09-21,2026-10-21,30.0,30 days,Calculated 30-day,2.0,2,"Sep 2026, Oct 2026",Sep 2026 (bal 3.0) · Oct 2026 (bal 17.0),0.0,20.0,20,17.0,0.0,17.0,0.0,20.0,"shows 17 min, should be 0 (overstated by 17 — 17 earlier-month min not carried forward)","🚩 Balance not carried forward — shows 17, should be 0 (overstated +17)",OK - CALCULATED
10810428,24337183362,Convo Now,live,Convo Now: Access Complimentary,22917290504,2026-09-21,2026-10-21,30.0,30 days,Calculated 30-day,2.0,2,"Sep 2026, Oct 2026",Sep 2026 (bal 8.0) · Oct 2026 (bal 15.0),0.0,17.0,20,15.0,3.0,12.0,3.0,23.0,"shows 15 min, should be 3 (overstated by 12 — 12 earlier-month min not carried forward)","🚩 Balance not carried forward — shows 15, should be 3 (overstated +12)",OK - CALCULATED
71598574,24337183376,Convo Now,live,Convo Now: Access Complimentary,22917723393,2026-09-19,2026-10-19,30.0,30 days,Calculated 30-day,2.0,2,"Sep 2026, Oct 2026",Sep 2026 (bal 15.0) · Oct 2026 (bal 20.0),0.0,5.0,20,20.0,15.0,5.0,15.0,35.0,"shows 20 min, should be 15 (overstated by 5 — 5 earlier-month min not carried forward)","🚩 Balance not carried forward — shows 20, should be 15 (overstated +5)",OK - CALCULATED
46327849,24337313309,Convo Now,live,Convo Now: Access Complimentary,22913888287,2026-09-21,2026-10-21,30.0,30 days,Calculated 30-day,2.0,2,"Sep 2026, Oct 2026",Sep 2026 (bal 15.0) · Oct 2026 (bal 20.0),0.0,5.0,20,20.0,15.0,5.0,15.0,35.0,"shows 20 min, should be 15 (overstated by 5 — 5 earlier-month min not carried forward)","🚩 Balance not carried forward — shows 20, should be 15 (overstated +5)",OK - CALCULATED
19706779,24337313391,Convo Now,live,Convo Now: Access Complimentary,22912521476,2026-09-23,2026-10-23,30.0,30 days,Calculated 30-day,2.0,2,"Sep 2026, Oct 2026",Sep 2026 (bal 15.0) · Oct 2026 (bal 20.0),0.0,5.0,20,20.0,15.0,5.0,15.0,35.0,"shows 20 min, should be 15 (overstated by 5 — 5 earlier-month min not carried forward)","🚩 Balance not carried forward — shows 20, should be 15 (overstated +5)",OK - CALCULATED
95023582,24337313397,Convo Now,live,Convo Now: Access Complimentary,22908055928,2026-09-29,2026-10-29,30.0,30 days,Calculated 30-day,2.0,2,"Sep 2026, Oct 2026",Sep 2026 (bal 14.0) · Oct 2026 (bal 8.0),0.0,18.0,20,8.0,2.0,6.0,2.0,22.0,"shows 8 min, should be 2 (overstated by 6 — 6 earlier-month min not carried forward)","🚩 Balance not carried forward — shows 8, should be 2 (overstated +6)",OK - CALCULATED
59380644,24337313536,Convo Now,live,Convo Now: Access Complimentary,22913888282,2026-09-23,2026-10-23,30.0,30 days,Calculated 30-day,2.0,2,"Sep 2026, Oct 2026",Sep 2026 (bal 14.0) · Oct 2026 (bal 20.0),0.0,6.0,20,20.0,14.0,6.0,14.0,34.0,"shows 20 min, should be 14 (overstated by 6 — 6 earlier-month min not carried forward)","🚩 Balance not carried forward — shows 20, should be 14 (overstated +6)",OK - CALCULATED
71268876,24337332051,Convo Now,live,Convo Now: Access Complimentary,22908295190,2026-09-08,2026-10-08,30.0,30 days,Calculated 30-day,2.0,2,"Sep 2026, Oct 2026",Sep 2026 (bal 14.0) · Oct 2026 (bal 20.0),0.0,6.0,20,20.0,14.0,6.0,14.0,34.0,"shows 20 min, should be 14 (overstated by 6 — 6 earlier-month min not carried forward)","🚩 Balance not carried forward — shows 20, should be 14 (overstated +6)",OK - CALCULATED
54995734,24337474727,Convo Now,live,Convo Now: Access Complimentary,22906442562,2026-09-09,2026-10-09,30.0,30 days,Calculated 30-day,2.0,2,"Sep 2026, Oct 2026",Sep 2026 (bal 14.0) · Oct 2026 (bal 20.0),0.0,6.0,20,20.0,14.0,6.0,14.0,34.0,"shows 20 min, should be 14 (overstated by 6 — 6 earlier-month min not carried forward)","🚩 Balance not carried forward — shows 20, should be 14 (overstated +6)",OK - CALCULATED
99074866,24337474738,Convo Now,live,Convo Now: Access Complimentary,22911371429,2026-09-21,2026-10-21,30.0,30 days,Calculated 30-day,2.0,2,"Sep 2026, Oct 2026",Sep 2026 (bal 11.0) · Oct 2026 (bal 20.0),0.0,9.0,20,20.0,11.0,9.0,11.0,31.0,"shows 20 min, should be 11 (overstated by 9 — 9 earlier-month min not carried forward)","🚩 Balance not carried forward — shows 20, should be 11 (overstated +9)",OK - CALCULATED
26130047,24337475629,Convo Now,live,Convo Now: Access Complimentary,22916740210,2026-09-21,2026-10-21,30.0,30 days,Calculated 30-day,2.0,2,"Sep 2026, Oct 2026",Sep 2026 (bal 17.0) · Oct 2026 (bal 20.0),0.0,3.0,20,20.0,17.0,3.0,17.0,37.0,"shows 20 min, should be 17 (overstated by 3 — 3 earlier-month min not carried forward)","🚩 Balance not carried forward — shows 20, should be 17 (overstated +3)",OK - CALCULATED
85538117,24337475738,Convo Now,live,Convo Now: Access Complimentary,22917141544,2026-09-21,2026-10-21,30.0,30 days,Calculated 30-day,2.0,2,"Sep 2026, Oct 2026",Sep 2026 (bal 16.0) · Oct 2026 (bal 7.0),0.0,17.0,20,7.0,3.0,4.0,3.0,23.0,"shows 7 min, should be 3 (overstated by 4 — 4 earlier-month min not carried forward)","🚩 Balance not carried forward — shows 7, should be 3 (overstated +4)",OK - CALCULATED
25021698,24337475856,Convo Now,live,Convo Now: Access Complimentary,22917089884,2026-09-21,2026-10-21,30.0,30 days,Calculated 30-day,2.0,2,"Sep 2026, Oct 2026",Sep 2026 (bal -74.0) · Oct 2026 (bal 20.0),0.0,94.0,20,20.0,0.0,20.0,0.0,-54.0,"shows 20 min, should be 0 (overstated by 20 — 94 earlier-month min not carried forward)","🚩 Balance not carried forward — shows 20, should be 0 (overstated +20)",OK - CALCULATED
73906341,24337475925,Convo Now,live,Convo Now: Access Complimentary,22916554271,2026-09-25,2026-10-25,30.0,30 days,Calculated 30-day,2.0,2,"Sep 2026, Oct 2026",Sep 2026 (bal 4.0) · Oct 2026 (bal 20.0),0.0,16.0,20,20.0,4.0,16.0,4.0,24.0,"shows 20 min, should be 4 (overstated by 16 — 16 earlier-month min not carried forward)","🚩 Balance not carried forward — shows 20, should be 4 (overstated +16)",OK - CALCULATED
92786775,24337476503,Convo Now,live,Convo Now: Access Complimentary,22916574464,2026-09-21,2026-10-21,30.0,30 days,Calculated 30-day,2.0,2,"Sep 2026, Oct 2026",Sep 2026 (bal 2.0) · Oct 2026 (bal 20.0),0.0,18.0,20,20.0,2.0,18.0,2.0,22.0,"shows 20 min, should be 2 (overstated by 18 — 18 earlier-month min not carried forward)","🚩 Balance not carried forward — shows 20, should be 2 (overstated +18)",OK - CALCULATED
69158259,24337477157,Convo Now,live,Convo Now: Access Complimentary,22917207598,2026-09-21,2026-10-21,30.0,30 days,Calculated 30-day,2.0,2,"Sep 2026, Oct 2026",Sep 2026 (bal -8.0) · Oct 2026 (bal 20.0),0.0,28.0,20,20.0,0.0,20.0,0.0,12.0,"shows 20 min, should be 0 (overstated by 20 — 28 earlier-month min not carried forward)","🚩 Balance not carried forward — shows 20, should be 0 (overstated +20)",OK - CALCULATED
90571760,24337477201,Convo Now,live,Convo Now: Access Complimentary,22912725859,2026-09-19,2026-10-19,30.0,30 days,Calculated 30-day,2.0,2,"Sep 2026, Oct 2026",Sep 2026 (bal -14.0) · Oct 2026 (bal 20.0),0.0,34.0,20,20.0,0.0,20.0,0.0,6.0,"shows 20 min, should be 0 (overstated by 20 — 34 earlier-month min not carried forward)","🚩 Balance not carried forward — shows 20, should be 0 (overstated +20)",OK - CALCULATED
10521179,24337498452,Convo Now,live,Convo Now: Access Complimentary,22917218322,2026-07-23,2026-08-22,30.0,30 days,Calculated 30-day,2.0,2,"Jul 2026, Aug 2026",Jul 2026 (bal 19.0) · Aug 2026 (bal 20.0),0.0,1.0,20,20.0,19.0,1.0,19.0,39.0,"shows 20 min, should be 19 (overstated by 1 — 1 earlier-month min not carried forward)","🚩 Balance not carried forward — shows 20, should be 19 (overstated +1)",OK - CALCULATED
77544919,24337498487,Convo Now,live,Convo Now: Access Complimentary,22917275914,2026-09-21,2026-10-21,30.0,30 days,Calculated 30-day,2.0,2,"Sep 2026, Oct 2026",Sep 2026 (bal 12.0) · Oct 2026 (bal 20.0),0.0,8.0,20,20.0,12.0,8.0,12.0,32.0,"shows 20 min, should be 12 (overstated by 8 — 8 earlier-month min not carried forward)","🚩 Balance not carried forward — shows 20, should be 12 (overstated +8)",OK - CALCULATED
47590840,24337498667,Convo Now,live,Convo Now: Access Complimentary,22913732670,2026-09-27,2026-10-27,30.0,30 days,Calculated 30-day,2.0,2,"Sep 2026, Oct 2026",Sep 2026 (bal -20.0) · Oct 2026 (bal 20.0),0.0,40.0,20,20.0,0.0,20.0,0.0,0.0,"shows 20 min, should be 0 (overstated by 20 — 40 earlier-month min not carried forward)","🚩 Balance not carried forward — shows 20, should be 0 (overstated +20)",OK - CALCULATED
90087301,24337498675,Convo Now,live,Convo Now: Access Complimentary,23995847684,2026-09-06,2026-10-06,30.0,30 days,Calculated 30-day,2.0,2,"Sep 2026, Oct 2026",Sep 2026 (bal 7.0) · Oct 2026 (bal 20.0),0.0,13.0,20,20.0,7.0,13.0,7.0,27.0,"shows 20 min, should be 7 (overstated by 13 — 13 earlier-month min not carried forward)","🚩 Balance not carried forward — shows 20, should be 7 (overstated +13)",OK - CALCULATED
81399221,24337931658,Convo Now,live,Convo Now: Access Complimentary,22918835083,2026-09-21,2026-10-21,30.0,30 days,Calculated 30-day,2.0,2,"Sep 2026, Oct 2026",Sep 2026 (bal 15.0) · Oct 2026 (bal 20.0),0.0,5.0,20,20.0,15.0,5.0,15.0,35.0,"shows 20 min, should be 15 (overstated by 5 — 5 earlier-month min not carried forward)","🚩 Balance not carried forward — shows 20, should be 15 (overstated +5)",OK - CALCULATED
11178921,24337932823,Convo Now,live,Convo Now: Access Complimentary,22908295229,2026-09-08,2026-10-08,30.0,30 days,Calculated 30-day,2.0,2,"Sep 2026, Oct 2026",Sep 2026 (bal 1.0) · Oct 2026 (bal 20.0),0.0,19.0,20,20.0,1.0,19.0,1.0,21.0,"shows 20 min, should be 1 (overstated by 19 — 19 earlier-month min not carried forward)","🚩 Balance not carried forward — shows 20, should be 1 (overstated +19)",OK - CALCULATED
12652790,24337932945,Convo Now,live,Convo Now: Access Complimentary,22906640773,2026-09-30,2026-10-30,30.0,30 days,Calculated 30-day,2.0,2,"Sep 2026, Oct 2026",Sep 2026 (bal 5.0) · Oct 2026 (bal 20.0),0.0,15.0,20,20.0,5.0,15.0,5.0,25.0,"shows 20 min, should be 5 (overstated by 15 — 15 earlier-month min not carried forward)","🚩 Balance not carried forward — shows 20, should be 5 (overstated +15)",OK - CALCULATED
90289436,24337933215,Convo Now,live,Convo Now: Access Complimentary,22908464197,2026-09-21,2026-10-21,30.0,30 days,Calculated 30-day,2.0,2,"Sep 2026, Oct 2026",Sep 2026 (bal 7.0) · Oct 2026 (bal 20.0),0.0,13.0,20,20.0,7.0,13.0,7.0,27.0,"shows 20 min, should be 7 (overstated by 13 — 13 earlier-month min not carried forward)","🚩 Balance not carried forward — shows 20, should be 7 (overstated +13)",OK - CALCULATED
26705810,24337933479,Convo Now,live,Convo Now: Access Complimentary,22916619564,2026-09-21,2026-10-21,30.0,30 days,Calculated 30-day,2.0,2,"Sep 2026, Oct 2026",Sep 2026 (bal -87.0) · Oct 2026 (bal 20.0),0.0,107.0,20,20.0,0.0,20.0,0.0,-67.0,"shows 20 min, should be 0 (overstated by 20 — 107 earlier-month min not carried forward)","🚩 Balance not carried forward — shows 20, should be 0 (overstated +20)",OK - CALCULATED
73144839,24337933574,Convo Now,live,Convo Now: Access Complimentary,22906945892,2026-09-21,2026-10-21,30.0,30 days,Calculated 30-day,2.0,2,"Sep 2026, Oct 2026",Sep 2026 (bal 12.0) · Oct 2026 (bal 20.0),0.0,8.0,20,20.0,12.0,8.0,12.0,32.0,"shows 20 min, should be 12 (overstated by 8 — 8 earlier-month min not carried forward)","🚩 Balance not carried forward — shows 20, should be 12 (overstated +8)",OK - CALCULATED
35530410,24337933609,Convo Now,live,Convo Now: Access Complimentary,22918835120,2026-09-21,2026-10-21,30.0,30 days,Calculated 30-day,2.0,2,"Sep 2026, Oct 2026",Sep 2026 (bal -27.0) · Oct 2026 (bal 20.0),0.0,47.0,20,20.0,0.0,20.0,0.0,-7.0,"shows 20 min, should be 0 (overstated by 20 — 47 earlier-month min not carried forward)","🚩 Balance not carried forward — shows 20, should be 0 (overstated +20)",OK - CALCULATED
42172102,24337933712,Convo Now,live,Convo Now: Access Complimentary,22908317285,2026-09-13,2026-10-13,30.0,30 days,Calculated 30-day,2.0,2,"Sep 2026, Oct 2026",Sep 2026 (bal -4.0) · Oct 2026 (bal 20.0),0.0,24.0,20,20.0,0.0,20.0,0.0,16.0,"shows 20 min, should be 0 (overstated by 20 — 24 earlier-month min not carried forward)","🚩 Balance not carried forward — shows 20, should be 0 (overstated +20)",OK - CALCULATED
43641669,24337934223,Convo Now,live,Convo Now: Access Complimentary,22919072568,2026-09-21,2026-10-21,30.0,30 days,Calculated 30-day,2.0,2,"Sep 2026, Oct 2026",Sep 2026 (bal -34.0) · Oct 2026 (bal 20.0),0.0,54.0,20,20.0,0.0,20.0,0.0,-14.0,"shows 20 min, should be 0 (overstated by 20 — 54 earlier-month min not carried forward)","🚩 Balance not carried forward — shows 20, should be 0 (overstated +20)",OK - CALCULATED
42375587,24337952432,Convo Now,live,Convo Now: Access Complimentary,22917275953,2026-08-22,2026-09-21,30.0,30 days,Calculated 30-day,2.0,2,"Aug 2026, Sep 2026",Aug 2026 (bal -4.0) · Sep 2026 (bal 20.0),0.0,24.0,20,20.0,0.0,20.0,0.0,16.0,"shows 20 min, should be 0 (overstated by 20 — 24 earlier-month min not carried forward)","🚩 Balance not carried forward — shows 20, should be 0 (overstated +20)",OK - CALCULATED
91751435,24337952607,Convo Now,live,Convo Now: Access Complimentary,22917141588,2026-09-21,2026-10-21,30.0,30 days,Calculated 30-day,2.0,2,"Sep 2026, Oct 2026",Sep 2026 (bal 13.0) · Oct 2026 (bal 20.0),0.0,7.0,20,20.0,13.0,7.0,13.0,33.0,"shows 20 min, should be 13 (overstated by 7 — 7 earlier-month min not carried forward)","🚩 Balance not carried forward — shows 20, should be 13 (overstated +7)",OK - CALCULATED
29859489,24337953425,Convo Now,live,Convo Now: Access Complimentary,22917089873,2026-09-21,2026-10-21,30.0,30 days,Calculated 30-day,2.0,2,"Sep 2026, Oct 2026",Sep 2026 (bal -6.0) · Oct 2026 (bal 20.0),0.0,26.0,20,20.0,0.0,20.0,0.0,14.0,"shows 20 min, should be 0 (overstated by 20 — 26 earlier-month min not carried forward)","🚩 Balance not carried forward — shows 20, should be 0 (overstated +20)",OK - CALCULATED
40903585,24337953458,Convo Now,live,Convo Now: Access Complimentary,22906639169,2026-09-22,2026-10-22,30.0,30 days,Calculated 30-day,2.0,2,"Sep 2026, Oct 2026",Sep 2026 (bal 10.0) · Oct 2026 (bal 20.0),0.0,10.0,20,20.0,10.0,10.0,10.0,30.0,"shows 20 min, should be 10 (overstated by 10 — 10 earlier-month min not carried forward)","🚩 Balance not carried forward — shows 20, should be 10 (overstated +10)",OK - CALCULATED
89018084,24337953596,Convo Now,live,Convo Now: Access Complimentary,22906445451,2026-09-21,2026-10-21,30.0,30 days,Calculated 30-day,2.0,2,"Sep 2026, Oct 2026",Sep 2026 (bal -32.0) · Oct 2026 (bal 20.0),0.0,52.0,20,20.0,0.0,20.0,0.0,-12.0,"shows 20 min, should be 0 (overstated by 20 — 52 earlier-month min not carried forward)","🚩 Balance not carried forward — shows 20, should be 0 (overstated +20)",OK - CALCULATED
44513084,24337953597,Convo Now,live,Convo Now: Access Complimentary,22917230759,2026-09-24,2026-10-24,30.0,30 days,Calculated 30-day,2.0,2,"Sep 2026, Oct 2026",Sep 2026 (bal 16.0) · Oct 2026 (bal 20.0),0.0,4.0,20,20.0,16.0,4.0,16.0,36.0,"shows 20 min, should be 16 (overstated by 4 — 4 earlier-month min not carried forward)","🚩 Balance not carried forward — shows 20, should be 16 (overstated +4)",OK - CALCULATED
53448925,24337953608,Convo Now,live,Convo Now: Access Complimentary,22916513042,2026-09-13,2026-10-13,30.0,30 days,Calculated 30-day,2.0,2,"Sep 2026, Oct 2026",Sep 2026 (bal 10.0) · Oct 2026 (bal 10.0),0.0,20.0,20,10.0,0.0,10.0,0.0,20.0,"shows 10 min, should be 0 (overstated by 10 — 10 earlier-month min not carried forward)","🚩 Balance not carried forward — shows 10, should be 0 (overstated +10)",OK - CALCULATED
36251367,24338483782,Convo Now,live,Convo Now: Access Complimentary,22917084577,2026-09-13,2026-10-13,30.0,30 days,Calculated 30-day,2.0,2,"Sep 2026, Oct 2026",Sep 2026 (bal 7.0) · Oct 2026 (bal 18.0),0.0,15.0,20,18.0,5.0,13.0,5.0,25.0,"shows 18 min, should be 5 (overstated by 13 — 13 earlier-month min not carried forward)","🚩 Balance not carried forward — shows 18, should be 5 (overstated +13)",OK - CALCULATED
22111104,24338484027,Convo Now,live,Convo Now: Access Complimentary,22919379020,2026-09-21,2026-10-21,30.0,30 days,Calculated 30-day,2.0,2,"Sep 2026, Oct 2026",Sep 2026 (bal -55.0) · Oct 2026 (bal 20.0),0.0,75.0,20,20.0,0.0,20.0,0.0,-35.0,"shows 20 min, should be 0 (overstated by 20 — 75 earlier-month min not carried forward)","🚩 Balance not carried forward — shows 20, should be 0 (overstated +20)",OK - CALCULATED
28436520,24338484032,Convo Now,live,Convo Now: Access Complimentary,22908317286,2026-09-12,2026-10-12,30.0,30 days,Calculated 30-day,2.0,2,"Sep 2026, Oct 2026",Sep 2026 (bal -52.0) · Oct 2026 (bal 20.0),0.0,72.0,20,20.0,0.0,20.0,0.0,-32.0,"shows 20 min, should be 0 (overstated by 20 — 72 earlier-month min not carried forward)","🚩 Balance not carried forward — shows 20, should be 0 (overstated +20)",OK - CALCULATED
26356378,24338484051,Convo Now,live,Convo Now: Access Complimentary,22913888340,2026-09-21,2026-10-21,30.0,30 days,Calculated 30-day,2.0,2,"Sep 2026, Oct 2026",Sep 2026 (bal 13.0) · Oct 2026 (bal 18.0),0.0,9.0,20,18.0,11.0,7.0,11.0,31.0,"shows 18 min, should be 11 (overstated by 7 — 7 earlier-month min not carried forward)","🚩 Balance not carried forward — shows 18, should be 11 (overstated +7)",OK - CALCULATED
37896279,24338484487,Convo Now,live,Convo Now: Access Complimentary,22908068756,2026-09-22,2026-10-22,30.0,30 days,Calculated 30-day,2.0,2,"Sep 2026, Oct 2026",Sep 2026 (bal -3.0) · Oct 2026 (bal 20.0),0.0,23.0,20,20.0,0.0,20.0,0.0,17.0,"shows 20 min, should be 0 (overstated by 20 — 23 earlier-month min not carried forward)","🚩 Balance not carried forward — shows 20, should be 0 (overstated +20)",OK - CALCULATED
84703333,24338484634,Convo Now,live,Convo Now: Access Complimentary,22914080551,2026-09-20,2026-10-20,30.0,30 days,Calculated 30-day,2.0,2,"Sep 2026, Oct 2026",Sep 2026 (bal -5.0) · Oct 2026 (bal 20.0),0.0,25.0,20,20.0,0.0,20.0,0.0,15.0,"shows 20 min, should be 0 (overstated by 20 — 25 earlier-month min not carried forward)","🚩 Balance not carried forward — shows 20, should be 0 (overstated +20)",OK - CALCULATED
41709003,24338484868,Convo Now,live,Convo Now: Access Complimentary,22874912098,2026-09-10,2026-10-10,30.0,30 days,Calculated 30-day,2.0,2,"Sep 2026, Oct 2026",Sep 2026 (bal 8.0) · Oct 2026 (bal 20.0),0.0,12.0,20,20.0,8.0,12.0,8.0,28.0,"shows 20 min, should be 8 (overstated by 12 — 12 earlier-month min not carried forward)","🚩 Balance not carried forward — shows 20, should be 8 (overstated +12)",OK - CALCULATED
19822953,24338504479,Convo Now,live,Convo Now: Access Complimentary,22918874261,2026-09-21,2026-10-21,30.0,30 days,Calculated 30-day,2.0,2,"Sep 2026, Oct 2026",Sep 2026 (bal 14.0) · Oct 2026 (bal 9.0),0.0,17.0,20,9.0,3.0,6.0,3.0,23.0,"shows 9 min, should be 3 (overstated by 6 — 6 earlier-month min not carried forward)","🚩 Balance not carried forward — shows 9, should be 3 (overstated +6)",OK - CALCULATED
72270129,24338504507,Convo Now,live,Convo Now: Access Complimentary,22904357751,2026-09-29,2026-10-29,30.0,30 days,Calculated 30-day,2.0,2,"Sep 2026, Oct 2026",Sep 2026 (bal 18.0) · Oct 2026 (bal 20.0),0.0,2.0,20,20.0,18.0,2.0,18.0,38.0,"shows 20 min, should be 18 (overstated by 2 — 2 earlier-month min not carried forward)","🚩 Balance not carried forward — shows 20, should be 18 (overstated +2)",OK - CALCULATED
34326542,24338504508,Convo Now,live,Convo Now: Access Complimentary,22906532362,2026-09-21,2026-10-21,30.0,30 days,Calculated 30-day,2.0,2,"Sep 2026, Oct 2026",Sep 2026 (bal 8.0) · Oct 2026 (bal 20.0),0.0,12.0,20,20.0,8.0,12.0,8.0,28.0,"shows 20 min, should be 8 (overstated by 12 — 12 earlier-month min not carried forward)","🚩 Balance not carried forward — shows 20, should be 8 (overstated +12)",OK - CALCULATED
51421717,24338504527,Convo Now,live,Convo Now: Access Complimentary,22917723399,2026-09-21,2026-10-21,30.0,30 days,Calculated 30-day,2.0,2,"Sep 2026, Oct 2026",Sep 2026 (bal 10.0) · Oct 2026 (bal 20.0),0.0,10.0,20,20.0,10.0,10.0,10.0,30.0,"shows 20 min, should be 10 (overstated by 10 — 10 earlier-month min not carried forward)","🚩 Balance not carried forward — shows 20, should be 10 (overstated +10)",OK - CALCULATED
88276938,24338638998,Convo Now,live,Convo Now: Access Complimentary,22964193061,2026-09-21,2026-10-21,30.0,30 days,Calculated 30-day,2.0,2,"Sep 2026, Oct 2026",Sep 2026 (bal -11.0) · Oct 2026 (bal 17.0),0.0,34.0,20,17.0,0.0,17.0,0.0,6.0,"shows 17 min, should be 0 (overstated by 17 — 31 earlier-month min not carried forward)","🚩 Balance not carried forward — shows 17, should be 0 (overstated +17)",OK - CALCULATED
88597407,24338639785,Convo Now,live,Convo Now: Access Complimentary,22919072564,2026-09-21,2026-10-21,30.0,30 days,Calculated 30-day,2.0,2,"Sep 2026, Oct 2026",Sep 2026 (bal -10.0) · Oct 2026 (bal 20.0),0.0,30.0,20,20.0,0.0,20.0,0.0,10.0,"shows 20 min, should be 0 (overstated by 20 — 30 earlier-month min not carried forward)","🚩 Balance not carried forward — shows 20, should be 0 (overstated +20)",OK - CALCULATED
88544825,24338639786,Convo Now,live,Convo Now: Access Complimentary,22908317300,2026-09-13,2026-10-13,30.0,30 days,Calculated 30-day,2.0,2,"Sep 2026, Oct 2026",Sep 2026 (bal 9.0) · Oct 2026 (bal 20.0),0.0,11.0,20,20.0,9.0,11.0,9.0,29.0,"shows 20 min, should be 9 (overstated by 11 — 11 earlier-month min not carried forward)","🚩 Balance not carried forward — shows 20, should be 9 (overstated +11)",OK - CALCULATED
21647877,24338640385,Convo Now,live,Convo Now: Access Complimentary,22917290507,2026-09-21,2026-10-21,30.0,30 days,Calculated 30-day,2.0,2,"Sep 2026, Oct 2026",Sep 2026 (bal -30.0) · Oct 2026 (bal 20.0),0.0,50.0,20,20.0,0.0,20.0,0.0,-10.0,"shows 20 min, should be 0 (overstated by 20 — 50 earlier-month min not carried forward)","🚩 Balance not carried forward — shows 20, should be 0 (overstated +20)",OK - CALCULATED
28094287,24338640452,Convo Now,live,Convo Now: Access Complimentary,22919401333,2026-09-21,2026-10-21,30.0,30 days,Calculated 30-day,2.0,2,"Sep 2026, Oct 2026",Sep 2026 (bal 9.0) · Oct 2026 (bal 20.0),0.0,11.0,20,20.0,9.0,11.0,9.0,29.0,"shows 20 min, should be 9 (overstated by 11 — 11 earlier-month min not carried forward)","🚩 Balance not carried forward — shows 20, should be 9 (overstated +11)",OK - CALCULATED
39055415,24338640776,Convo Now,live,Convo Now: Access Complimentary,23709971054,2026-09-29,2026-10-29,30.0,30 days,Calculated 30-day,2.0,2,"Sep 2026, Oct 2026",Sep 2026 (bal -12.0) · Oct 2026 (bal 18.0),0.0,34.0,20,18.0,0.0,18.0,0.0,6.0,"shows 18 min, should be 0 (overstated by 18 — 32 earlier-month min not carried forward)","🚩 Balance not carried forward — shows 18, should be 0 (overstated +18)",OK - CALCULATED
63085090,24338660394,Convo Now,live,Convo Now: Access Complimentary,22919072543,2026-09-21,2026-10-21,30.0,30 days,Calculated 30-day,2.0,2,"Sep 2026, Oct 2026",Sep 2026 (bal 17.0) · Oct 2026 (bal 20.0),0.0,3.0,20,20.0,17.0,3.0,17.0,37.0,"shows 20 min, should be 17 (overstated by 3 — 3 earlier-month min not carried forward)","🚩 Balance not carried forward — shows 20, should be 17 (overstated +3)",OK - CALCULATED
74891747,24338660397,Convo Now,live,Convo Now: Access Complimentary,22906071627,2026-09-29,2026-10-29,30.0,30 days,Calculated 30-day,2.0,2,"Sep 2026, Oct 2026",Sep 2026 (bal 12.0) · Oct 2026 (bal 20.0),0.0,8.0,20,20.0,12.0,8.0,12.0,32.0,"shows 20 min, should be 12 (overstated by 8 — 8 earlier-month min not carried forward)","🚩 Balance not carried forward — shows 20, should be 12 (overstated +8)",OK - CALCULATED
83582784,24338660935,Convo Now,live,Convo Now: Access Complimentary,22908464242,2026-09-21,2026-10-21,30.0,30 days,Calculated 30-day,2.0,2,"Sep 2026, Oct 2026",Sep 2026 (bal 7.0) · Oct 2026 (bal 6.0),0.0,27.0,20,6.0,0.0,6.0,0.0,13.0,"shows 6 min, should be 0 (overstated by 6 — 13 earlier-month min not carried forward)","🚩 Balance not carried forward — shows 6, should be 0 (overstated +6)",OK - CALCULATED
59580081,24338794918,Convo Now,live,Convo Now: Access Complimentary,22916621726,2026-09-21,2026-10-21,30.0,30 days,Calculated 30-day,2.0,2,"Sep 2026, Oct 2026",Sep 2026 (bal -150.0) · Oct 2026 (bal 20.0),0.0,170.0,20,20.0,0.0,20.0,0.0,-130.0,"shows 20 min, should be 0 (overstated by 20 — 170 earlier-month min not carried forward)","🚩 Balance not carried forward — shows 20, should be 0 (overstated +20)",OK - CALCULATED
75354898,24338795605,Convo Now,live,Convo Now: Access Complimentary,22919401355,2026-09-21,2026-10-21,30.0,30 days,Calculated 30-day,2.0,2,"Sep 2026, Oct 2026",Sep 2026 (bal -14.0) · Oct 2026 (bal 20.0),0.0,34.0,20,20.0,0.0,20.0,0.0,6.0,"shows 20 min, should be 0 (overstated by 20 — 34 earlier-month min not carried forward)","🚩 Balance not carried forward — shows 20, should be 0 (overstated +20)",OK - CALCULATED
60888228,24338795952,Convo Now,live,Convo Now: Access Complimentary,22919401358,2026-09-21,2026-10-21,30.0,30 days,Calculated 30-day,2.0,2,"Sep 2026, Oct 2026",Sep 2026 (bal -21.0) · Oct 2026 (bal 20.0),0.0,41.0,20,20.0,0.0,20.0,0.0,-1.0,"shows 20 min, should be 0 (overstated by 20 — 41 earlier-month min not carried forward)","🚩 Balance not carried forward — shows 20, should be 0 (overstated +20)",OK - CALCULATED
70609718,24338796192,Convo Now,live,Convo Now: Access Complimentary,22916554108,2026-09-26,2026-10-26,30.0,30 days,Calculated 30-day,2.0,2,"Sep 2026, Oct 2026",Sep 2026 (bal 19.0) · Oct 2026 (bal 20.0),0.0,1.0,20,20.0,19.0,1.0,19.0,39.0,"shows 20 min, should be 19 (overstated by 1 — 1 earlier-month min not carried forward)","🚩 Balance not carried forward — shows 20, should be 19 (overstated +1)",OK - CALCULATED
12546124,24338816409,Convo Now,live,Convo Now: Access Complimentary,22906532366,2026-09-18,2026-10-18,30.0,30 days,Calculated 30-day,2.0,2,"Sep 2026, Oct 2026",Sep 2026 (bal 18.0) · Oct 2026 (bal 18.0),0.0,4.0,20,18.0,16.0,2.0,16.0,36.0,"shows 18 min, should be 16 (overstated by 2 — 2 earlier-month min not carried forward)","🚩 Balance not carried forward — shows 18, should be 16 (overstated +2)",OK - CALCULATED
44730345,24338947492,Convo Now,live,Convo Now: Access Complimentary,22910133417,2026-09-25,2026-10-25,30.0,30 days,Calculated 30-day,2.0,2,"Sep 2026, Oct 2026",Sep 2026 (bal -28.0) · Oct 2026 (bal 10.0),0.0,58.0,20,10.0,0.0,10.0,0.0,-18.0,"shows 10 min, should be 0 (overstated by 10 — 48 earlier-month min not carried forward)","🚩 Balance not carried forward — shows 10, should be 0 (overstated +10)",OK - CALCULATED
24555257,24338947653,Convo Now,live,Convo Now: Access Complimentary,22918835092,2026-09-21,2026-10-21,30.0,30 days,Calculated 30-day,2.0,2,"Sep 2026, Oct 2026",Sep 2026 (bal -29.0) · Oct 2026 (bal 20.0),0.0,49.0,20,20.0,0.0,20.0,0.0,-9.0,"shows 20 min, should be 0 (overstated by 20 — 49 earlier-month min not carried forward)","🚩 Balance not carried forward — shows 20, should be 0 (overstated +20)",OK - CALCULATED
34336806,24338947658,Convo Now,live,Convo Now: Access Complimentary,22917218218,2026-09-21,2026-10-21,30.0,30 days,Calculated 30-day,2.0,2,"Sep 2026, Oct 2026",Sep 2026 (bal 13.0) · Oct 2026 (bal 20.0),0.0,7.0,20,20.0,13.0,7.0,13.0,33.0,"shows 20 min, should be 13 (overstated by 7 — 7 earlier-month min not carried forward)","🚩 Balance not carried forward — shows 20, should be 13 (overstated +7)",OK - CALCULATED
51101474,24338947745,Convo Now,live,Convo Now: Access Complimentary,22913941525,2026-09-22,2026-10-22,30.0,30 days,Calculated 30-day,2.0,2,"Sep 2026, Oct 2026",Sep 2026 (bal 12.0) · Oct 2026 (bal 20.0),0.0,8.0,20,20.0,12.0,8.0,12.0,32.0,"shows 20 min, should be 12 (overstated by 8 — 8 earlier-month min not carried forward)","🚩 Balance not carried forward — shows 20, should be 12 (overstated +8)",OK - CALCULATED
62379039,24338948186,Convo Now,live,Convo Now: Access Complimentary,23725375235,2026-09-30,2026-10-30,30.0,30 days,Calculated 30-day,2.0,2,"Sep 2026, Oct 2026",Sep 2026 (bal 6.0) · Oct 2026 (bal 20.0),0.0,14.0,20,20.0,6.0,14.0,6.0,26.0,"shows 20 min, should be 6 (overstated by 14 — 14 earlier-month min not carried forward)","🚩 Balance not carried forward — shows 20, should be 6 (overstated +14)",OK - CALCULATED
21075784,24338948198,Convo Now,live,Convo Now: Access Complimentary,22910085655,2026-09-27,2026-10-27,30.0,30 days,Calculated 30-day,2.0,2,"Sep 2026, Oct 2026",Sep 2026 (bal 6.0) · Oct 2026 (bal 20.0),0.0,14.0,20,20.0,6.0,14.0,6.0,26.0,"shows 20 min, should be 6 (overstated by 14 — 14 earlier-month min not carried forward)","🚩 Balance not carried forward — shows 20, should be 6 (overstated +14)",OK - CALCULATED
77948493,24338948943,Convo Now,live,Convo Now: Access Complimentary,22908250418,2026-09-10,2026-10-10,30.0,30 days,Calculated 30-day,2.0,2,"Sep 2026, Oct 2026",Sep 2026 (bal 9.0) · Oct 2026 (bal 15.0),0.0,16.0,20,15.0,4.0,11.0,4.0,24.0,"shows 15 min, should be 4 (overstated by 11 — 11 earlier-month min not carried forward)","🚩 Balance not carried forward — shows 15, should be 4 (overstated +11)",OK - CALCULATED
42196775,24338948972,Convo Now,live,Convo Now: Access Complimentary,22906599945,2026-09-11,2026-10-11,30.0,30 days,Calculated 30-day,2.0,2,"Sep 2026, Oct 2026",Sep 2026 (bal 18.0) · Oct 2026 (bal 20.0),0.0,2.0,20,20.0,18.0,2.0,18.0,38.0,"shows 20 min, should be 18 (overstated by 2 — 2 earlier-month min not carried forward)","🚩 Balance not carried forward — shows 20, should be 18 (overstated +2)",OK - CALCULATED
83982176,24338949016,Convo Now,live,Convo Now: Access Complimentary,22915664387,2026-09-29,2026-10-29,30.0,30 days,Calculated 30-day,2.0,2,"Sep 2026, Oct 2026",Sep 2026 (bal -2.0) · Oct 2026 (bal 20.0),0.0,22.0,20,20.0,0.0,20.0,0.0,18.0,"shows 20 min, should be 0 (overstated by 20 — 22 earlier-month min not carried forward)","🚩 Balance not carried forward — shows 20, should be 0 (overstated +20)",OK - CALCULATED
66566411,24338967068,Convo Now,live,Convo Now: Access Complimentary,22910085653,2026-09-28,2026-10-28,30.0,30 days,Calculated 30-day,2.0,2,"Sep 2026, Oct 2026",Sep 2026 (bal -7.0) · Oct 2026 (bal 20.0),0.0,27.0,20,20.0,0.0,20.0,0.0,13.0,"shows 20 min, should be 0 (overstated by 20 — 27 earlier-month min not carried forward)","🚩 Balance not carried forward — shows 20, should be 0 (overstated +20)",OK - CALCULATED
21223985,24339103032,Convo Now,live,Convo Now: Access Complimentary,22913941528,2026-09-22,2026-10-22,30.0,30 days,Calculated 30-day,2.0,2,"Sep 2026, Oct 2026",Sep 2026 (bal 17.0) · Oct 2026 (bal 20.0),0.0,3.0,20,20.0,17.0,3.0,17.0,37.0,"shows 20 min, should be 17 (overstated by 3 — 3 earlier-month min not carried forward)","🚩 Balance not carried forward — shows 20, should be 17 (overstated +3)",OK - CALCULATED
71169211,24339103100,Convo Now,live,Convo Now: Access Complimentary,22874912055,2026-09-10,2026-10-10,30.0,30 days,Calculated 30-day,2.0,2,"Sep 2026, Oct 2026",Sep 2026 (bal -1.0) · Oct 2026 (bal 20.0),0.0,21.0,20,20.0,0.0,20.0,0.0,19.0,"shows 20 min, should be 0 (overstated by 20 — 21 earlier-month min not carried forward)","🚩 Balance not carried forward — shows 20, should be 0 (overstated +20)",OK - CALCULATED
98225050,24339103312,Convo Now,live,Convo Now: Access Complimentary,22907620467,2026-09-22,2026-10-22,30.0,30 days,Calculated 30-day,2.0,2,"Sep 2026, Oct 2026",Sep 2026 (bal -9.0) · Oct 2026 (bal 20.0),0.0,29.0,20,20.0,0.0,20.0,0.0,11.0,"shows 20 min, should be 0 (overstated by 20 — 29 earlier-month min not carried forward)","🚩 Balance not carried forward — shows 20, should be 0 (overstated +20)",OK - CALCULATED
48150221,24339103903,Convo Now,live,Convo Now: Access Complimentary,22916621703,2026-09-21,2026-10-21,30.0,30 days,Calculated 30-day,2.0,2,"Sep 2026, Oct 2026",Sep 2026 (bal -27.0) · Oct 2026 (bal 20.0),0.0,47.0,20,20.0,0.0,20.0,0.0,-7.0,"shows 20 min, should be 0 (overstated by 20 — 47 earlier-month min not carried forward)","🚩 Balance not carried forward — shows 20, should be 0 (overstated +20)",OK - CALCULATED
70865384,24339104396,Convo Now,live,Convo Now: Access Complimentary,22908295205,2026-09-08,2026-10-08,30.0,30 days,Calculated 30-day,2.0,2,"Sep 2026, Oct 2026",Sep 2026 (bal 17.0) · Oct 2026 (bal 20.0),0.0,3.0,20,20.0,17.0,3.0,17.0,37.0,"shows 20 min, should be 17 (overstated by 3 — 3 earlier-month min not carried forward)","🚩 Balance not carried forward — shows 20, should be 17 (overstated +3)",OK - CALCULATED
26816305,24339104400,Convo Now,live,Convo Now: Access Complimentary,22917230855,2026-09-24,2026-10-24,30.0,30 days,Calculated 30-day,2.0,2,"Sep 2026, Oct 2026",Sep 2026 (bal 11.0) · Oct 2026 (bal 16.0),0.0,13.0,20,16.0,7.0,9.0,7.0,27.0,"shows 16 min, should be 7 (overstated by 9 — 9 earlier-month min not carried forward)","🚩 Balance not carried forward — shows 16, should be 7 (overstated +9)",OK - CALCULATED
60972766,24339123615,Convo Now,live,Convo Now: Access Complimentary,22906445433,2026-09-21,2026-10-21,30.0,30 days,Calculated 30-day,2.0,2,"Sep 2026, Oct 2026",Sep 2026 (bal 6.0) · Oct 2026 (bal 20.0),0.0,14.0,20,20.0,6.0,14.0,6.0,26.0,"shows 20 min, should be 6 (overstated by 14 — 14 earlier-month min not carried forward)","🚩 Balance not carried forward — shows 20, should be 6 (overstated +14)",OK - CALCULATED
88168161,24339124249,Convo Now,live,Convo Now: Access Complimentary,22908250439,2026-09-09,2026-10-09,30.0,30 days,Calculated 30-day,2.0,2,"Sep 2026, Oct 2026",Sep 2026 (bal -11.0) · Oct 2026 (bal 20.0),0.0,31.0,20,20.0,0.0,20.0,0.0,9.0,"shows 20 min, should be 0 (overstated by 20 — 31 earlier-month min not carried forward)","🚩 Balance not carried forward — shows 20, should be 0 (overstated +20)",OK - CALCULATED
56620965,24339124266,Convo Now,live,Convo Now: Access Complimentary,22917309871,2026-09-21,2026-10-21,30.0,30 days,Calculated 30-day,2.0,2,"Sep 2026, Oct 2026",Sep 2026 (bal 14.0) · Oct 2026 (bal 17.0),0.0,9.0,20,17.0,11.0,6.0,11.0,31.0,"shows 17 min, should be 11 (overstated by 6 — 6 earlier-month min not carried forward)","🚩 Balance not carried forward — shows 17, should be 11 (overstated +6)",OK - CALCULATED
88552312,24339124280,Convo Now,live,Convo Now: Access Complimentary,22906532389,2026-09-17,2026-10-17,30.0,30 days,Calculated 30-day,2.0,2,"Sep 2026, Oct 2026",Sep 2026 (bal 8.0) · Oct 2026 (bal 20.0),0.0,12.0,20,20.0,8.0,12.0,8.0,28.0,"shows 20 min, should be 8 (overstated by 12 — 12 earlier-month min not carried forward)","🚩 Balance not carried forward — shows 20, should be 8 (overstated +12)",OK - CALCULATED
42347099,24339257195,Convo Now,live,Convo Now: Access Complimentary,22913732644,2026-09-27,2026-10-27,30.0,30 days,Calculated 30-day,2.0,2,"Sep 2026, Oct 2026",Sep 2026 (bal 7.0) · Oct 2026 (bal 20.0),0.0,13.0,20,20.0,7.0,13.0,7.0,27.0,"shows 20 min, should be 7 (overstated by 13 — 13 earlier-month min not carried forward)","🚩 Balance not carried forward — shows 20, should be 7 (overstated +13)",OK - CALCULATED
62568680,24339257755,Convo Now,live,Convo Now: Access Complimentary,22908074062,2026-09-18,2026-10-18,30.0,30 days,Calculated 30-day,2.0,2,"Sep 2026, Oct 2026",Sep 2026 (bal -1.0) · Oct 2026 (bal 20.0),0.0,21.0,20,20.0,0.0,20.0,0.0,19.0,"shows 20 min, should be 0 (overstated by 20 — 21 earlier-month min not carried forward)","🚩 Balance not carried forward — shows 20, should be 0 (overstated +20)",OK - CALCULATED
81270205,24339258399,Convo Now,live,Convo Now: Access Complimentary,22906640726,2026-09-30,2026-10-30,30.0,30 days,Calculated 30-day,2.0,2,"Sep 2026, Oct 2026",Sep 2026 (bal -3.0) · Oct 2026 (bal 18.0),0.0,25.0,20,18.0,0.0,18.0,0.0,15.0,"shows 18 min, should be 0 (overstated by 18 — 23 earlier-month min not carried forward)","🚩 Balance not carried forward — shows 18, should be 0 (overstated +18)",OK - CALCULATED
87838049,24339277143,Convo Now,live,Convo Now: Access Complimentary,22919379053,2026-09-21,2026-10-21,30.0,30 days,Calculated 30-day,2.0,2,"Sep 2026, Oct 2026",Sep 2026 (bal -2.0) · Oct 2026 (bal 20.0),0.0,22.0,20,20.0,0.0,20.0,0.0,18.0,"shows 20 min, should be 0 (overstated by 20 — 22 earlier-month min not carried forward)","🚩 Balance not carried forward — shows 20, should be 0 (overstated +20)",OK - CALCULATED
25188607,24339419029,Convo Now,live,Convo Now: Access Complimentary,22908317341,2026-09-13,2026-10-13,30.0,30 days,Calculated 30-day,2.0,2,"Sep 2026, Oct 2026",Sep 2026 (bal -4.0) · Oct 2026 (bal 20.0),0.0,24.0,20,20.0,0.0,20.0,0.0,16.0,"shows 20 min, should be 0 (overstated by 20 — 24 earlier-month min not carried forward)","🚩 Balance not carried forward — shows 20, should be 0 (overstated +20)",OK - CALCULATED
27291347,24339419231,Convo Now,live,Convo Now: Access Complimentary,22906599969,2026-09-10,2026-10-10,30.0,30 days,Calculated 30-day,2.0,2,"Sep 2026, Oct 2026",Sep 2026 (bal -10.0) · Oct 2026 (bal 20.0),0.0,30.0,20,20.0,0.0,20.0,0.0,10.0,"shows 20 min, should be 0 (overstated by 20 — 30 earlier-month min not carried forward)","🚩 Balance not carried forward — shows 20, should be 0 (overstated +20)",OK - CALCULATED
86489487,24339419234,Convo Now,live,Convo Now: Access Complimentary,22908464213,2026-09-21,2026-10-21,30.0,30 days,Calculated 30-day,2.0,2,"Sep 2026, Oct 2026",Sep 2026 (bal 0.0) · Oct 2026 (bal 20.0),0.0,20.0,20,20.0,0.0,20.0,0.0,20.0,"shows 20 min, should be 0 (overstated by 20 — 20 earlier-month min not carried forward)","🚩 Balance not carried forward — shows 20, should be 0 (overstated +20)",OK - CALCULATED
86386671,24339419751,Convo Now,live,Convo Now: Access Complimentary,22919072563,2026-09-21,2026-10-21,30.0,30 days,Calculated 30-day,2.0,2,"Sep 2026, Oct 2026",Sep 2026 (bal 16.0) · Oct 2026 (bal 20.0),0.0,4.0,20,20.0,16.0,4.0,16.0,36.0,"shows 20 min, should be 16 (overstated by 4 — 4 earlier-month min not carried forward)","🚩 Balance not carried forward — shows 20, should be 16 (overstated +4)",OK - CALCULATED
32859020,24339420023,Convo Now,live,Convo Now: Access Complimentary,22917207459,2026-09-21,2026-10-21,30.0,30 days,Calculated 30-day,2.0,2,"Sep 2026, Oct 2026",Sep 2026 (bal 16.0) · Oct 2026 (bal 19.0),0.0,5.0,20,19.0,15.0,4.0,15.0,35.0,"shows 19 min, should be 15 (overstated by 4 — 4 earlier-month min not carried forward)","🚩 Balance not carried forward — shows 19, should be 15 (overstated +4)",OK - CALCULATED
95111987,24339420245,Convo Now,live,Convo Now: Access Complimentary,22914402418,2026-09-15,2026-10-15,30.0,30 days,Calculated 30-day,2.0,2,"Sep 2026, Oct 2026",Sep 2026 (bal 12.0) · Oct 2026 (bal 20.0),0.0,8.0,20,20.0,12.0,8.0,12.0,32.0,"shows 20 min, should be 12 (overstated by 8 — 8 earlier-month min not carried forward)","🚩 Balance not carried forward — shows 20, should be 12 (overstated +8)",OK - CALCULATED
93147203,24339420598,Convo Now,live,Convo Now: Access Complimentary,22908317339,2026-09-16,2026-10-16,30.0,30 days,Calculated 30-day,2.0,2,"Sep 2026, Oct 2026",Sep 2026 (bal -29.0) · Oct 2026 (bal 20.0),0.0,49.0,20,20.0,0.0,20.0,0.0,-9.0,"shows 20 min, should be 0 (overstated by 20 — 49 earlier-month min not carried forward)","🚩 Balance not carried forward — shows 20, should be 0 (overstated +20)",OK - CALCULATED
62194360,24339420715,Convo Now,live,Convo Now: Access Complimentary,22908295176,2026-09-08,2026-10-08,30.0,30 days,Calculated 30-day,2.0,2,"Sep 2026, Oct 2026",Sep 2026 (bal -4.0) · Oct 2026 (bal 20.0),0.0,24.0,20,20.0,0.0,20.0,0.0,16.0,"shows 20 min, should be 0 (overstated by 20 — 24 earlier-month min not carried forward)","🚩 Balance not carried forward — shows 20, should be 0 (overstated +20)",OK - CALCULATED
28557753,24339420717,Convo Now,live,Convo Now: Access Complimentary,22913941553,2026-09-24,2026-10-24,30.0,30 days,Calculated 30-day,2.0,2,"Sep 2026, Oct 2026",Sep 2026 (bal 13.0) · Oct 2026 (bal 20.0),0.0,7.0,20,20.0,13.0,7.0,13.0,33.0,"shows 20 min, should be 13 (overstated by 7 — 7 earlier-month min not carried forward)","🚩 Balance not carried forward — shows 20, should be 13 (overstated +7)",OK - CALCULATED
45783632,24339420783,Convo Now,live,Convo Now: Access Complimentary,22917141547,2026-09-21,2026-10-21,30.0,30 days,Calculated 30-day,2.0,2,"Sep 2026, Oct 2026",Sep 2026 (bal 19.0) · Oct 2026 (bal 20.0),0.0,1.0,20,20.0,19.0,1.0,19.0,39.0,"shows 20 min, should be 19 (overstated by 1 — 1 earlier-month min not carried forward)","🚩 Balance not carried forward — shows 20, should be 19 (overstated +1)",OK - CALCULATED
90639546,24339441814,Convo Now,live,Convo Now: Access Complimentary,22917723410,2026-09-21,2026-10-21,30.0,30 days,Calculated 30-day,2.0,2,"Sep 2026, Oct 2026",Sep 2026 (bal -15.0) · Oct 2026 (bal 20.0),0.0,35.0,20,20.0,0.0,20.0,0.0,5.0,"shows 20 min, should be 0 (overstated by 20 — 35 earlier-month min not carried forward)","🚩 Balance not carried forward — shows 20, should be 0 (overstated +20)",OK - CALCULATED
47525350,24339442067,Convo Now,live,Convo Now: Access Complimentary,22917230870,2026-09-24,2026-10-24,30.0,30 days,Calculated 30-day,2.0,2,"Sep 2026, Oct 2026",Sep 2026 (bal 11.0) · Oct 2026 (bal 20.0),0.0,9.0,20,20.0,11.0,9.0,11.0,31.0,"shows 20 min, should be 11 (overstated by 9 — 9 earlier-month min not carried forward)","🚩 Balance not carried forward — shows 20, should be 11 (overstated +9)",OK - CALCULATED
83233503,24339442069,Convo Now,live,Convo Now: Access Complimentary,22916574329,2026-09-21,2026-10-21,30.0,30 days,Calculated 30-day,2.0,2,"Sep 2026, Oct 2026",Sep 2026 (bal -5.0) · Oct 2026 (bal 20.0),0.0,25.0,20,20.0,0.0,20.0,0.0,15.0,"shows 20 min, should be 0 (overstated by 20 — 25 earlier-month min not carried forward)","🚩 Balance not carried forward — shows 20, should be 0 (overstated +20)",OK - CALCULATED
88906950,24339442258,Convo Now,live,Convo Now: Access Complimentary,22908074031,2026-09-18,2026-10-18,30.0,30 days,Calculated 30-day,2.0,2,"Sep 2026, Oct 2026",Sep 2026 (bal 6.0) · Oct 2026 (bal 20.0),0.0,14.0,20,20.0,6.0,14.0,6.0,26.0,"shows 20 min, should be 6 (overstated by 14 — 14 earlier-month min not carried forward)","🚩 Balance not carried forward — shows 20, should be 6 (overstated +14)",OK - CALCULATED
78495469,24339567666,Convo Now,live,Convo Now: Access Complimentary,22913888355,2026-09-22,2026-10-22,30.0,30 days,Calculated 30-day,2.0,2,"Sep 2026, Oct 2026",Sep 2026 (bal 16.0) · Oct 2026 (bal 20.0),0.0,4.0,20,20.0,16.0,4.0,16.0,36.0,"shows 20 min, should be 16 (overstated by 4 — 4 earlier-month min not carried forward)","🚩 Balance not carried forward — shows 20, should be 16 (overstated +4)",OK - CALCULATED
93016935,24339567670,Convo Now,live,Convo Now: Access Complimentary,22964193050,2026-09-21,2026-10-21,30.0,30 days,Calculated 30-day,2.0,2,"Sep 2026, Oct 2026",Sep 2026 (bal 19.0) · Oct 2026 (bal 13.0),0.0,8.0,20,13.0,12.0,1.0,12.0,32.0,"shows 13 min, should be 12 (overstated by 1 — 1 earlier-month min not carried forward)","🚩 Balance not carried forward — shows 13, should be 12 (overstated +1)",OK - CALCULATED
14584944,24339568738,Convo Now,live,Convo Now: Access Complimentary,22906639201,2026-09-24,2026-10-24,30.0,30 days,Calculated 30-day,2.0,2,"Sep 2026, Oct 2026",Sep 2026 (bal -99.0) · Oct 2026 (bal 20.0),0.0,119.0,20,20.0,0.0,20.0,0.0,-79.0,"shows 20 min, should be 0 (overstated by 20 — 119 earlier-month min not carried forward)","🚩 Balance not carried forward — shows 20, should be 0 (overstated +20)",OK - CALCULATED
90563859,24339569259,Convo Now,live,Convo Now: Access Complimentary,22916621826,2026-09-21,2026-10-21,30.0,30 days,Calculated 30-day,2.0,2,"Sep 2026, Oct 2026",Sep 2026 (bal 5.0) · Oct 2026 (bal 20.0),0.0,15.0,20,20.0,5.0,15.0,5.0,25.0,"shows 20 min, should be 5 (overstated by 15 — 15 earlier-month min not carried forward)","🚩 Balance not carried forward — shows 20, should be 5 (overstated +15)",OK - CALCULATED
77644039,24339569261,Convo Now,live,Convo Now: Access Complimentary,22917207587,2026-09-21,2026-10-21,30.0,30 days,Calculated 30-day,2.0,2,"Sep 2026, Oct 2026",Sep 2026 (bal 9.0) · Oct 2026 (bal 20.0),0.0,11.0,20,20.0,9.0,11.0,9.0,29.0,"shows 20 min, should be 9 (overstated by 11 — 11 earlier-month min not carried forward)","🚩 Balance not carried forward — shows 20, should be 9 (overstated +11)",OK - CALCULATED
90672595,24339569487,Convo Now,live,Convo Now: Access Complimentary,22917084552,2026-09-13,2026-10-13,30.0,30 days,Calculated 30-day,2.0,2,"Sep 2026, Oct 2026",Sep 2026 (bal 17.0) · Oct 2026 (bal 20.0),0.0,3.0,20,20.0,17.0,3.0,17.0,37.0,"shows 20 min, should be 17 (overstated by 3 — 3 earlier-month min not carried forward)","🚩 Balance not carried forward — shows 20, should be 17 (overstated +3)",OK - CALCULATED
12665646,24339569768,Convo Now,live,Convo Now: Access Complimentary,22916740211,2026-09-21,2026-10-21,30.0,30 days,Calculated 30-day,2.0,2,"Sep 2026, Oct 2026",Sep 2026 (bal 4.0) · Oct 2026 (bal 16.0),0.0,20.0,20,16.0,0.0,16.0,0.0,20.0,"shows 16 min, should be 0 (overstated by 16 — 16 earlier-month min not carried forward)","🚩 Balance not carried forward — shows 16, should be 0 (overstated +16)",OK - CALCULATED
94076589,24339569782,Convo Now,live,Convo Now: Access Complimentary,22917141516,2026-09-21,2026-10-21,30.0,30 days,Calculated 30-day,2.0,2,"Sep 2026, Oct 2026",Sep 2026 (bal -1.0) · Oct 2026 (bal 20.0),0.0,21.0,20,20.0,0.0,20.0,0.0,19.0,"shows 20 min, should be 0 (overstated by 20 — 21 earlier-month min not carried forward)","🚩 Balance not carried forward — shows 20, should be 0 (overstated +20)",OK - CALCULATED
89373768,24339569784,Convo Now,live,Convo Now: Access Complimentary,24361962829,2026-09-13,2026-10-13,30.0,30 days,Calculated 30-day,2.0,2,"Sep 2026, Oct 2026",Sep 2026 (bal 18.0) · Oct 2026 (bal 20.0),0.0,2.0,20,20.0,18.0,2.0,18.0,38.0,"shows 20 min, should be 18 (overstated by 2 — 2 earlier-month min not carried forward)","🚩 Balance not carried forward — shows 20, should be 18 (overstated +2)",OK - CALCULATED
96986256,24339588773,Convo Now,live,Convo Now: Access Complimentary,22918835121,2026-09-21,2026-10-21,30.0,30 days,Calculated 30-day,2.0,2,"Sep 2026, Oct 2026",Sep 2026 (bal -31.0) · Oct 2026 (bal 20.0),0.0,51.0,20,20.0,0.0,20.0,0.0,-11.0,"shows 20 min, should be 0 (overstated by 20 — 51 earlier-month min not carried forward)","🚩 Balance not carried forward — shows 20, should be 0 (overstated +20)",OK - CALCULATED
99509387,24339589186,Convo Now,live,Convo Now: Access Complimentary,22914535803,2026-09-23,2026-10-23,30.0,30 days,Calculated 30-day,2.0,2,"Sep 2026, Oct 2026",Sep 2026 (bal -23.0) · Oct 2026 (bal 20.0),0.0,43.0,20,20.0,0.0,20.0,0.0,-3.0,"shows 20 min, should be 0 (overstated by 20 — 43 earlier-month min not carried forward)","🚩 Balance not carried forward — shows 20, should be 0 (overstated +20)",OK - CALCULATED
91952517,24339589403,Convo Now,live,Convo Now: Access Complimentary,22905943598,2026-09-21,2026-10-21,30.0,30 days,Calculated 30-day,2.0,2,"Sep 2026, Oct 2026",Sep 2026 (bal 2.0) · Oct 2026 (bal 20.0),0.0,18.0,20,20.0,2.0,18.0,2.0,22.0,"shows 20 min, should be 2 (overstated by 18 — 18 earlier-month min not carried forward)","🚩 Balance not carried forward — shows 20, should be 2 (overstated +18)",OK - CALCULATED
99110910,24339720976,Convo Now,live,Convo Now: Access Complimentary,22906071647,2026-09-30,2026-10-30,30.0,30 days,Calculated 30-day,2.0,2,"Sep 2026, Oct 2026",Sep 2026 (bal 6.0) · Oct 2026 (bal 20.0),0.0,14.0,20,20.0,6.0,14.0,6.0,26.0,"shows 20 min, should be 6 (overstated by 14 — 14 earlier-month min not carried forward)","🚩 Balance not carried forward — shows 20, should be 6 (overstated +14)",OK - CALCULATED
48176077,24339720986,Convo Now,live,Convo Now: Access Complimentary,22917084543,2026-09-13,2026-10-13,30.0,30 days,Calculated 30-day,2.0,2,"Sep 2026, Oct 2026",Sep 2026 (bal 2.0) · Oct 2026 (bal 20.0),0.0,18.0,20,20.0,2.0,18.0,2.0,22.0,"shows 20 min, should be 2 (overstated by 18 — 18 earlier-month min not carried forward)","🚩 Balance not carried forward — shows 20, should be 2 (overstated +18)",OK - CALCULATED
62053479,24339721009,Convo Now,live,Convo Now: Access Complimentary,22952415521,2026-09-21,2026-10-21,30.0,30 days,Calculated 30-day,2.0,2,"Sep 2026, Oct 2026",Sep 2026 (bal 18.0) · Oct 2026 (bal 20.0),0.0,2.0,20,20.0,18.0,2.0,18.0,38.0,"shows 20 min, should be 18 (overstated by 2 — 2 earlier-month min not carried forward)","🚩 Balance not carried forward — shows 20, should be 18 (overstated +2)",OK - CALCULATED
59162752,24339721078,Convo Now,live,Convo Now: Access Complimentary,22906599999,2026-09-09,2026-10-09,30.0,30 days,Calculated 30-day,2.0,2,"Sep 2026, Oct 2026",Sep 2026 (bal -25.0) · Oct 2026 (bal 20.0),0.0,45.0,20,20.0,0.0,20.0,0.0,-5.0,"shows 20 min, should be 0 (overstated by 20 — 45 earlier-month min not carried forward)","🚩 Balance not carried forward — shows 20, should be 0 (overstated +20)",OK - CALCULATED
86828965,24339721089,Convo Now,live,Convo Now: Access Complimentary,22916621716,2026-09-21,2026-10-21,30.0,30 days,Calculated 30-day,2.0,2,"Sep 2026, Oct 2026",Sep 2026 (bal 10.0) · Oct 2026 (bal 20.0),0.0,10.0,20,20.0,10.0,10.0,10.0,30.0,"shows 20 min, should be 10 (overstated by 10 — 10 earlier-month min not carried forward)","🚩 Balance not carried forward — shows 20, should be 10 (overstated +10)",OK - CALCULATED
17235946,24339721263,Convo Now,live,Convo Now: Access Complimentary,22908885259,2026-09-18,2026-10-18,30.0,30 days,Calculated 30-day,2.0,2,"Sep 2026, Oct 2026",Sep 2026 (bal 12.0) · Oct 2026 (bal 19.0),0.0,9.0,20,19.0,11.0,8.0,11.0,31.0,"shows 19 min, should be 11 (overstated by 8 — 8 earlier-month min not carried forward)","🚩 Balance not carried forward — shows 19, should be 11 (overstated +8)",OK - CALCULATED
67233702,24339721328,Convo Now,live,Convo Now: Access Complimentary,22919378989,2026-09-21,2026-10-21,30.0,30 days,Calculated 30-day,2.0,2,"Sep 2026, Oct 2026",Sep 2026 (bal 4.0) · Oct 2026 (bal 18.0),0.0,18.0,20,18.0,2.0,16.0,2.0,22.0,"shows 18 min, should be 2 (overstated by 16 — 16 earlier-month min not carried forward)","🚩 Balance not carried forward — shows 18, should be 2 (overstated +16)",OK - CALCULATED
81299971,24339722058,Convo Now,live,Convo Now: Access Complimentary,22917219176,2026-09-21,2026-10-21,30.0,30 days,Calculated 30-day,2.0,2,"Sep 2026, Oct 2026",Sep 2026 (bal 6.0) · Oct 2026 (bal 20.0),0.0,14.0,20,20.0,6.0,14.0,6.0,26.0,"shows 20 min, should be 6 (overstated by 14 — 14 earlier-month min not carried forward)","🚩 Balance not carried forward — shows 20, should be 6 (overstated +14)",OK - CALCULATED
25139334,24339741309,Convo Now,live,Convo Now: Access Complimentary,22906541193,2026-09-27,2026-10-27,30.0,30 days,Calculated 30-day,2.0,2,"Sep 2026, Oct 2026",Sep 2026 (bal -2.0) · Oct 2026 (bal 18.0),0.0,24.0,20,18.0,0.0,18.0,0.0,16.0,"shows 18 min, should be 0 (overstated by 18 — 22 earlier-month min not carried forward)","🚩 Balance not carried forward — shows 18, should be 0 (overstated +18)",OK - CALCULATED
11033528,24339880330,Convo Now,live,Convo Now: Access Complimentary,22907620402,2026-09-23,2026-10-23,30.0,30 days,Calculated 30-day,2.0,2,"Sep 2026, Oct 2026",Sep 2026 (bal 16.0) · Oct 2026 (bal 20.0),0.0,4.0,20,20.0,16.0,4.0,16.0,36.0,"shows 20 min, should be 16 (overstated by 4 — 4 earlier-month min not carried forward)","🚩 Balance not carried forward — shows 20, should be 16 (overstated +4)",OK - CALCULATED
41277660,24339880340,Convo Now,live,Convo Now: Access Complimentary,22916621838,2026-09-21,2026-10-21,30.0,30 days,Calculated 30-day,2.0,2,"Sep 2026, Oct 2026",Sep 2026 (bal -181.0) · Oct 2026 (bal 20.0),0.0,201.0,20,20.0,0.0,20.0,0.0,-161.0,"shows 20 min, should be 0 (overstated by 20 — 201 earlier-month min not carried forward)","🚩 Balance not carried forward — shows 20, should be 0 (overstated +20)",OK - CALCULATED
51306976,24339880341,Convo Now,live,Convo Now: Access Complimentary,22917290415,2026-09-21,2026-10-21,30.0,30 days,Calculated 30-day,2.0,2,"Sep 2026, Oct 2026",Sep 2026 (bal 15.0) · Oct 2026 (bal 20.0),0.0,5.0,20,20.0,15.0,5.0,15.0,35.0,"shows 20 min, should be 15 (overstated by 5 — 5 earlier-month min not carried forward)","🚩 Balance not carried forward — shows 20, should be 15 (overstated +5)",OK - CALCULATED
84111803,24339880542,Convo Now,live,Convo Now: Access Complimentary,22906639220,2026-09-22,2026-10-22,30.0,30 days,Calculated 30-day,2.0,2,"Sep 2026, Oct 2026",Sep 2026 (bal -26.0) · Oct 2026 (bal 20.0),0.0,46.0,20,20.0,0.0,20.0,0.0,-6.0,"shows 20 min, should be 0 (overstated by 20 — 46 earlier-month min not carried forward)","🚩 Balance not carried forward — shows 20, should be 0 (overstated +20)",OK - CALCULATED
10294092,24339880599,Convo Now,live,Convo Now: Access Complimentary,22916574471,2026-09-21,2026-10-21,30.0,30 days,Calculated 30-day,2.0,2,"Sep 2026, Oct 2026",Sep 2026 (bal 2.0) · Oct 2026 (bal 20.0),0.0,18.0,20,20.0,2.0,18.0,2.0,22.0,"shows 20 min, should be 2 (overstated by 18 — 18 earlier-month min not carried forward)","🚩 Balance not carried forward — shows 20, should be 2 (overstated +18)",OK - CALCULATED
15368113,24339881052,Convo Now,live,Convo Now: Access Complimentary,22915664303,2026-09-29,2026-10-29,30.0,30 days,Calculated 30-day,2.0,2,"Sep 2026, Oct 2026",Sep 2026 (bal -8.0) · Oct 2026 (bal 20.0),0.0,28.0,20,20.0,0.0,20.0,0.0,12.0,"shows 20 min, should be 0 (overstated by 20 — 28 earlier-month min not carried forward)","🚩 Balance not carried forward — shows 20, should be 0 (overstated +20)",OK - CALCULATED
23483909,24339881054,Convo Now,live,Convo Now: Access Complimentary,22905943582,2026-09-21,2026-10-21,30.0,30 days,Calculated 30-day,2.0,2,"Sep 2026, Oct 2026",Sep 2026 (bal -6.0) · Oct 2026 (bal 20.0),0.0,26.0,20,20.0,0.0,20.0,0.0,14.0,"shows 20 min, should be 0 (overstated by 20 — 26 earlier-month min not carried forward)","🚩 Balance not carried forward — shows 20, should be 0 (overstated +20)",OK - CALCULATED
32608547,24339881131,Convo Now,live,Convo Now: Access Complimentary,22908074028,2026-09-23,2026-10-23,30.0,30 days,Calculated 30-day,2.0,2,"Sep 2026, Oct 2026",Sep 2026 (bal -9.0) · Oct 2026 (bal 20.0),0.0,29.0,20,20.0,0.0,20.0,0.0,11.0,"shows 20 min, should be 0 (overstated by 20 — 29 earlier-month min not carried forward)","🚩 Balance not carried forward — shows 20, should be 0 (overstated +20)",OK - CALCULATED
43590383,24339881312,Convo Now,live,Convo Now: Access Complimentary,22908464243,2026-09-21,2026-10-21,30.0,30 days,Calculated 30-day,2.0,2,"Sep 2026, Oct 2026",Sep 2026 (bal -11.0) · Oct 2026 (bal 20.0),0.0,31.0,20,20.0,0.0,20.0,0.0,9.0,"shows 20 min, should be 0 (overstated by 20 — 31 earlier-month min not carried forward)","🚩 Balance not carried forward — shows 20, should be 0 (overstated +20)",OK - CALCULATED
95399788,24339881541,Convo Now,live,Convo Now: Access Complimentary,22906445449,2026-09-21,2026-10-21,30.0,30 days,Calculated 30-day,2.0,2,"Sep 2026, Oct 2026",Sep 2026 (bal 13.0) · Oct 2026 (bal 18.0),0.0,9.0,20,18.0,11.0,7.0,11.0,31.0,"shows 18 min, should be 11 (overstated by 7 — 7 earlier-month min not carried forward)","🚩 Balance not carried forward — shows 18, should be 11 (overstated +7)",OK - CALCULATED
84498949,24339901989,Convo Now,live,Convo Now: Access Complimentary,22917084569,2026-09-13,2026-10-13,30.0,30 days,Calculated 30-day,2.0,2,"Sep 2026, Oct 2026",Sep 2026 (bal -3.0) · Oct 2026 (bal 13.0),0.0,30.0,20,13.0,0.0,13.0,0.0,10.0,"shows 13 min, should be 0 (overstated by 13 — 23 earlier-month min not carried forward)","🚩 Balance not carried forward — shows 13, should be 0 (overstated +13)",OK - CALCULATED
18236696,24339902003,Convo Now,live,Convo Now: Access Complimentary,22916594240,2026-09-21,2026-10-21,30.0,30 days,Calculated 30-day,2.0,2,"Sep 2026, Oct 2026",Sep 2026 (bal 13.0) · Oct 2026 (bal 20.0),0.0,7.0,20,20.0,13.0,7.0,13.0,33.0,"shows 20 min, should be 13 (overstated by 7 — 7 earlier-month min not carried forward)","🚩 Balance not carried forward — shows 20, should be 13 (overstated +7)",OK - CALCULATED
41043531,24339902103,Convo Now,live,Convo Now: Access Complimentary,22918835075,2026-09-21,2026-10-21,30.0,30 days,Calculated 30-day,2.0,2,"Sep 2026, Oct 2026",Sep 2026 (bal -40.0) · Oct 2026 (bal 20.0),0.0,60.0,20,20.0,0.0,20.0,0.0,-20.0,"shows 20 min, should be 0 (overstated by 20 — 60 earlier-month min not carried forward)","🚩 Balance not carried forward — shows 20, should be 0 (overstated +20)",OK - CALCULATED
58841086,24339902106,Convo Now,live,Convo Now: Access Complimentary,22910133411,2026-09-25,2026-10-25,30.0,30 days,Calculated 30-day,2.0,2,"Sep 2026, Oct 2026",Sep 2026 (bal 0.0) · Oct 2026 (bal 20.0),0.0,20.0,20,20.0,0.0,20.0,0.0,20.0,"shows 20 min, should be 0 (overstated by 20 — 20 earlier-month min not carried forward)","🚩 Balance not carried forward — shows 20, should be 0 (overstated +20)",OK - CALCULATED
23702799,24340187751,Convo Now,live,Convo Now: Access Complimentary,22913888366,2026-09-22,2026-10-22,30.0,30 days,Calculated 30-day,2.0,2,"Sep 2026, Oct 2026",Sep 2026 (bal -9.0) · Oct 2026 (bal 20.0),0.0,29.0,20,20.0,0.0,20.0,0.0,11.0,"shows 20 min, should be 0 (overstated by 20 — 29 earlier-month min not carried forward)","🚩 Balance not carried forward — shows 20, should be 0 (overstated +20)",OK - CALCULATED
14724046,24340188497,Convo Now,live,Convo Now: Access Complimentary,22906445366,2026-09-21,2026-10-21,30.0,30 days,Calculated 30-day,2.0,2,"Sep 2026, Oct 2026",Sep 2026 (bal 12.0) · Oct 2026 (bal 20.0),0.0,8.0,20,20.0,12.0,8.0,12.0,32.0,"shows 20 min, should be 12 (overstated by 8 — 8 earlier-month min not carried forward)","🚩 Balance not carried forward — shows 20, should be 12 (overstated +8)",OK - CALCULATED
49557539,24340188692,Convo Now,live,Convo Now: Access Complimentary,22917723474,2026-09-19,2026-10-19,30.0,30 days,Calculated 30-day,2.0,2,"Sep 2026, Oct 2026",Sep 2026 (bal 10.0) · Oct 2026 (bal 20.0),0.0,10.0,20,20.0,10.0,10.0,10.0,30.0,"shows 20 min, should be 10 (overstated by 10 — 10 earlier-month min not carried forward)","🚩 Balance not carried forward — shows 20, should be 10 (overstated +10)",OK - CALCULATED
42071145,24340188712,Convo Now,live,Convo Now: Access Complimentary,22917089822,2026-09-21,2026-10-21,30.0,30 days,Calculated 30-day,2.0,2,"Sep 2026, Oct 2026",Sep 2026 (bal 9.0) · Oct 2026 (bal 20.0),0.0,11.0,20,20.0,9.0,11.0,9.0,29.0,"shows 20 min, should be 9 (overstated by 11 — 11 earlier-month min not carried forward)","🚩 Balance not carried forward — shows 20, should be 9 (overstated +11)",OK - CALCULATED
77092322,24340188965,Convo Now,live,Convo Now: Access Complimentary,22906445370,2026-09-21,2026-10-21,30.0,30 days,Calculated 30-day,2.0,2,"Sep 2026, Oct 2026",Sep 2026 (bal -40.0) · Oct 2026 (bal 20.0),0.0,60.0,20,20.0,0.0,20.0,0.0,-20.0,"shows 20 min, should be 0 (overstated by 20 — 60 earlier-month min not carried forward)","🚩 Balance not carried forward — shows 20, should be 0 (overstated +20)",OK - CALCULATED
45166856,24340207502,Convo Now,live,Convo Now: Access Complimentary,22906442584,2026-09-08,2026-10-08,30.0,30 days,Calculated 30-day,2.0,2,"Sep 2026, Oct 2026",Sep 2026 (bal 0.0) · Oct 2026 (bal 20.0),0.0,20.0,20,20.0,0.0,20.0,0.0,20.0,"shows 20 min, should be 0 (overstated by 20 — 20 earlier-month min not carried forward)","🚩 Balance not carried forward — shows 20, should be 0 (overstated +20)",OK - CALCULATED
78803992,24340207640,Convo Now,live,Convo Now: Access Complimentary,22910085534,2026-09-29,2026-10-29,30.0,30 days,Calculated 30-day,2.0,2,"Sep 2026, Oct 2026",Sep 2026 (bal -52.0) · Oct 2026 (bal 20.0),0.0,72.0,20,20.0,0.0,20.0,0.0,-32.0,"shows 20 min, should be 0 (overstated by 20 — 72 earlier-month min not carried forward)","🚩 Balance not carried forward — shows 20, should be 0 (overstated +20)",OK - CALCULATED
82035282,24340207648,Convo Now,live,Convo Now: Access Complimentary,22916512950,2026-09-13,2026-10-13,30.0,30 days,Calculated 30-day,2.0,2,"Sep 2026, Oct 2026",Sep 2026 (bal 16.0) · Oct 2026 (bal 20.0),0.0,4.0,20,20.0,16.0,4.0,16.0,36.0,"shows 20 min, should be 16 (overstated by 4 — 4 earlier-month min not carried forward)","🚩 Balance not carried forward — shows 20, should be 16 (overstated +4)",OK - CALCULATED
37508377,24340344068,Convo Now,live,Convo Now: Access Complimentary,22914535942,2026-09-23,2026-10-23,30.0,30 days,Calculated 30-day,2.0,2,"Sep 2026, Oct 2026",Sep 2026 (bal -1.0) · Oct 2026 (bal 18.0),0.0,23.0,20,18.0,0.0,18.0,0.0,17.0,"shows 18 min, should be 0 (overstated by 18 — 21 earlier-month min not carried forward)","🚩 Balance not carried forward — shows 18, should be 0 (overstated +18)",OK - CALCULATED
34075419,24340344224,Convo Now,live,Convo Now: Access Complimentary,22908885152,2026-09-14,2026-10-14,30.0,30 days,Calculated 30-day,2.0,2,"Sep 2026, Oct 2026",Sep 2026 (bal 7.0) · Oct 2026 (bal 12.0),0.0,21.0,20,12.0,0.0,12.0,0.0,19.0,"shows 12 min, should be 0 (overstated by 12 — 13 earlier-month min not carried forward)","🚩 Balance not carried forward — shows 12, should be 0 (overstated +12)",OK - CALCULATED
51458507,24340344593,Convo Now,live,Convo Now: Access Complimentary,22917089847,2026-09-21,2026-10-21,30.0,30 days,Calculated 30-day,2.0,2,"Sep 2026, Oct 2026",Sep 2026 (bal 4.0) · Oct 2026 (bal 20.0),0.0,16.0,20,20.0,4.0,16.0,4.0,24.0,"shows 20 min, should be 4 (overstated by 16 — 16 earlier-month min not carried forward)","🚩 Balance not carried forward — shows 20, should be 4 (overstated +16)",OK - CALCULATED
26793885,24340344605,Convo Now,live,Convo Now: Access Complimentary,22916512953,2026-09-10,2026-10-10,30.0,30 days,Calculated 30-day,2.0,2,"Sep 2026, Oct 2026",Sep 2026 (bal -1.0) · Oct 2026 (bal 20.0),0.0,21.0,20,20.0,0.0,20.0,0.0,19.0,"shows 20 min, should be 0 (overstated by 20 — 21 earlier-month min not carried forward)","🚩 Balance not carried forward — shows 20, should be 0 (overstated +20)",OK - CALCULATED
57248702,24340344734,Convo Now,live,Convo Now: Access Complimentary,22916740251,2026-09-21,2026-10-21,30.0,30 days,Calculated 30-day,2.0,2,"Sep 2026, Oct 2026",Sep 2026 (bal -41.0) · Oct 2026 (bal 20.0),0.0,61.0,20,20.0,0.0,20.0,0.0,-21.0,"shows 20 min, should be 0 (overstated by 20 — 61 earlier-month min not carried forward)","🚩 Balance not carried forward — shows 20, should be 0 (overstated +20)",OK - CALCULATED
57099009,24340344893,Convo Now,live,Convo Now: Access Complimentary,22916621865,2026-09-21,2026-10-21,30.0,30 days,Calculated 30-day,2.0,2,"Sep 2026, Oct 2026",Sep 2026 (bal 10.0) · Oct 2026 (bal 20.0),0.0,10.0,20,20.0,10.0,10.0,10.0,30.0,"shows 20 min, should be 10 (overstated by 10 — 10 earlier-month min not carried forward)","🚩 Balance not carried forward — shows 20, should be 10 (overstated +10)",OK - CALCULATED
80496281,24340344991,Convo Now,live,Convo Now: Access Complimentary,22904357752,2026-09-29,2026-10-29,30.0,30 days,Calculated 30-day,2.0,2,"Sep 2026, Oct 2026",Sep 2026 (bal 19.0) · Oct 2026 (bal 20.0),0.0,1.0,20,20.0,19.0,1.0,19.0,39.0,"shows 20 min, should be 19 (overstated by 1 — 1 earlier-month min not carried forward)","🚩 Balance not carried forward — shows 20, should be 19 (overstated +1)",OK - CALCULATED
52781696,24340362679,Convo Now,live,Convo Now: Access Complimentary,22919401286,2026-09-21,2026-10-21,30.0,30 days,Calculated 30-day,2.0,2,"Sep 2026, Oct 2026",Sep 2026 (bal 14.0) · Oct 2026 (bal 20.0),0.0,6.0,20,20.0,14.0,6.0,14.0,34.0,"shows 20 min, should be 14 (overstated by 6 — 6 earlier-month min not carried forward)","🚩 Balance not carried forward — shows 20, should be 14 (overstated +6)",OK - CALCULATED
30552093,24340363156,Convo Now,live,Convo Now: Access Complimentary,23278162592,2026-09-21,2026-10-21,30.0,30 days,Calculated 30-day,2.0,2,"Sep 2026, Oct 2026",Sep 2026 (bal 16.0) · Oct 2026 (bal 20.0),0.0,4.0,20,20.0,16.0,4.0,16.0,36.0,"shows 20 min, should be 16 (overstated by 4 — 4 earlier-month min not carried forward)","🚩 Balance not carried forward — shows 20, should be 16 (overstated +4)",OK - CALCULATED
73794451,24340363555,Convo Now,live,Convo Now: Access Complimentary,22907620420,2026-09-23,2026-10-23,30.0,30 days,Calculated 30-day,2.0,2,"Sep 2026, Oct 2026",Sep 2026 (bal 2.0) · Oct 2026 (bal 17.0),0.0,21.0,20,17.0,0.0,17.0,0.0,19.0,"shows 17 min, should be 0 (overstated by 17 — 18 earlier-month min not carried forward)","🚩 Balance not carried forward — shows 17, should be 0 (overstated +17)",OK - CALCULATED
82820145,24340504206,Convo Now,live,Convo Now: Access Complimentary,22917207456,2026-09-21,2026-10-21,30.0,30 days,Calculated 30-day,2.0,2,"Sep 2026, Oct 2026",Sep 2026 (bal 0.0) · Oct 2026 (bal 20.0),0.0,20.0,20,20.0,0.0,20.0,0.0,20.0,"shows 20 min, should be 0 (overstated by 20 — 20 earlier-month min not carried forward)","🚩 Balance not carried forward — shows 20, should be 0 (overstated +20)",OK - CALCULATED
58208772,24340505102,Convo Now,live,Convo Now: Access Complimentary,22916512947,2026-09-10,2026-10-10,30.0,30 days,Calculated 30-day,2.0,2,"Sep 2026, Oct 2026",Sep 2026 (bal 0.0) · Oct 2026 (bal 20.0),0.0,20.0,20,20.0,0.0,20.0,0.0,20.0,"shows 20 min, should be 0 (overstated by 20 — 20 earlier-month min not carried forward)","🚩 Balance not carried forward — shows 20, should be 0 (overstated +20)",OK - CALCULATED
18848431,24340505680,Convo Now,live,Convo Now: Access Complimentary,22919379003,2026-09-21,2026-10-21,30.0,30 days,Calculated 30-day,2.0,2,"Sep 2026, Oct 2026",Sep 2026 (bal -7.0) · Oct 2026 (bal 20.0),0.0,27.0,20,20.0,0.0,20.0,0.0,13.0,"shows 20 min, should be 0 (overstated by 20 — 27 earlier-month min not carried forward)","🚩 Balance not carried forward — shows 20, should be 0 (overstated +20)",OK - CALCULATED
28551739,24340505985,Convo Now,live,Convo Now: Access Complimentary,22914402399,2026-09-17,2026-10-17,30.0,30 days,Calculated 30-day,2.0,2,"Sep 2026, Oct 2026",Sep 2026 (bal -33.0) · Oct 2026 (bal 20.0),0.0,53.0,20,20.0,0.0,20.0,0.0,-13.0,"shows 20 min, should be 0 (overstated by 20 — 53 earlier-month min not carried forward)","🚩 Balance not carried forward — shows 20, should be 0 (overstated +20)",OK - CALCULATED
70534834,24340506456,Convo Now,live,Convo Now: Access Complimentary,22916513053,2026-09-13,2026-10-13,30.0,30 days,Calculated 30-day,2.0,2,"Sep 2026, Oct 2026",Sep 2026 (bal -57.0) · Oct 2026 (bal 20.0),0.0,77.0,20,20.0,0.0,20.0,0.0,-37.0,"shows 20 min, should be 0 (overstated by 20 — 77 earlier-month min not carried forward)","🚩 Balance not carried forward — shows 20, should be 0 (overstated +20)",OK - CALCULATED
34920140,24340506881,Convo Now,live,Convo Now: Access Complimentary,22910133542,2026-09-25,2026-10-25,30.0,30 days,Calculated 30-day,2.0,2,"Sep 2026, Oct 2026",Sep 2026 (bal 16.0) · Oct 2026 (bal 20.0),0.0,4.0,20,20.0,16.0,4.0,16.0,36.0,"shows 20 min, should be 16 (overstated by 4 — 4 earlier-month min not carried forward)","🚩 Balance not carried forward — shows 20, should be 16 (overstated +4)",OK - CALCULATED
22471357,24340653236,Convo Now,live,Convo Now: Access Complimentary,22919401340,2026-09-21,2026-10-21,30.0,30 days,Calculated 30-day,2.0,2,"Sep 2026, Oct 2026",Sep 2026 (bal 19.0) · Oct 2026 (bal 20.0),0.0,1.0,20,20.0,19.0,1.0,19.0,39.0,"shows 20 min, should be 19 (overstated by 1 — 1 earlier-month min not carried forward)","🚩 Balance not carried forward — shows 20, should be 19 (overstated +1)",OK - CALCULATED
91888156,24340653880,Convo Now,live,Convo Now: Access Complimentary,22917141573,2026-09-21,2026-10-21,30.0,30 days,Calculated 30-day,2.0,2,"Sep 2026, Oct 2026",Sep 2026 (bal 10.0) · Oct 2026 (bal 20.0),0.0,10.0,20,20.0,10.0,10.0,10.0,30.0,"shows 20 min, should be 10 (overstated by 10 — 10 earlier-month min not carried forward)","🚩 Balance not carried forward — shows 20, should be 10 (overstated +10)",OK - CALCULATED
34279101,24340653884,Convo Now,live,Convo Now: Access Complimentary,22906445395,2026-09-21,2026-10-21,30.0,30 days,Calculated 30-day,2.0,2,"Sep 2026, Oct 2026",Sep 2026 (bal 16.0) · Oct 2026 (bal 20.0),0.0,4.0,20,20.0,16.0,4.0,16.0,36.0,"shows 20 min, should be 16 (overstated by 4 — 4 earlier-month min not carried forward)","🚩 Balance not carried forward — shows 20, should be 16 (overstated +4)",OK - CALCULATED
94128128,24340654264,Convo Now,live,Convo Now: Access Complimentary,22917929369,2026-09-21,2026-10-21,30.0,30 days,Calculated 30-day,2.0,2,"Sep 2026, Oct 2026",Sep 2026 (bal 13.0) · Oct 2026 (bal 20.0),0.0,7.0,20,20.0,13.0,7.0,13.0,33.0,"shows 20 min, should be 13 (overstated by 7 — 7 earlier-month min not carried forward)","🚩 Balance not carried forward — shows 20, should be 13 (overstated +7)",OK - CALCULATED
79812645,24340654363,Convo Now,live,Convo Now: Access Complimentary,22913888332,2026-09-22,2026-10-22,30.0,30 days,Calculated 30-day,2.0,2,"Sep 2026, Oct 2026",Sep 2026 (bal -31.0) · Oct 2026 (bal 20.0),0.0,51.0,20,20.0,0.0,20.0,0.0,-11.0,"shows 20 min, should be 0 (overstated by 20 — 51 earlier-month min not carried forward)","🚩 Balance not carried forward — shows 20, should be 0 (overstated +20)",OK - CALCULATED
53820990,24340654490,Convo Now,live,Convo Now: Access Complimentary,22917219128,2026-09-21,2026-10-21,30.0,30 days,Calculated 30-day,2.0,2,"Sep 2026, Oct 2026",Sep 2026 (bal 18.0) · Oct 2026 (bal 20.0),0.0,2.0,20,20.0,18.0,2.0,18.0,38.0,"shows 20 min, should be 18 (overstated by 2 — 2 earlier-month min not carried forward)","🚩 Balance not carried forward — shows 20, should be 18 (overstated +2)",OK - CALCULATED
87426790,24340654503,Convo Now,live,Convo Now: Access Complimentary,22917929387,2026-09-21,2026-10-21,30.0,30 days,Calculated 30-day,2.0,2,"Sep 2026, Oct 2026",Sep 2026 (bal 13.0) · Oct 2026 (bal 16.0),0.0,11.0,20,16.0,9.0,7.0,9.0,29.0,"shows 16 min, should be 9 (overstated by 7 — 7 earlier-month min not carried forward)","🚩 Balance not carried forward — shows 16, should be 9 (overstated +7)",OK - CALCULATED
21379962,24340654651,Convo Now,live,Convo Now: Access Complimentary,22917218233,2026-09-21,2026-10-21,30.0,30 days,Calculated 30-day,2.0,2,"Sep 2026, Oct 2026",Sep 2026 (bal -62.0) · Oct 2026 (bal 20.0),0.0,82.0,20,20.0,0.0,20.0,0.0,-42.0,"shows 20 min, should be 0 (overstated by 20 — 82 earlier-month min not carried forward)","🚩 Balance not carried forward — shows 20, should be 0 (overstated +20)",OK - CALCULATED
38752089,24340654871,Convo Now,live,Convo Now: Access Complimentary,22916594274,2026-09-21,2026-10-21,30.0,30 days,Calculated 30-day,2.0,2,"Sep 2026, Oct 2026",Sep 2026 (bal 17.0) · Oct 2026 (bal 20.0),0.0,3.0,20,20.0,17.0,3.0,17.0,37.0,"shows 20 min, should be 17 (overstated by 3 — 3 earlier-month min not carried forward)","🚩 Balance not carried forward — shows 20, should be 17 (overstated +3)",OK - CALCULATED
12924896,24340655021,Convo Now,live,Convo Now: Access Complimentary,22906599993,2026-09-09,2026-10-09,30.0,30 days,Calculated 30-day,2.0,2,"Sep 2026, Oct 2026",Sep 2026 (bal 6.0) · Oct 2026 (bal 20.0),0.0,14.0,20,20.0,6.0,14.0,6.0,26.0,"shows 20 min, should be 6 (overstated by 14 — 14 earlier-month min not carried forward)","🚩 Balance not carried forward — shows 20, should be 6 (overstated +14)",OK - CALCULATED
39612737,24340655164,Convo Now,live,Convo Now: Access Complimentary,22917141525,2026-09-21,2026-10-21,30.0,30 days,Calculated 30-day,2.0,2,"Sep 2026, Oct 2026",Sep 2026 (bal 17.0) · Oct 2026 (bal 20.0),0.0,3.0,20,20.0,17.0,3.0,17.0,37.0,"shows 20 min, should be 17 (overstated by 3 — 3 earlier-month min not carried forward)","🚩 Balance not carried forward — shows 20, should be 17 (overstated +3)",OK - CALCULATED
41217888,24340655165,Convo Now,live,Convo Now: Access Complimentary,22913388197,2026-09-07,2026-10-07,30.0,30 days,Calculated 30-day,2.0,2,"Sep 2026, Oct 2026",Sep 2026 (bal 12.0) · Oct 2026 (bal 20.0),0.0,8.0,20,20.0,12.0,8.0,12.0,32.0,"shows 20 min, should be 12 (overstated by 8 — 8 earlier-month min not carried forward)","🚩 Balance not carried forward — shows 20, should be 12 (overstated +8)",OK - CALCULATED
33090947,24340674845,Convo Now,live,Convo Now: Access Complimentary,22918835069,2026-09-21,2026-10-21,30.0,30 days,Calculated 30-day,2.0,2,"Sep 2026, Oct 2026",Sep 2026 (bal -35.0) · Oct 2026 (bal 17.0),0.0,58.0,20,17.0,0.0,17.0,0.0,-18.0,"shows 17 min, should be 0 (overstated by 17 — 55 earlier-month min not carried forward)","🚩 Balance not carried forward — shows 17, should be 0 (overstated +17)",OK - CALCULATED
93614604,24341710699,Convo Now,live,Convo Now: Access Complimentary,22914080515,2026-09-17,2026-10-17,30.0,30 days,Calculated 30-day,2.0,2,"Sep 2026, Oct 2026",Sep 2026 (bal 15.0) · Oct 2026 (bal 20.0),0.0,5.0,20,20.0,15.0,5.0,15.0,35.0,"shows 20 min, should be 15 (overstated by 5 — 5 earlier-month min not carried forward)","🚩 Balance not carried forward — shows 20, should be 15 (overstated +5)",OK - CALCULATED
63021372,24341711029,Convo Now,live,Convo Now: Access Complimentary,22908295234,2026-09-07,2026-10-07,30.0,30 days,Calculated 30-day,2.0,2,"Sep 2026, Oct 2026",Sep 2026 (bal 8.0) · Oct 2026 (bal 20.0),0.0,12.0,20,20.0,8.0,12.0,8.0,28.0,"shows 20 min, should be 8 (overstated by 12 — 12 earlier-month min not carried forward)","🚩 Balance not carried forward — shows 20, should be 8 (overstated +12)",OK - CALCULATED
50984282,24341711504,Convo Now,live,Convo Now: Access Complimentary,22916574371,2026-09-21,2026-10-21,30.0,30 days,Calculated 30-day,2.0,2,"Sep 2026, Oct 2026",Sep 2026 (bal 7.0) · Oct 2026 (bal 20.0),0.0,13.0,20,20.0,7.0,13.0,7.0,27.0,"shows 20 min, should be 7 (overstated by 13 — 13 earlier-month min not carried forward)","🚩 Balance not carried forward — shows 20, should be 7 (overstated +13)",OK - CALCULATED
66459613,24341730200,Convo Now,live,Convo Now: Access Complimentary,22964193134,2026-09-21,2026-10-21,30.0,30 days,Calculated 30-day,2.0,2,"Sep 2026, Oct 2026",Sep 2026 (bal 7.0) · Oct 2026 (bal 20.0),0.0,13.0,20,20.0,7.0,13.0,7.0,27.0,"shows 20 min, should be 7 (overstated by 13 — 13 earlier-month min not carried forward)","🚩 Balance not carried forward — shows 20, should be 7 (overstated +13)",OK - CALCULATED
81577245,24341730218,Convo Now,live,Convo Now: Access Complimentary,22917176479,2026-09-21,2026-10-21,30.0,30 days,Calculated 30-day,2.0,2,"Sep 2026, Oct 2026",Sep 2026 (bal 19.0) · Oct 2026 (bal 20.0),0.0,1.0,20,20.0,19.0,1.0,19.0,39.0,"shows 20 min, should be 19 (overstated by 1 — 1 earlier-month min not carried forward)","🚩 Balance not carried forward — shows 20, should be 19 (overstated +1)",OK - CALCULATED
13005206,24341730705,Convo Now,live,Convo Now: Access Complimentary,22908885146,2026-09-18,2026-10-18,30.0,30 days,Calculated 30-day,2.0,2,"Sep 2026, Oct 2026",Sep 2026 (bal 14.0) · Oct 2026 (bal 20.0),0.0,6.0,20,20.0,14.0,6.0,14.0,34.0,"shows 20 min, should be 14 (overstated by 6 — 6 earlier-month min not carried forward)","🚩 Balance not carried forward — shows 20, should be 14 (overstated +6)",OK - CALCULATED
20641647,24341730884,Convo Now,live,Convo Now: Access Complimentary,22908250412,2026-09-12,2026-10-12,30.0,30 days,Calculated 30-day,2.0,2,"Sep 2026, Oct 2026",Sep 2026 (bal -35.0) · Oct 2026 (bal 20.0),0.0,55.0,20,20.0,0.0,20.0,0.0,-15.0,"shows 20 min, should be 0 (overstated by 20 — 55 earlier-month min not carried forward)","🚩 Balance not carried forward — shows 20, should be 0 (overstated +20)",OK - CALCULATED
85718286,24341730887,Convo Now,live,Convo Now: Access Complimentary,22919379029,2026-09-21,2026-10-21,30.0,30 days,Calculated 30-day,2.0,2,"Sep 2026, Oct 2026",Sep 2026 (bal -52.0) · Oct 2026 (bal 20.0),0.0,72.0,20,20.0,0.0,20.0,0.0,-32.0,"shows 20 min, should be 0 (overstated by 20 — 72 earlier-month min not carried forward)","🚩 Balance not carried forward — shows 20, should be 0 (overstated +20)",OK - CALCULATED
81732327,24341730889,Convo Now,live,Convo Now: Access Complimentary,22916554152,2026-09-29,2026-10-29,30.0,30 days,Calculated 30-day,2.0,2,"Sep 2026, Oct 2026",Sep 2026 (bal -5.0) · Oct 2026 (bal 20.0),0.0,25.0,20,20.0,0.0,20.0,0.0,15.0,"shows 20 min, should be 0 (overstated by 20 — 25 earlier-month min not carried forward)","🚩 Balance not carried forward — shows 20, should be 0 (overstated +20)",OK - CALCULATED
53575742,24341730950,Convo Now,live,Convo Now: Access Complimentary,22906640759,2026-09-30,2026-10-30,30.0,30 days,Calculated 30-day,2.0,2,"Sep 2026, Oct 2026",Sep 2026 (bal -4.0) · Oct 2026 (bal 20.0),0.0,24.0,20,20.0,0.0,20.0,0.0,16.0,"shows 20 min, should be 0 (overstated by 20 — 24 earlier-month min not carried forward)","🚩 Balance not carried forward — shows 20, should be 0 (overstated +20)",OK - CALCULATED
24064464,24341731153,Convo Now,live,Convo Now: Access Complimentary,22906945915,2026-09-21,2026-10-21,30.0,30 days,Calculated 30-day,2.0,2,"Sep 2026, Oct 2026",Sep 2026 (bal 18.0) · Oct 2026 (bal 20.0),0.0,2.0,20,20.0,18.0,2.0,18.0,38.0,"shows 20 min, should be 18 (overstated by 2 — 2 earlier-month min not carried forward)","🚩 Balance not carried forward — shows 20, should be 18 (overstated +2)",OK - CALCULATED
83246537,24342029102,Convo Now,live,Convo Now: Access Complimentary,22908250401,2026-09-10,2026-10-10,30.0,30 days,Calculated 30-day,2.0,2,"Sep 2026, Oct 2026",Sep 2026 (bal -8.0) · Oct 2026 (bal 20.0),0.0,28.0,20,20.0,0.0,20.0,0.0,12.0,"shows 20 min, should be 0 (overstated by 20 — 28 earlier-month min not carried forward)","🚩 Balance not carried forward — shows 20, should be 0 (overstated +20)",OK - CALCULATED
11940048,24342029339,Convo Now,live,Convo Now: Access Complimentary,22910085639,2026-09-28,2026-10-28,30.0,30 days,Calculated 30-day,2.0,2,"Sep 2026, Oct 2026",Sep 2026 (bal -1.0) · Oct 2026 (bal 20.0),0.0,21.0,20,20.0,0.0,20.0,0.0,19.0,"shows 20 min, should be 0 (overstated by 20 — 21 earlier-month min not carried forward)","🚩 Balance not carried forward — shows 20, should be 0 (overstated +20)",OK - CALCULATED
16441955,24342030165,Convo Now,live,Convo Now: Access Complimentary,22874912119,2026-09-09,2026-10-09,30.0,30 days,Calculated 30-day,2.0,2,"Sep 2026, Oct 2026",Sep 2026 (bal -14.0) · Oct 2026 (bal 20.0),0.0,34.0,20,20.0,0.0,20.0,0.0,6.0,"shows 20 min, should be 0 (overstated by 20 — 34 earlier-month min not carried forward)","🚩 Balance not carried forward — shows 20, should be 0 (overstated +20)",OK - CALCULATED
48119604,24342030376,Convo Now,live,Convo Now: Access Complimentary,22918835213,2026-09-21,2026-10-21,30.0,30 days,Calculated 30-day,2.0,2,"Sep 2026, Oct 2026",Sep 2026 (bal -28.0) · Oct 2026 (bal 20.0),0.0,48.0,20,20.0,0.0,20.0,0.0,-8.0,"shows 20 min, should be 0 (overstated by 20 — 48 earlier-month min not carried forward)","🚩 Balance not carried forward — shows 20, should be 0 (overstated +20)",OK - CALCULATED
97547153,24342051099,Convo Now,live,Convo Now: Access Complimentary,22916740234,2026-09-21,2026-10-21,30.0,30 days,Calculated 30-day,2.0,2,"Sep 2026, Oct 2026",Sep 2026 (bal 19.0) · Oct 2026 (bal 20.0),0.0,1.0,20,20.0,19.0,1.0,19.0,39.0,"shows 20 min, should be 19 (overstated by 1 — 1 earlier-month min not carried forward)","🚩 Balance not carried forward — shows 20, should be 19 (overstated +1)",OK - CALCULATED
63397593,24342051185,Convo Now,live,Convo Now: Access Complimentary,22917176492,2026-09-21,2026-10-21,30.0,30 days,Calculated 30-day,2.0,2,"Sep 2026, Oct 2026",Sep 2026 (bal 12.0) · Oct 2026 (bal 12.0),0.0,16.0,20,12.0,4.0,8.0,4.0,24.0,"shows 12 min, should be 4 (overstated by 8 — 8 earlier-month min not carried forward)","🚩 Balance not carried forward — shows 12, should be 4 (overstated +8)",OK - CALCULATED
74440676,24342051219,Convo Now,live,Convo Now: Access Complimentary,22919401271,2026-09-21,2026-10-21,30.0,30 days,Calculated 30-day,2.0,2,"Sep 2026, Oct 2026",Sep 2026 (bal 17.0) · Oct 2026 (bal 20.0),0.0,3.0,20,20.0,17.0,3.0,17.0,37.0,"shows 20 min, should be 17 (overstated by 3 — 3 earlier-month min not carried forward)","🚩 Balance not carried forward — shows 20, should be 17 (overstated +3)",OK - CALCULATED
75625638,24342495261,Convo Now,live,Convo Now: Access Complimentary,22917141548,2026-09-21,2026-10-21,30.0,30 days,Calculated 30-day,2.0,2,"Sep 2026, Oct 2026",Sep 2026 (bal -4.0) · Oct 2026 (bal 16.0),0.0,28.0,20,16.0,0.0,16.0,0.0,12.0,"shows 16 min, should be 0 (overstated by 16 — 24 earlier-month min not carried forward)","🚩 Balance not carried forward — shows 16, should be 0 (overstated +16)",OK - CALCULATED
73226528,24342495576,Convo Now,live,Convo Now: Access Complimentary,22917929345,2026-09-21,2026-10-21,30.0,30 days,Calculated 30-day,2.0,2,"Sep 2026, Oct 2026",Sep 2026 (bal -24.0) · Oct 2026 (bal 5.0),0.0,59.0,20,5.0,0.0,5.0,0.0,-19.0,"shows 5 min, should be 0 (overstated by 5 — 44 earlier-month min not carried forward)","🚩 Balance not carried forward — shows 5, should be 0 (overstated +5)",OK - CALCULATED
84522978,24342495808,Convo Now,live,Convo Now: Access Complimentary,22916870278,2026-09-21,2026-10-21,30.0,30 days,Calculated 30-day,2.0,2,"Sep 2026, Oct 2026",Sep 2026 (bal 10.0) · Oct 2026 (bal 12.0),0.0,18.0,20,12.0,2.0,10.0,2.0,22.0,"shows 12 min, should be 2 (overstated by 10 — 10 earlier-month min not carried forward)","🚩 Balance not carried forward — shows 12, should be 2 (overstated +10)",OK - CALCULATED
60479782,24342495838,Convo Now,live,Convo Now: Access Complimentary,22906532381,2026-09-21,2026-10-21,30.0,30 days,Calculated 30-day,2.0,2,"Sep 2026, Oct 2026",Sep 2026 (bal -3.0) · Oct 2026 (bal 1.0),0.0,42.0,20,1.0,0.0,1.0,0.0,-2.0,"shows 1 min, should be 0 (overstated by 1 — 23 earlier-month min not carried forward)","🚩 Balance not carried forward — shows 1, should be 0 (overstated +1)",OK - CALCULATED
36060567,24342496298,Convo Now,live,Convo Now: Access Complimentary,22916621707,2026-09-21,2026-10-21,30.0,30 days,Calculated 30-day,2.0,2,"Sep 2026, Oct 2026",Sep 2026 (bal 17.0) · Oct 2026 (bal 20.0),0.0,3.0,20,20.0,17.0,3.0,17.0,37.0,"shows 20 min, should be 17 (overstated by 3 — 3 earlier-month min not carried forward)","🚩 Balance not carried forward — shows 20, should be 17 (overstated +3)",OK - CALCULATED
69468783,24342496299,Convo Now,live,Convo Now: Access Complimentary,22917219148,2026-09-21,2026-10-21,30.0,30 days,Calculated 30-day,2.0,2,"Sep 2026, Oct 2026",Sep 2026 (bal 12.0) · Oct 2026 (bal 14.0),0.0,14.0,20,14.0,6.0,8.0,6.0,26.0,"shows 14 min, should be 6 (overstated by 8 — 8 earlier-month min not carried forward)","🚩 Balance not carried forward — shows 14, should be 6 (overstated +8)",OK - CALCULATED
10755827,24342496420,Convo Now,live,Convo Now: Access Complimentary,22917218180,2026-09-21,2026-10-21,30.0,30 days,Calculated 30-day,2.0,2,"Sep 2026, Oct 2026",Sep 2026 (bal -40.0) · Oct 2026 (bal 20.0),0.0,60.0,20,20.0,0.0,20.0,0.0,-20.0,"shows 20 min, should be 0 (overstated by 20 — 60 earlier-month min not carried forward)","🚩 Balance not carried forward — shows 20, should be 0 (overstated +20)",OK - CALCULATED
80276205,24342517681,Convo Now,live,Convo Now: Access Complimentary,22906445403,2026-09-21,2026-10-21,30.0,30 days,Calculated 30-day,2.0,2,"Sep 2026, Oct 2026",Sep 2026 (bal 3.0) · Oct 2026 (bal 20.0),0.0,17.0,20,20.0,3.0,17.0,3.0,23.0,"shows 20 min, should be 3 (overstated by 17 — 17 earlier-month min not carried forward)","🚩 Balance not carried forward — shows 20, should be 3 (overstated +17)",OK - CALCULATED
15806012,24342518019,Convo Now,live,Convo Now: Access Complimentary,22913732636,2026-09-27,2026-10-27,30.0,30 days,Calculated 30-day,2.0,2,"Sep 2026, Oct 2026",Sep 2026 (bal 17.0) · Oct 2026 (bal 20.0),0.0,3.0,20,20.0,17.0,3.0,17.0,37.0,"shows 20 min, should be 17 (overstated by 3 — 3 earlier-month min not carried forward)","🚩 Balance not carried forward — shows 20, should be 17 (overstated +3)",OK - CALCULATED
80755418,24342518282,Convo Now,live,Convo Now: Access Complimentary,22916512922,2026-09-10,2026-10-10,30.0,30 days,Calculated 30-day,2.0,2,"Sep 2026, Oct 2026",Sep 2026 (bal -5.0) · Oct 2026 (bal 20.0),0.0,25.0,20,20.0,0.0,20.0,0.0,15.0,"shows 20 min, should be 0 (overstated by 20 — 25 earlier-month min not carried forward)","🚩 Balance not carried forward — shows 20, should be 0 (overstated +20)",OK - CALCULATED
51034064,24342518302,Convo Now,live,Convo Now: Access Complimentary,22916594301,2026-09-21,2026-10-21,30.0,30 days,Calculated 30-day,2.0,2,"Sep 2026, Oct 2026",Sep 2026 (bal -6.0) · Oct 2026 (bal 20.0),0.0,26.0,20,20.0,0.0,20.0,0.0,14.0,"shows 20 min, should be 0 (overstated by 20 — 26 earlier-month min not carried forward)","🚩 Balance not carried forward — shows 20, should be 0 (overstated +20)",OK - CALCULATED
64015675,24342518376,Convo Now,live,Convo Now: Access Complimentary,22908885286,2026-09-15,2026-10-15,30.0,30 days,Calculated 30-day,2.0,2,"Sep 2026, Oct 2026",Sep 2026 (bal -7.0) · Oct 2026 (bal 9.0),0.0,38.0,20,9.0,0.0,9.0,0.0,2.0,"shows 9 min, should be 0 (overstated by 9 — 27 earlier-month min not carried forward)","🚩 Balance not carried forward — shows 9, should be 0 (overstated +9)",OK - CALCULATED
52460200,24342640179,Convo Now,live,Convo Now: Access Complimentary,22917141563,2026-09-21,2026-10-21,30.0,30 days,Calculated 30-day,2.0,2,"Sep 2026, Oct 2026",Sep 2026 (bal 18.0) · Oct 2026 (bal 20.0),0.0,2.0,20,20.0,18.0,2.0,18.0,38.0,"shows 20 min, should be 18 (overstated by 2 — 2 earlier-month min not carried forward)","🚩 Balance not carried forward — shows 20, should be 18 (overstated +2)",OK - CALCULATED
84500463,24342641330,Convo Now,live,Convo Now: Access Complimentary,22917275815,2026-09-21,2026-10-21,30.0,30 days,Calculated 30-day,2.0,2,"Sep 2026, Oct 2026",Sep 2026 (bal 8.0) · Oct 2026 (bal 20.0),0.0,12.0,20,20.0,8.0,12.0,8.0,28.0,"shows 20 min, should be 8 (overstated by 12 — 12 earlier-month min not carried forward)","🚩 Balance not carried forward — shows 20, should be 8 (overstated +12)",OK - CALCULATED
95344073,24342641335,Convo Now,live,Convo Now: Access Complimentary,24204829614,2026-09-12,2026-10-12,30.0,30 days,Calculated 30-day,2.0,2,"Sep 2026, Oct 2026",Sep 2026 (bal 11.0) · Oct 2026 (bal 20.0),0.0,9.0,20,20.0,11.0,9.0,11.0,31.0,"shows 20 min, should be 11 (overstated by 9 — 9 earlier-month min not carried forward)","🚩 Balance not carried forward — shows 20, should be 11 (overstated +9)",OK - CALCULATED
86504949,24342641409,Convo Now,live,Convo Now: Access Complimentary,22908464171,2026-09-21,2026-10-21,30.0,30 days,Calculated 30-day,2.0,2,"Sep 2026, Oct 2026",Sep 2026 (bal 17.0) · Oct 2026 (bal 20.0),0.0,3.0,20,20.0,17.0,3.0,17.0,37.0,"shows 20 min, should be 17 (overstated by 3 — 3 earlier-month min not carried forward)","🚩 Balance not carried forward — shows 20, should be 17 (overstated +3)",OK - CALCULATED
49949037,24342641478,Convo Now,live,Convo Now: Access Complimentary,22916870300,2026-09-21,2026-10-21,30.0,30 days,Calculated 30-day,2.0,2,"Sep 2026, Oct 2026",Sep 2026 (bal -8.0) · Oct 2026 (bal 20.0),0.0,28.0,20,20.0,0.0,20.0,0.0,12.0,"shows 20 min, should be 0 (overstated by 20 — 28 earlier-month min not carried forward)","🚩 Balance not carried forward — shows 20, should be 0 (overstated +20)",OK - CALCULATED
17616607,24342641519,Convo Now,live,Convo Now: Access Complimentary,22916619526,2026-09-21,2026-10-21,30.0,30 days,Calculated 30-day,2.0,2,"Sep 2026, Oct 2026",Sep 2026 (bal 13.0) · Oct 2026 (bal 20.0),0.0,7.0,20,20.0,13.0,7.0,13.0,33.0,"shows 20 min, should be 13 (overstated by 7 — 7 earlier-month min not carried forward)","🚩 Balance not carried forward — shows 20, should be 13 (overstated +7)",OK - CALCULATED
46951680,24342642080,Convo Now,live,Convo Now: Access Complimentary,22916516256,2026-09-21,2026-10-21,30.0,30 days,Calculated 30-day,2.0,2,"Sep 2026, Oct 2026",Sep 2026 (bal 12.0) · Oct 2026 (bal 20.0),0.0,8.0,20,20.0,12.0,8.0,12.0,32.0,"shows 20 min, should be 12 (overstated by 8 — 8 earlier-month min not carried forward)","🚩 Balance not carried forward — shows 20, should be 12 (overstated +8)",OK - CALCULATED
90509705,24342642291,Convo Now,live,Convo Now: Access Complimentary,22917290511,2026-09-21,2026-10-21,30.0,30 days,Calculated 30-day,2.0,2,"Sep 2026, Oct 2026",Sep 2026 (bal -50.0) · Oct 2026 (bal 20.0),0.0,70.0,20,20.0,0.0,20.0,0.0,-30.0,"shows 20 min, should be 0 (overstated by 20 — 70 earlier-month min not carried forward)","🚩 Balance not carried forward — shows 20, should be 0 (overstated +20)",OK - CALCULATED
71220171,24342642540,Convo Now,live,Convo Now: Access Complimentary,22915206551,2026-09-12,2026-10-12,30.0,30 days,Calculated 30-day,2.0,2,"Sep 2026, Oct 2026",Sep 2026 (bal 16.0) · Oct 2026 (bal 20.0),0.0,4.0,20,20.0,16.0,4.0,16.0,36.0,"shows 20 min, should be 16 (overstated by 4 — 4 earlier-month min not carried forward)","🚩 Balance not carried forward — shows 20, should be 16 (overstated +4)",OK - CALCULATED
36004805,24342643048,Convo Now,live,Convo Now: Access Complimentary,22914080517,2026-09-16,2026-10-16,30.0,30 days,Calculated 30-day,2.0,2,"Sep 2026, Oct 2026",Sep 2026 (bal 8.0) · Oct 2026 (bal 20.0),0.0,12.0,20,20.0,8.0,12.0,8.0,28.0,"shows 20 min, should be 8 (overstated by 12 — 12 earlier-month min not carried forward)","🚩 Balance not carried forward — shows 20, should be 8 (overstated +12)",OK - CALCULATED
67810979,24342662260,Convo Now,live,Convo Now: Access Complimentary,22917207471,2026-09-21,2026-10-21,30.0,30 days,Calculated 30-day,2.0,2,"Sep 2026, Oct 2026",Sep 2026 (bal -33.0) · Oct 2026 (bal 20.0),0.0,53.0,20,20.0,0.0,20.0,0.0,-13.0,"shows 20 min, should be 0 (overstated by 20 — 53 earlier-month min not carried forward)","🚩 Balance not carried forward — shows 20, should be 0 (overstated +20)",OK - CALCULATED
72904225,24342662263,Convo Now,live,Convo Now: Access Complimentary,22917309876,2026-09-21,2026-10-21,30.0,30 days,Calculated 30-day,2.0,2,"Sep 2026, Oct 2026",Sep 2026 (bal -16.0) · Oct 2026 (bal 20.0),0.0,36.0,20,20.0,0.0,20.0,0.0,4.0,"shows 20 min, should be 0 (overstated by 20 — 36 earlier-month min not carried forward)","🚩 Balance not carried forward — shows 20, should be 0 (overstated +20)",OK - CALCULATED
75016185,24342662452,Convo Now,live,Convo Now: Access Complimentary,22917141520,2026-09-21,2026-10-21,30.0,30 days,Calculated 30-day,2.0,2,"Sep 2026, Oct 2026",Sep 2026 (bal 10.0) · Oct 2026 (bal 20.0),0.0,10.0,20,20.0,10.0,10.0,10.0,30.0,"shows 20 min, should be 10 (overstated by 10 — 10 earlier-month min not carried forward)","🚩 Balance not carried forward — shows 20, should be 10 (overstated +10)",OK - CALCULATED
75973562,24342801558,Convo Now,live,Convo Now: Access Complimentary,22913732516,2026-09-24,2026-10-24,30.0,30 days,Calculated 30-day,2.0,2,"Sep 2026, Oct 2026",Sep 2026 (bal 3.0) · Oct 2026 (bal 20.0),0.0,17.0,20,20.0,3.0,17.0,3.0,23.0,"shows 20 min, should be 3 (overstated by 17 — 17 earlier-month min not carried forward)","🚩 Balance not carried forward — shows 20, should be 3 (overstated +17)",OK - CALCULATED
85174884,24342801559,Convo Now,live,Convo Now: Access Complimentary,22913732626,2026-09-27,2026-10-27,30.0,30 days,Calculated 30-day,2.0,2,"Sep 2026, Oct 2026",Sep 2026 (bal 16.0) · Oct 2026 (bal 10.0),0.0,14.0,20,10.0,6.0,4.0,6.0,26.0,"shows 10 min, should be 6 (overstated by 4 — 4 earlier-month min not carried forward)","🚩 Balance not carried forward — shows 10, should be 6 (overstated +4)",OK - CALCULATED
30240755,24342802536,Convo Now,live,Convo Now: Access Complimentary,22906599997,2026-09-09,2026-10-09,30.0,30 days,Calculated 30-day,2.0,2,"Sep 2026, Oct 2026",Sep 2026 (bal -9.0) · Oct 2026 (bal 20.0),0.0,29.0,20,20.0,0.0,20.0,0.0,11.0,"shows 20 min, should be 0 (overstated by 20 — 29 earlier-month min not carried forward)","🚩 Balance not carried forward — shows 20, should be 0 (overstated +20)",OK - CALCULATED
79225397,24342802847,Convo Now,live,Convo Now: Access Complimentary,22904357756,2026-09-29,2026-10-29,30.0,30 days,Calculated 30-day,2.0,2,"Sep 2026, Oct 2026",Sep 2026 (bal -3.0) · Oct 2026 (bal 3.0),0.0,40.0,20,3.0,0.0,3.0,0.0,0.0,"shows 3 min, should be 0 (overstated by 3 — 23 earlier-month min not carried forward)","🚩 Balance not carried forward — shows 3, should be 0 (overstated +3)",OK - CALCULATED
43347577,24342802983,Convo Now,live,Convo Now: Access Complimentary,22908317335,2026-09-13,2026-10-13,30.0,30 days,Calculated 30-day,2.0,2,"Sep 2026, Oct 2026",Sep 2026 (bal 14.0) · Oct 2026 (bal 15.0),0.0,11.0,20,15.0,9.0,6.0,9.0,29.0,"shows 15 min, should be 9 (overstated by 6 — 6 earlier-month min not carried forward)","🚩 Balance not carried forward — shows 15, should be 9 (overstated +6)",OK - CALCULATED
98672523,24342803041,Convo Now,live,Convo Now: Access Complimentary,22917275930,2026-09-21,2026-10-21,30.0,30 days,Calculated 30-day,2.0,2,"Sep 2026, Oct 2026",Sep 2026 (bal -10.0) · Oct 2026 (bal 20.0),0.0,30.0,20,20.0,0.0,20.0,0.0,10.0,"shows 20 min, should be 0 (overstated by 20 — 30 earlier-month min not carried forward)","🚩 Balance not carried forward — shows 20, should be 0 (overstated +20)",OK - CALCULATED
74045166,24342803052,Convo Now,live,Convo Now: Access Complimentary,22917141521,2026-09-21,2026-10-21,30.0,30 days,Calculated 30-day,2.0,2,"Sep 2026, Oct 2026",Sep 2026 (bal 4.0) · Oct 2026 (bal 20.0),0.0,16.0,20,20.0,4.0,16.0,4.0,24.0,"shows 20 min, should be 4 (overstated by 16 — 16 earlier-month min not carried forward)","🚩 Balance not carried forward — shows 20, should be 4 (overstated +16)",OK - CALCULATED
57239633,24342803575,Convo Now,live,Convo Now: Access Complimentary,22916740214,2026-09-21,2026-10-21,30.0,30 days,Calculated 30-day,2.0,2,"Sep 2026, Oct 2026",Sep 2026 (bal 17.0) · Oct 2026 (bal 20.0),0.0,3.0,20,20.0,17.0,3.0,17.0,37.0,"shows 20 min, should be 17 (overstated by 3 — 3 earlier-month min not carried forward)","🚩 Balance not carried forward — shows 20, should be 17 (overstated +3)",OK - CALCULATED
44499258,24342803713,Convo Now,live,Convo Now: Access Complimentary,22917176481,2026-09-21,2026-10-21,30.0,30 days,Calculated 30-day,2.0,2,"Sep 2026, Oct 2026",Sep 2026 (bal 19.0) · Oct 2026 (bal 20.0),0.0,1.0,20,20.0,19.0,1.0,19.0,39.0,"shows 20 min, should be 19 (overstated by 1 — 1 earlier-month min not carried forward)","🚩 Balance not carried forward — shows 20, should be 19 (overstated +1)",OK - CALCULATED
26146638,24342803809,Convo Now,live,Convo Now: Access Complimentary,22919401280,2026-09-21,2026-10-21,30.0,30 days,Calculated 30-day,2.0,2,"Sep 2026, Oct 2026",Sep 2026 (bal -5.0) · Oct 2026 (bal 20.0),0.0,25.0,20,20.0,0.0,20.0,0.0,15.0,"shows 20 min, should be 0 (overstated by 20 — 25 earlier-month min not carried forward)","🚩 Balance not carried forward — shows 20, should be 0 (overstated +20)",OK - CALCULATED
59749343,24342825477,Convo Now,live,Convo Now: Access Complimentary,22912521478,2026-09-23,2026-10-23,30.0,30 days,Calculated 30-day,2.0,2,"Sep 2026, Oct 2026",Sep 2026 (bal 16.0) · Oct 2026 (bal 20.0),0.0,4.0,20,20.0,16.0,4.0,16.0,36.0,"shows 20 min, should be 16 (overstated by 4 — 4 earlier-month min not carried forward)","🚩 Balance not carried forward — shows 20, should be 16 (overstated +4)",OK - CALCULATED
98238909,24342825478,Convo Now,live,Convo Now: Access Complimentary,22906569817,2026-09-07,2026-10-07,30.0,30 days,Calculated 30-day,2.0,2,"Sep 2026, Oct 2026",Sep 2026 (bal 9.0) · Oct 2026 (bal 18.0),0.0,13.0,20,18.0,7.0,11.0,7.0,27.0,"shows 18 min, should be 7 (overstated by 11 — 11 earlier-month min not carried forward)","🚩 Balance not carried forward — shows 18, should be 7 (overstated +11)",OK - CALCULATED
66586743,24342825480,Convo Now,live,Convo Now: Access Complimentary,22908317280,2026-09-17,2026-10-17,30.0,30 days,Calculated 30-day,2.0,2,"Sep 2026, Oct 2026",Sep 2026 (bal 12.0) · Oct 2026 (bal 20.0),0.0,8.0,20,20.0,12.0,8.0,12.0,32.0,"shows 20 min, should be 12 (overstated by 8 — 8 earlier-month min not carried forward)","🚩 Balance not carried forward — shows 20, should be 12 (overstated +8)",OK - CALCULATED
64094731,24342969155,Convo Now,live,Convo Now: Access Complimentary,22919379005,2026-09-21,2026-10-21,30.0,30 days,Calculated 30-day,2.0,2,"Sep 2026, Oct 2026",Sep 2026 (bal 18.0) · Oct 2026 (bal 19.0),0.0,3.0,20,19.0,17.0,2.0,17.0,37.0,"shows 19 min, should be 17 (overstated by 2 — 2 earlier-month min not carried forward)","🚩 Balance not carried forward — shows 19, should be 17 (overstated +2)",OK - CALCULATED
32539792,24342969267,Convo Now,live,Convo Now: Access Complimentary,22908295243,2026-09-08,2026-10-08,30.0,30 days,Calculated 30-day,2.0,2,"Sep 2026, Oct 2026",Sep 2026 (bal 17.0) · Oct 2026 (bal 20.0),0.0,3.0,20,20.0,17.0,3.0,17.0,37.0,"shows 20 min, should be 17 (overstated by 3 — 3 earlier-month min not carried forward)","🚩 Balance not carried forward — shows 20, should be 17 (overstated +3)",OK - CALCULATED
14267161,24342969374,Convo Now,live,Convo Now: Access Complimentary,22908295248,2026-09-08,2026-10-08,30.0,30 days,Calculated 30-day,2.0,2,"Sep 2026, Oct 2026",Sep 2026 (bal 4.0) · Oct 2026 (bal 20.0),0.0,16.0,20,20.0,4.0,16.0,4.0,24.0,"shows 20 min, should be 4 (overstated by 16 — 16 earlier-month min not carried forward)","🚩 Balance not carried forward — shows 20, should be 4 (overstated +16)",OK - CALCULATED
72994615,24342969602,Convo Now,live,Convo Now: Access Complimentary,22916554131,2026-09-29,2026-10-29,30.0,30 days,Calculated 30-day,2.0,2,"Sep 2026, Oct 2026",Sep 2026 (bal 0.0) · Oct 2026 (bal 20.0),0.0,20.0,20,20.0,0.0,20.0,0.0,20.0,"shows 20 min, should be 0 (overstated by 20 — 20 earlier-month min not carried forward)","🚩 Balance not carried forward — shows 20, should be 0 (overstated +20)",OK - CALCULATED
56444081,24342969608,Convo Now,live,Convo Now: Access Complimentary,22913888277,2026-09-22,2026-10-22,30.0,30 days,Calculated 30-day,2.0,2,"Sep 2026, Oct 2026",Sep 2026 (bal -1.0) · Oct 2026 (bal 20.0),0.0,21.0,20,20.0,0.0,20.0,0.0,19.0,"shows 20 min, should be 0 (overstated by 20 — 21 earlier-month min not carried forward)","🚩 Balance not carried forward — shows 20, should be 0 (overstated +20)",OK - CALCULATED
69356287,24343103843,Convo Now,live,Convo Now: Access Complimentary,22906945901,2026-09-21,2026-10-21,30.0,30 days,Calculated 30-day,2.0,2,"Sep 2026, Oct 2026",Sep 2026 (bal -4.0) · Oct 2026 (bal 20.0),0.0,24.0,20,20.0,0.0,20.0,0.0,16.0,"shows 20 min, should be 0 (overstated by 20 — 24 earlier-month min not carried forward)","🚩 Balance not carried forward — shows 20, should be 0 (overstated +20)",OK - CALCULATED
45353510,24343104256,Convo Now,live,Convo Now: Access Complimentary,22955426405,2026-09-21,2026-10-21,30.0,30 days,Calculated 30-day,2.0,2,"Sep 2026, Oct 2026",Sep 2026 (bal 6.0) · Oct 2026 (bal 20.0),0.0,14.0,20,20.0,6.0,14.0,6.0,26.0,"shows 20 min, should be 6 (overstated by 14 — 14 earlier-month min not carried forward)","🚩 Balance not carried forward — shows 20, should be 6 (overstated +14)",OK - CALCULATED
40227273,24343104857,Convo Now,live,Convo Now: Access Complimentary,22906445389,2026-09-21,2026-10-21,30.0,30 days,Calculated 30-day,2.0,2,"Sep 2026, Oct 2026",Sep 2026 (bal -13.0) · Oct 2026 (bal 20.0),0.0,33.0,20,20.0,0.0,20.0,0.0,7.0,"shows 20 min, should be 0 (overstated by 20 — 33 earlier-month min not carried forward)","🚩 Balance not carried forward — shows 20, should be 0 (overstated +20)",OK - CALCULATED
44192751,24343105657,Convo Now,live,Convo Now: Access Complimentary,22908295253,2026-09-08,2026-10-08,30.0,30 days,Calculated 30-day,2.0,2,"Sep 2026, Oct 2026",Sep 2026 (bal 0.0) · Oct 2026 (bal 20.0),0.0,20.0,20,20.0,0.0,20.0,0.0,20.0,"shows 20 min, should be 0 (overstated by 20 — 20 earlier-month min not carried forward)","🚩 Balance not carried forward — shows 20, should be 0 (overstated +20)",OK - CALCULATED
37965872,24343105697,Convo Now,live,Convo Now: Access Complimentary,22908885275,2026-09-14,2026-10-14,30.0,30 days,Calculated 30-day,2.0,2,"Sep 2026, Oct 2026",Sep 2026 (bal -52.0) · Oct 2026 (bal 20.0),0.0,72.0,20,20.0,0.0,20.0,0.0,-32.0,"shows 20 min, should be 0 (overstated by 20 — 72 earlier-month min not carried forward)","🚩 Balance not carried forward — shows 20, should be 0 (overstated +20)",OK - CALCULATED
71488002,24343105703,Convo Now,live,Convo Now: Access Complimentary,22912521368,2026-09-22,2026-10-22,30.0,30 days,Calculated 30-day,2.0,2,"Sep 2026, Oct 2026",Sep 2026 (bal 13.0) · Oct 2026 (bal 20.0),0.0,7.0,20,20.0,13.0,7.0,13.0,33.0,"shows 20 min, should be 13 (overstated by 7 — 7 earlier-month min not carried forward)","🚩 Balance not carried forward — shows 20, should be 13 (overstated +7)",OK - CALCULATED
29788759,24343105869,Convo Now,live,Convo Now: Access Complimentary,22964193145,2026-09-21,2026-10-21,30.0,30 days,Calculated 30-day,2.0,2,"Sep 2026, Oct 2026",Sep 2026 (bal -8.0) · Oct 2026 (bal 20.0),0.0,28.0,20,20.0,0.0,20.0,0.0,12.0,"shows 20 min, should be 0 (overstated by 20 — 28 earlier-month min not carried forward)","🚩 Balance not carried forward — shows 20, should be 0 (overstated +20)",OK - CALCULATED
81627612,24343105870,Convo Now,live,Convo Now: Access Complimentary,22908464192,2026-09-21,2026-10-21,30.0,30 days,Calculated 30-day,2.0,2,"Sep 2026, Oct 2026",Sep 2026 (bal -35.0) · Oct 2026 (bal 20.0),0.0,55.0,20,20.0,0.0,20.0,0.0,-15.0,"shows 20 min, should be 0 (overstated by 20 — 55 earlier-month min not carried forward)","🚩 Balance not carried forward — shows 20, should be 0 (overstated +20)",OK - CALCULATED
91451535,24343105925,Convo Now,live,Convo Now: Access Complimentary,22908295259,2026-09-08,2026-10-08,30.0,30 days,Calculated 30-day,2.0,2,"Sep 2026, Oct 2026",Sep 2026 (bal -3.0) · Oct 2026 (bal 20.0),0.0,23.0,20,20.0,0.0,20.0,0.0,17.0,"shows 20 min, should be 0 (overstated by 20 — 23 earlier-month min not carried forward)","🚩 Balance not carried forward — shows 20, should be 0 (overstated +20)",OK - CALCULATED
61384859,24343125267,Convo Now,live,Convo Now: Access Complimentary,22913388191,2026-09-09,2026-10-09,30.0,30 days,Calculated 30-day,2.0,2,"Sep 2026, Oct 2026",Sep 2026 (bal -23.0) · Oct 2026 (bal 20.0),0.0,43.0,20,20.0,0.0,20.0,0.0,-3.0,"shows 20 min, should be 0 (overstated by 20 — 43 earlier-month min not carried forward)","🚩 Balance not carried forward — shows 20, should be 0 (overstated +20)",OK - CALCULATED
33094467,24343125408,Convo Now,live,Convo Now: Access Complimentary,22916516269,2026-09-21,2026-10-21,30.0,30 days,Calculated 30-day,2.0,2,"Sep 2026, Oct 2026",Sep 2026 (bal 17.0) · Oct 2026 (bal 20.0),0.0,3.0,20,20.0,17.0,3.0,17.0,37.0,"shows 20 min, should be 17 (overstated by 3 — 3 earlier-month min not carried forward)","🚩 Balance not carried forward — shows 20, should be 17 (overstated +3)",OK - CALCULATED
35133362,24343258951,Convo Now,live,Convo Now: Access Complimentary,22908295217,2026-09-08,2026-10-08,30.0,30 days,Calculated 30-day,2.0,2,"Sep 2026, Oct 2026",Sep 2026 (bal 18.0) · Oct 2026 (bal 20.0),0.0,2.0,20,20.0,18.0,2.0,18.0,38.0,"shows 20 min, should be 18 (overstated by 2 — 2 earlier-month min not carried forward)","🚩 Balance not carried forward — shows 20, should be 18 (overstated +2)",OK - CALCULATED
47718461,24343259161,Convo Now,live,Convo Now: Access Complimentary,22908885129,2026-09-18,2026-10-18,30.0,30 days,Calculated 30-day,2.0,2,"Sep 2026, Oct 2026",Sep 2026 (bal 19.0) · Oct 2026 (bal 7.0),0.0,14.0,20,7.0,6.0,1.0,6.0,26.0,"shows 7 min, should be 6 (overstated by 1 — 1 earlier-month min not carried forward)","🚩 Balance not carried forward — shows 7, should be 6 (overstated +1)",OK - CALCULATED
58995109,24343259546,Convo Now,live,Convo Now: Access Complimentary,22914535937,2026-09-23,2026-10-23,30.0,30 days,Calculated 30-day,2.0,2,"Sep 2026, Oct 2026",Sep 2026 (bal 19.0) · Oct 2026 (bal 20.0),0.0,1.0,20,20.0,19.0,1.0,19.0,39.0,"shows 20 min, should be 19 (overstated by 1 — 1 earlier-month min not carried forward)","🚩 Balance not carried forward — shows 20, should be 19 (overstated +1)",OK - CALCULATED
24329588,24343260217,Convo Now,live,Convo Now: Access Complimentary,22906945969,2026-09-21,2026-10-21,30.0,30 days,Calculated 30-day,2.0,2,"Sep 2026, Oct 2026",Sep 2026 (bal 19.0) · Oct 2026 (bal 20.0),0.0,1.0,20,20.0,19.0,1.0,19.0,39.0,"shows 20 min, should be 19 (overstated by 1 — 1 earlier-month min not carried forward)","🚩 Balance not carried forward — shows 20, should be 19 (overstated +1)",OK - CALCULATED
68973658,24343278149,Convo Now,live,Convo Now: Access Complimentary,22952415519,2026-09-21,2026-10-21,30.0,30 days,Calculated 30-day,2.0,2,"Sep 2026, Oct 2026",Sep 2026 (bal 18.0) · Oct 2026 (bal 20.0),0.0,2.0,20,20.0,18.0,2.0,18.0,38.0,"shows 20 min, should be 18 (overstated by 2 — 2 earlier-month min not carried forward)","🚩 Balance not carried forward — shows 20, should be 18 (overstated +2)",OK - CALCULATED
52637155,24343278179,Convo Now,live,Convo Now: Access Complimentary,22906445365,2026-09-21,2026-10-21,30.0,30 days,Calculated 30-day,2.0,2,"Sep 2026, Oct 2026",Sep 2026 (bal -13.0) · Oct 2026 (bal 20.0),0.0,33.0,20,20.0,0.0,20.0,0.0,7.0,"shows 20 min, should be 0 (overstated by 20 — 33 earlier-month min not carried forward)","🚩 Balance not carried forward — shows 20, should be 0 (overstated +20)",OK - CALCULATED
77035589,24343278227,Convo Now,live,Convo Now: Access Complimentary,22906639160,2026-09-25,2026-10-25,30.0,30 days,Calculated 30-day,2.0,2,"Sep 2026, Oct 2026",Sep 2026 (bal -6.0) · Oct 2026 (bal 20.0),0.0,26.0,20,20.0,0.0,20.0,0.0,14.0,"shows 20 min, should be 0 (overstated by 20 — 26 earlier-month min not carried forward)","🚩 Balance not carried forward — shows 20, should be 0 (overstated +20)",OK - CALCULATED
49668699,24343419822,Convo Now,live,Convo Now: Access Complimentary,22917352526,2026-09-21,2026-10-21,30.0,30 days,Calculated 30-day,2.0,2,"Sep 2026, Oct 2026",Sep 2026 (bal -40.0) · Oct 2026 (bal 20.0),0.0,60.0,20,20.0,0.0,20.0,0.0,-20.0,"shows 20 min, should be 0 (overstated by 20 — 60 earlier-month min not carried forward)","🚩 Balance not carried forward — shows 20, should be 0 (overstated +20)",OK - CALCULATED
80388238,24343419824,Convo Now,live,Convo Now: Access Complimentary,22917219166,2026-09-21,2026-10-21,30.0,30 days,Calculated 30-day,2.0,2,"Sep 2026, Oct 2026",Sep 2026 (bal 2.0) · Oct 2026 (bal 20.0),0.0,18.0,20,20.0,2.0,18.0,2.0,22.0,"shows 20 min, should be 2 (overstated by 18 — 18 earlier-month min not carried forward)","🚩 Balance not carried forward — shows 20, should be 2 (overstated +18)",OK - CALCULATED
96027136,24343420601,Convo Now,live,Convo Now: Access Complimentary,22916574358,2026-09-21,2026-10-21,30.0,30 days,Calculated 30-day,2.0,2,"Sep 2026, Oct 2026",Sep 2026 (bal 0.0) · Oct 2026 (bal 20.0),0.0,20.0,20,20.0,0.0,20.0,0.0,20.0,"shows 20 min, should be 0 (overstated by 20 — 20 earlier-month min not carried forward)","🚩 Balance not carried forward — shows 20, should be 0 (overstated +20)",OK - CALCULATED
40833346,24343420701,Convo Now,live,Convo Now: Access Complimentary,22916870285,2026-09-21,2026-10-21,30.0,30 days,Calculated 30-day,2.0,2,"Sep 2026, Oct 2026",Sep 2026 (bal -34.0) · Oct 2026 (bal 20.0),0.0,54.0,20,20.0,0.0,20.0,0.0,-14.0,"shows 20 min, should be 0 (overstated by 20 — 54 earlier-month min not carried forward)","🚩 Balance not carried forward — shows 20, should be 0 (overstated +20)",OK - CALCULATED
35083803,24343421745,Convo Now,live,Convo Now: Access Complimentary,22907620421,2026-09-23,2026-10-23,30.0,30 days,Calculated 30-day,2.0,2,"Sep 2026, Oct 2026",Sep 2026 (bal 18.0) · Oct 2026 (bal 20.0),0.0,2.0,20,20.0,18.0,2.0,18.0,38.0,"shows 20 min, should be 18 (overstated by 2 — 2 earlier-month min not carried forward)","🚩 Balance not carried forward — shows 20, should be 18 (overstated +2)",OK - CALCULATED
46953109,24343421815,Convo Now,live,Convo Now: Access Complimentary,22906639211,2026-09-28,2026-10-28,30.0,30 days,Calculated 30-day,2.0,2,"Sep 2026, Oct 2026",Sep 2026 (bal 7.0) · Oct 2026 (bal 20.0),0.0,13.0,20,20.0,7.0,13.0,7.0,27.0,"shows 20 min, should be 7 (overstated by 13 — 13 earlier-month min not carried forward)","🚩 Balance not carried forward — shows 20, should be 7 (overstated +13)",OK - CALCULATED
39201615,24343421820,Convo Now,live,Convo Now: Access Complimentary,22917723314,2026-09-19,2026-10-19,30.0,30 days,Calculated 30-day,2.0,2,"Sep 2026, Oct 2026",Sep 2026 (bal -1.0) · Oct 2026 (bal 10.0),0.0,31.0,20,10.0,0.0,10.0,0.0,9.0,"shows 10 min, should be 0 (overstated by 10 — 21 earlier-month min not carried forward)","🚩 Balance not carried forward — shows 10, should be 0 (overstated +10)",OK - CALCULATED
35114918,24343422254,Convo Now,live,Convo Now: Access Complimentary,22917218182,2026-08-22,2026-09-21,30.0,30 days,Calculated 30-day,2.0,2,"Aug 2026, Sep 2026",Aug 2026 (bal 12.0) · Sep 2026 (bal 20.0),0.0,8.0,20,20.0,12.0,8.0,12.0,32.0,"shows 20 min, should be 12 (overstated by 8 — 8 earlier-month min not carried forward)","🚩 Balance not carried forward — shows 20, should be 12 (overstated +8)",OK - CALCULATED
29126299,24343444075,Convo Now,live,Convo Now: Access Complimentary,22906445363,2026-09-21,2026-10-21,30.0,30 days,Calculated 30-day,2.0,2,"Sep 2026, Oct 2026",Sep 2026 (bal 18.0) · Oct 2026 (bal 20.0),0.0,2.0,20,20.0,18.0,2.0,18.0,38.0,"shows 20 min, should be 18 (overstated by 2 — 2 earlier-month min not carried forward)","🚩 Balance not carried forward — shows 20, should be 18 (overstated +2)",OK - CALCULATED
22664968,24343444350,Convo Now,live,Convo Now: Access Complimentary,22917141564,2026-09-21,2026-10-21,30.0,30 days,Calculated 30-day,2.0,2,"Sep 2026, Oct 2026",Sep 2026 (bal -84.0) · Oct 2026 (bal 20.0),0.0,104.0,20,20.0,0.0,20.0,0.0,-64.0,"shows 20 min, should be 0 (overstated by 20 — 104 earlier-month min not carried forward)","🚩 Balance not carried forward — shows 20, should be 0 (overstated +20)",OK - CALCULATED
16951717,24343577007,Convo Now,live,Convo Now: Access Complimentary,22907620406,2026-09-23,2026-10-23,30.0,30 days,Calculated 30-day,2.0,2,"Sep 2026, Oct 2026",Sep 2026 (bal 15.0) · Oct 2026 (bal 20.0),0.0,5.0,20,20.0,15.0,5.0,15.0,35.0,"shows 20 min, should be 15 (overstated by 5 — 5 earlier-month min not carried forward)","🚩 Balance not carried forward — shows 20, should be 15 (overstated +5)",OK - CALCULATED
69374094,24343577129,Convo Now,live,Convo Now: Access Complimentary,22917141527,2026-09-21,2026-10-21,30.0,30 days,Calculated 30-day,2.0,2,"Sep 2026, Oct 2026",Sep 2026 (bal 15.0) · Oct 2026 (bal 20.0),0.0,5.0,20,20.0,15.0,5.0,15.0,35.0,"shows 20 min, should be 15 (overstated by 5 — 5 earlier-month min not carried forward)","🚩 Balance not carried forward — shows 20, should be 15 (overstated +5)",OK - CALCULATED
54879695,24343577133,Convo Now,live,Convo Now: Access Complimentary,22917218206,2026-09-21,2026-10-21,30.0,30 days,Calculated 30-day,2.0,2,"Sep 2026, Oct 2026",Sep 2026 (bal 16.0) · Oct 2026 (bal 20.0),0.0,4.0,20,20.0,16.0,4.0,16.0,36.0,"shows 20 min, should be 16 (overstated by 4 — 4 earlier-month min not carried forward)","🚩 Balance not carried forward — shows 20, should be 16 (overstated +4)",OK - CALCULATED
55184652,24343577135,Convo Now,live,Convo Now: Access Complimentary,22910133414,2026-09-26,2026-10-26,30.0,30 days,Calculated 30-day,2.0,2,"Sep 2026, Oct 2026",Sep 2026 (bal 17.0) · Oct 2026 (bal 9.0),0.0,14.0,20,9.0,6.0,3.0,6.0,26.0,"shows 9 min, should be 6 (overstated by 3 — 3 earlier-month min not carried forward)","🚩 Balance not carried forward — shows 9, should be 6 (overstated +3)",OK - CALCULATED
34479270,24343578251,Convo Now,live,Convo Now: Access Complimentary,22910133524,2026-09-26,2026-10-26,30.0,30 days,Calculated 30-day,2.0,2,"Sep 2026, Oct 2026",Sep 2026 (bal 8.0) · Oct 2026 (bal 20.0),0.0,12.0,20,20.0,8.0,12.0,8.0,28.0,"shows 20 min, should be 8 (overstated by 12 — 12 earlier-month min not carried forward)","🚩 Balance not carried forward — shows 20, should be 8 (overstated +12)",OK - CALCULATED
38096315,24343578681,Convo Now,live,Convo Now: Access Complimentary,22913888330,2026-09-23,2026-10-23,30.0,30 days,Calculated 30-day,2.0,2,"Sep 2026, Oct 2026",Sep 2026 (bal 13.0) · Oct 2026 (bal 20.0),0.0,7.0,20,20.0,13.0,7.0,13.0,33.0,"shows 20 min, should be 13 (overstated by 7 — 7 earlier-month min not carried forward)","🚩 Balance not carried forward — shows 20, should be 13 (overstated +7)",OK - CALCULATED
68038690,24343600014,Convo Now,live,Convo Now: Access Complimentary,22917275822,2026-09-21,2026-10-21,30.0,30 days,Calculated 30-day,2.0,2,"Sep 2026, Oct 2026",Sep 2026 (bal 18.0) · Oct 2026 (bal 20.0),0.0,2.0,20,20.0,18.0,2.0,18.0,38.0,"shows 20 min, should be 18 (overstated by 2 — 2 earlier-month min not carried forward)","🚩 Balance not carried forward — shows 20, should be 18 (overstated +2)",OK - CALCULATED
85587004,24343600032,Convo Now,live,Convo Now: Access Complimentary,22910135312,2026-09-29,2026-10-29,30.0,30 days,Calculated 30-day,2.0,2,"Sep 2026, Oct 2026",Sep 2026 (bal -4.0) · Oct 2026 (bal 20.0),0.0,24.0,20,20.0,0.0,20.0,0.0,16.0,"shows 20 min, should be 0 (overstated by 20 — 24 earlier-month min not carried forward)","🚩 Balance not carried forward — shows 20, should be 0 (overstated +20)",OK - CALCULATED
90885518,24343600216,Convo Now,live,Convo Now: Access Complimentary,22906600011,2026-09-09,2026-10-09,30.0,30 days,Calculated 30-day,2.0,2,"Sep 2026, Oct 2026",Sep 2026 (bal 17.0) · Oct 2026 (bal 20.0),0.0,3.0,20,20.0,17.0,3.0,17.0,37.0,"shows 20 min, should be 17 (overstated by 3 — 3 earlier-month min not carried forward)","🚩 Balance not carried forward — shows 20, should be 17 (overstated +3)",OK - CALCULATED
80201680,24343721995,Convo Now,live,Convo Now: Access Complimentary,22906071658,2026-09-29,2026-10-29,30.0,30 days,Calculated 30-day,2.0,2,"Sep 2026, Oct 2026",Sep 2026 (bal 16.0) · Oct 2026 (bal 16.0),0.0,8.0,20,16.0,12.0,4.0,12.0,32.0,"shows 16 min, should be 12 (overstated by 4 — 4 earlier-month min not carried forward)","🚩 Balance not carried forward — shows 16, should be 12 (overstated +4)",OK - CALCULATED
12326365,24343722374,Convo Now,live,Convo Now: Access Complimentary,22908055902,2026-09-28,2026-10-28,30.0,30 days,Calculated 30-day,2.0,2,"Sep 2026, Oct 2026",Sep 2026 (bal 5.0) · Oct 2026 (bal 20.0),0.0,15.0,20,20.0,5.0,15.0,5.0,25.0,"shows 20 min, should be 5 (overstated by 15 — 15 earlier-month min not carried forward)","🚩 Balance not carried forward — shows 20, should be 5 (overstated +15)",OK - CALCULATED
77744299,24343722635,Convo Now,live,Convo Now: Access Complimentary,22919379061,2026-09-21,2026-10-21,30.0,30 days,Calculated 30-day,2.0,2,"Sep 2026, Oct 2026",Sep 2026 (bal 9.0) · Oct 2026 (bal 20.0),0.0,11.0,20,20.0,9.0,11.0,9.0,29.0,"shows 20 min, should be 9 (overstated by 11 — 11 earlier-month min not carried forward)","🚩 Balance not carried forward — shows 20, should be 9 (overstated +11)",OK - CALCULATED
49112215,24343722830,Convo Now,live,Convo Now: Access Complimentary,22915206486,2026-09-08,2026-10-08,30.0,30 days,Calculated 30-day,2.0,2,"Sep 2026, Oct 2026",Sep 2026 (bal 10.0) · Oct 2026 (bal 20.0),0.0,10.0,20,20.0,10.0,10.0,10.0,30.0,"shows 20 min, should be 10 (overstated by 10 — 10 earlier-month min not carried forward)","🚩 Balance not carried forward — shows 20, should be 10 (overstated +10)",OK - CALCULATED
10962823,24343723033,Convo Now,live,Convo Now: Access Complimentary,22908461486,2026-09-06,2026-10-06,30.0,30 days,Calculated 30-day,2.0,2,"Sep 2026, Oct 2026",Sep 2026 (bal 11.0) · Oct 2026 (bal 4.0),0.0,25.0,20,4.0,0.0,4.0,0.0,15.0,"shows 4 min, should be 0 (overstated by 4 — 9 earlier-month min not carried forward)","🚩 Balance not carried forward — shows 4, should be 0 (overstated +4)",OK - CALCULATED
66580638,24343723170,Convo Now,live,Convo Now: Access Complimentary,22919401308,2026-09-21,2026-10-21,30.0,30 days,Calculated 30-day,2.0,2,"Sep 2026, Oct 2026",Sep 2026 (bal 12.0) · Oct 2026 (bal 20.0),0.0,8.0,20,20.0,12.0,8.0,12.0,32.0,"shows 20 min, should be 12 (overstated by 8 — 8 earlier-month min not carried forward)","🚩 Balance not carried forward — shows 20, should be 12 (overstated +8)",OK - CALCULATED
11975890,24343741247,Convo Now,live,Convo Now: Access Complimentary,22914402440,2026-09-14,2026-10-14,30.0,30 days,Calculated 30-day,2.0,2,"Sep 2026, Oct 2026",Sep 2026 (bal -21.0) · Oct 2026 (bal 20.0),0.0,41.0,20,20.0,0.0,20.0,0.0,-1.0,"shows 20 min, should be 0 (overstated by 20 — 41 earlier-month min not carried forward)","🚩 Balance not carried forward — shows 20, should be 0 (overstated +20)",OK - CALCULATED
12221896,24343741249,Convo Now,live,Convo Now: Access Complimentary,22908295242,2026-09-08,2026-10-08,30.0,30 days,Calculated 30-day,2.0,2,"Sep 2026, Oct 2026",Sep 2026 (bal -4.0) · Oct 2026 (bal 20.0),0.0,24.0,20,20.0,0.0,20.0,0.0,16.0,"shows 20 min, should be 0 (overstated by 20 — 24 earlier-month min not carried forward)","🚩 Balance not carried forward — shows 20, should be 0 (overstated +20)",OK - CALCULATED
57468499,24343741337,Convo Now,live,Convo Now: Access Complimentary,22913941537,2026-09-24,2026-10-24,30.0,30 days,Calculated 30-day,2.0,2,"Sep 2026, Oct 2026",Sep 2026 (bal 4.0) · Oct 2026 (bal 20.0),0.0,16.0,20,20.0,4.0,16.0,4.0,24.0,"shows 20 min, should be 4 (overstated by 16 — 16 earlier-month min not carried forward)","🚩 Balance not carried forward — shows 20, should be 4 (overstated +16)",OK - CALCULATED
86558977,24343877013,Convo Now,live,Convo Now: Access Complimentary,22964193125,2026-09-21,2026-10-21,30.0,30 days,Calculated 30-day,2.0,2,"Sep 2026, Oct 2026",Sep 2026 (bal 15.0) · Oct 2026 (bal 20.0),0.0,5.0,20,20.0,15.0,5.0,15.0,35.0,"shows 20 min, should be 15 (overstated by 5 — 5 earlier-month min not carried forward)","🚩 Balance not carried forward — shows 20, should be 15 (overstated +5)",OK - CALCULATED
67950688,24343877295,Convo Now,live,Convo Now: Access Complimentary,22908250394,2026-09-11,2026-10-11,30.0,30 days,Calculated 30-day,2.0,2,"Sep 2026, Oct 2026",Sep 2026 (bal 12.0) · Oct 2026 (bal 19.0),0.0,9.0,20,19.0,11.0,8.0,11.0,31.0,"shows 19 min, should be 11 (overstated by 8 — 8 earlier-month min not carried forward)","🚩 Balance not carried forward — shows 19, should be 11 (overstated +8)",OK - CALCULATED
77749613,24343877474,Convo Now,live,Convo Now: Access Complimentary,22907620451,2026-09-22,2026-10-22,30.0,30 days,Calculated 30-day,2.0,2,"Sep 2026, Oct 2026",Sep 2026 (bal -6.0) · Oct 2026 (bal 20.0),0.0,26.0,20,20.0,0.0,20.0,0.0,14.0,"shows 20 min, should be 0 (overstated by 20 — 26 earlier-month min not carried forward)","🚩 Balance not carried forward — shows 20, should be 0 (overstated +20)",OK - CALCULATED
54443825,24343877649,Convo Now,live,Convo Now: Access Complimentary,22910085656,2026-09-28,2026-10-28,30.0,30 days,Calculated 30-day,2.0,2,"Sep 2026, Oct 2026",Sep 2026 (bal -8.0) · Oct 2026 (bal 20.0),0.0,28.0,20,20.0,0.0,20.0,0.0,12.0,"shows 20 min, should be 0 (overstated by 20 — 28 earlier-month min not carried forward)","🚩 Balance not carried forward — shows 20, should be 0 (overstated +20)",OK - CALCULATED
12720768,24343877764,Convo Now,live,Convo Now: Access Complimentary,22913941566,2026-09-24,2026-10-24,30.0,30 days,Calculated 30-day,2.0,2,"Sep 2026, Oct 2026",Sep 2026 (bal 7.0) · Oct 2026 (bal 20.0),0.0,13.0,20,20.0,7.0,13.0,7.0,27.0,"shows 20 min, should be 7 (overstated by 13 — 13 earlier-month min not carried forward)","🚩 Balance not carried forward — shows 20, should be 7 (overstated +13)",OK - CALCULATED
60815193,24343878432,Convo Now,live,Convo Now: Access Complimentary,22908464219,2026-09-21,2026-10-21,30.0,30 days,Calculated 30-day,2.0,2,"Sep 2026, Oct 2026",Sep 2026 (bal -3.0) · Oct 2026 (bal 20.0),0.0,23.0,20,20.0,0.0,20.0,0.0,17.0,"shows 20 min, should be 0 (overstated by 20 — 23 earlier-month min not carried forward)","🚩 Balance not carried forward — shows 20, should be 0 (overstated +20)",OK - CALCULATED
52385446,24343878442,Convo Now,live,Convo Now: Access Complimentary,22917176462,2026-09-21,2026-10-21,30.0,30 days,Calculated 30-day,2.0,2,"Sep 2026, Oct 2026",Sep 2026 (bal -7.0) · Oct 2026 (bal 20.0),0.0,27.0,20,20.0,0.0,20.0,0.0,13.0,"shows 20 min, should be 0 (overstated by 20 — 27 earlier-month min not carried forward)","🚩 Balance not carried forward — shows 20, should be 0 (overstated +20)",OK - CALCULATED
46516231,24343878834,Convo Now,live,Convo Now: Access Complimentary,22908317332,2026-09-13,2026-10-13,30.0,30 days,Calculated 30-day,2.0,2,"Sep 2026, Oct 2026",Sep 2026 (bal 5.0) · Oct 2026 (bal 10.0),0.0,25.0,20,10.0,0.0,10.0,0.0,15.0,"shows 10 min, should be 0 (overstated by 10 — 15 earlier-month min not carried forward)","🚩 Balance not carried forward — shows 10, should be 0 (overstated +10)",OK - CALCULATED
27323605,24343878947,Convo Now,live,Convo Now: Access Complimentary,22911371545,2026-09-22,2026-10-22,30.0,30 days,Calculated 30-day,2.0,2,"Sep 2026, Oct 2026",Sep 2026 (bal 12.0) · Oct 2026 (bal 20.0),0.0,8.0,20,20.0,12.0,8.0,12.0,32.0,"shows 20 min, should be 12 (overstated by 8 — 8 earlier-month min not carried forward)","🚩 Balance not carried forward — shows 20, should be 12 (overstated +8)",OK - CALCULATED
35023201,24343898794,Convo Now,live,Convo Now: Access Complimentary,22906071629,2026-09-29,2026-10-29,30.0,30 days,Calculated 30-day,2.0,2,"Sep 2026, Oct 2026",Sep 2026 (bal -34.0) · Oct 2026 (bal 20.0),0.0,54.0,20,20.0,0.0,20.0,0.0,-14.0,"shows 20 min, should be 0 (overstated by 20 — 54 earlier-month min not carried forward)","🚩 Balance not carried forward — shows 20, should be 0 (overstated +20)",OK - CALCULATED
38372073,24344031237,Convo Now,live,Convo Now: Access Complimentary,22916871572,2026-09-21,2026-10-21,30.0,30 days,Calculated 30-day,2.0,2,"Sep 2026, Oct 2026",Sep 2026 (bal 18.0) · Oct 2026 (bal 17.0),0.0,5.0,20,17.0,15.0,2.0,15.0,35.0,"shows 17 min, should be 15 (overstated by 2 — 2 earlier-month min not carried forward)","🚩 Balance not carried forward — shows 17, should be 15 (overstated +2)",OK - CALCULATED
90543215,24344032417,Convo Now,live,Convo Now: Access Complimentary,23347476619,2026-09-22,2026-10-22,30.0,30 days,Calculated 30-day,2.0,2,"Sep 2026, Oct 2026",Sep 2026 (bal 1.0) · Oct 2026 (bal 20.0),0.0,19.0,20,20.0,1.0,19.0,1.0,21.0,"shows 20 min, should be 1 (overstated by 19 — 19 earlier-month min not carried forward)","🚩 Balance not carried forward — shows 20, should be 1 (overstated +19)",OK - CALCULATED
23057423,24344033123,Convo Now,live,Convo Now: Access Complimentary,22908055967,2026-09-28,2026-10-28,30.0,30 days,Calculated 30-day,2.0,2,"Sep 2026, Oct 2026",Sep 2026 (bal -31.0) · Oct 2026 (bal 20.0),0.0,51.0,20,20.0,0.0,20.0,0.0,-11.0,"shows 20 min, should be 0 (overstated by 20 — 51 earlier-month min not carried forward)","🚩 Balance not carried forward — shows 20, should be 0 (overstated +20)",OK - CALCULATED
50916132,24344051729,Convo Now,live,Convo Now: Access Complimentary,22906076558,2026-09-21,2026-10-21,30.0,30 days,Calculated 30-day,2.0,2,"Sep 2026, Oct 2026",Sep 2026 (bal 0.0) · Oct 2026 (bal 13.0),0.0,27.0,20,13.0,0.0,13.0,0.0,13.0,"shows 13 min, should be 0 (overstated by 13 — 20 earlier-month min not carried forward)","🚩 Balance not carried forward — shows 13, should be 0 (overstated +13)",OK - CALCULATED
63266729,24344523099,Convo Now,live,Convo Now: Access Complimentary,22908074029,2026-09-17,2026-10-17,30.0,30 days,Calculated 30-day,2.0,2,"Sep 2026, Oct 2026",Sep 2026 (bal -15.0) · Oct 2026 (bal 20.0),0.0,35.0,20,20.0,0.0,20.0,0.0,5.0,"shows 20 min, should be 0 (overstated by 20 — 35 earlier-month min not carried forward)","🚩 Balance not carried forward — shows 20, should be 0 (overstated +20)",OK - CALCULATED
31249647,24344523530,Convo Now,live,Convo Now: Access Complimentary,22916594271,2026-09-21,2026-10-21,30.0,30 days,Calculated 30-day,2.0,2,"Sep 2026, Oct 2026",Sep 2026 (bal 16.0) · Oct 2026 (bal 20.0),0.0,4.0,20,20.0,16.0,4.0,16.0,36.0,"shows 20 min, should be 16 (overstated by 4 — 4 earlier-month min not carried forward)","🚩 Balance not carried forward — shows 20, should be 16 (overstated +4)",OK - CALCULATED
56623302,24344523624,Convo Now,live,Convo Now: Access Complimentary,22964193099,2026-09-21,2026-10-21,30.0,30 days,Calculated 30-day,2.0,2,"Sep 2026, Oct 2026",Sep 2026 (bal 9.0) · Oct 2026 (bal 20.0),0.0,11.0,20,20.0,9.0,11.0,9.0,29.0,"shows 20 min, should be 9 (overstated by 11 — 11 earlier-month min not carried forward)","🚩 Balance not carried forward — shows 20, should be 9 (overstated +11)",OK - CALCULATED
31424850,24344523797,Convo Now,live,Convo Now: Access Complimentary,22917309845,2026-09-21,2026-10-21,30.0,30 days,Calculated 30-day,2.0,2,"Sep 2026, Oct 2026",Sep 2026 (bal -24.0) · Oct 2026 (bal 20.0),0.0,44.0,20,20.0,0.0,20.0,0.0,-4.0,"shows 20 min, should be 0 (overstated by 20 — 44 earlier-month min not carried forward)","🚩 Balance not carried forward — shows 20, should be 0 (overstated +20)",OK - CALCULATED
15216353,24344524414,Convo Now,live,Convo Now: Access Complimentary,22908250444,2026-09-11,2026-10-11,30.0,30 days,Calculated 30-day,2.0,2,"Sep 2026, Oct 2026",Sep 2026 (bal 1.0) · Oct 2026 (bal 20.0),0.0,19.0,20,20.0,1.0,19.0,1.0,21.0,"shows 20 min, should be 1 (overstated by 19 — 19 earlier-month min not carried forward)","🚩 Balance not carried forward — shows 20, should be 1 (overstated +19)",OK - CALCULATED
85995592,24344543289,Convo Now,live,Convo Now: Access Complimentary,22919379052,2026-09-21,2026-10-21,30.0,30 days,Calculated 30-day,2.0,2,"Sep 2026, Oct 2026",Sep 2026 (bal 14.0) · Oct 2026 (bal 4.0),0.0,22.0,20,4.0,0.0,4.0,0.0,18.0,"shows 4 min, should be 0 (overstated by 4 — 6 earlier-month min not carried forward)","🚩 Balance not carried forward — shows 4, should be 0 (overstated +4)",OK - CALCULATED
85577829,24344543378,Convo Now,live,Convo Now: Access Complimentary,22919379035,2026-09-21,2026-10-21,30.0,30 days,Calculated 30-day,2.0,2,"Sep 2026, Oct 2026",Sep 2026 (bal 3.0) · Oct 2026 (bal 20.0),0.0,17.0,20,20.0,3.0,17.0,3.0,23.0,"shows 20 min, should be 3 (overstated by 17 — 17 earlier-month min not carried forward)","🚩 Balance not carried forward — shows 20, should be 3 (overstated +17)",OK - CALCULATED
46295887,24344831409,Convo Now,live,Convo Now: Access Complimentary,22917218342,2026-09-21,2026-10-21,30.0,30 days,Calculated 30-day,2.0,2,"Sep 2026, Oct 2026",Sep 2026 (bal 19.0) · Oct 2026 (bal 19.0),0.0,2.0,20,19.0,18.0,1.0,18.0,38.0,"shows 19 min, should be 18 (overstated by 1 — 1 earlier-month min not carried forward)","🚩 Balance not carried forward — shows 19, should be 18 (overstated +1)",OK - CALCULATED
40265584,24344831412,Convo Now,live,Convo Now: Access Complimentary,22919072526,2026-09-21,2026-10-21,30.0,30 days,Calculated 30-day,2.0,2,"Sep 2026, Oct 2026",Sep 2026 (bal -3.0) · Oct 2026 (bal 20.0),0.0,23.0,20,20.0,0.0,20.0,0.0,17.0,"shows 20 min, should be 0 (overstated by 20 — 23 earlier-month min not carried forward)","🚩 Balance not carried forward — shows 20, should be 0 (overstated +20)",OK - CALCULATED
67061162,24344832656,Convo Now,live,Convo Now: Access Complimentary,22917176491,2026-09-21,2026-10-21,30.0,30 days,Calculated 30-day,2.0,2,"Sep 2026, Oct 2026",Sep 2026 (bal -9.0) · Oct 2026 (bal 20.0),0.0,29.0,20,20.0,0.0,20.0,0.0,11.0,"shows 20 min, should be 0 (overstated by 20 — 29 earlier-month min not carried forward)","🚩 Balance not carried forward — shows 20, should be 0 (overstated +20)",OK - CALCULATED
51780716,24344832664,Convo Now,live,Convo Now: Access Complimentary,22912725906,2026-09-19,2026-10-19,30.0,30 days,Calculated 30-day,2.0,2,"Sep 2026, Oct 2026",Sep 2026 (bal 10.0) · Oct 2026 (bal 20.0),0.0,10.0,20,20.0,10.0,10.0,10.0,30.0,"shows 20 min, should be 10 (overstated by 10 — 10 earlier-month min not carried forward)","🚩 Balance not carried forward — shows 20, should be 10 (overstated +10)",OK - CALCULATED
73971928,24344833129,Convo Now,live,Convo Now: Access Complimentary,22910133410,2026-09-25,2026-10-25,30.0,30 days,Calculated 30-day,2.0,2,"Sep 2026, Oct 2026",Sep 2026 (bal -30.0) · Oct 2026 (bal 20.0),0.0,50.0,20,20.0,0.0,20.0,0.0,-10.0,"shows 20 min, should be 0 (overstated by 20 — 50 earlier-month min not carried forward)","🚩 Balance not carried forward — shows 20, should be 0 (overstated +20)",OK - CALCULATED
95837234,24344852545,Convo Now,live,Convo Now: Access Complimentary,22908074024,2026-09-17,2026-10-17,30.0,30 days,Calculated 30-day,2.0,2,"Sep 2026, Oct 2026",Sep 2026 (bal 12.0) · Oct 2026 (bal 13.0),0.0,15.0,20,13.0,5.0,8.0,5.0,25.0,"shows 13 min, should be 5 (overstated by 8 — 8 earlier-month min not carried forward)","🚩 Balance not carried forward — shows 13, should be 5 (overstated +8)",OK - CALCULATED
80253654,24344852742,Convo Now,live,Convo Now: Access Complimentary,22908317304,2026-09-16,2026-10-16,30.0,30 days,Calculated 30-day,2.0,2,"Sep 2026, Oct 2026",Sep 2026 (bal 0.0) · Oct 2026 (bal 20.0),0.0,20.0,20,20.0,0.0,20.0,0.0,20.0,"shows 20 min, should be 0 (overstated by 20 — 20 earlier-month min not carried forward)","🚩 Balance not carried forward — shows 20, should be 0 (overstated +20)",OK - CALCULATED
40448422,24344852754,Convo Now,live,Convo Now: Access Complimentary,22916513035,2026-09-10,2026-10-10,30.0,30 days,Calculated 30-day,2.0,2,"Sep 2026, Oct 2026",Sep 2026 (bal 9.0) · Oct 2026 (bal 20.0),0.0,11.0,20,20.0,9.0,11.0,9.0,29.0,"shows 20 min, should be 9 (overstated by 11 — 11 earlier-month min not carried forward)","🚩 Balance not carried forward — shows 20, should be 9 (overstated +11)",OK - CALCULATED
63532637,24344852768,Convo Now,live,Convo Now: Access Complimentary,22913388162,2026-09-09,2026-10-09,30.0,30 days,Calculated 30-day,2.0,2,"Sep 2026, Oct 2026",Sep 2026 (bal 19.0) · Oct 2026 (bal 20.0),0.0,1.0,20,20.0,19.0,1.0,19.0,39.0,"shows 20 min, should be 19 (overstated by 1 — 1 earlier-month min not carried forward)","🚩 Balance not carried forward — shows 20, should be 19 (overstated +1)",OK - CALCULATED
37945444,24344986283,Convo Now,live,Convo Now: Access Complimentary,22915206484,2026-09-08,2026-10-08,30.0,30 days,Calculated 30-day,2.0,2,"Sep 2026, Oct 2026",Sep 2026 (bal -15.0) · Oct 2026 (bal 20.0),0.0,35.0,20,20.0,0.0,20.0,0.0,5.0,"shows 20 min, should be 0 (overstated by 20 — 35 earlier-month min not carried forward)","🚩 Balance not carried forward — shows 20, should be 0 (overstated +20)",OK - CALCULATED
74690329,24344986288,Convo Now,live,Convo Now: Access Complimentary,22910133534,2026-09-28,2026-10-28,30.0,30 days,Calculated 30-day,2.0,2,"Sep 2026, Oct 2026",Sep 2026 (bal 12.0) · Oct 2026 (bal 20.0),0.0,8.0,20,20.0,12.0,8.0,12.0,32.0,"shows 20 min, should be 12 (overstated by 8 — 8 earlier-month min not carried forward)","🚩 Balance not carried forward — shows 20, should be 12 (overstated +8)",OK - CALCULATED
50386654,24344987453,Convo Now,live,Convo Now: Access Complimentary,22908317321,2026-09-17,2026-10-17,30.0,30 days,Calculated 30-day,2.0,2,"Sep 2026, Oct 2026",Sep 2026 (bal 5.0) · Oct 2026 (bal 20.0),0.0,15.0,20,20.0,5.0,15.0,5.0,25.0,"shows 20 min, should be 5 (overstated by 15 — 15 earlier-month min not carried forward)","🚩 Balance not carried forward — shows 20, should be 5 (overstated +15)",OK - CALCULATED
80468598,24344987815,Convo Now,live,Convo Now: Access Complimentary,22919401330,2026-09-21,2026-10-21,30.0,30 days,Calculated 30-day,2.0,2,"Sep 2026, Oct 2026",Sep 2026 (bal 10.0) · Oct 2026 (bal 20.0),0.0,10.0,20,20.0,10.0,10.0,10.0,30.0,"shows 20 min, should be 10 (overstated by 10 — 10 earlier-month min not carried forward)","🚩 Balance not carried forward — shows 20, should be 10 (overstated +10)",OK - CALCULATED
55226205,24344987830,Convo Now,live,Convo Now: Access Complimentary,22906639167,2026-09-25,2026-10-25,30.0,30 days,Calculated 30-day,2.0,2,"Sep 2026, Oct 2026",Sep 2026 (bal -48.0) · Oct 2026 (bal 20.0),0.0,68.0,20,20.0,0.0,20.0,0.0,-28.0,"shows 20 min, should be 0 (overstated by 20 — 68 earlier-month min not carried forward)","🚩 Balance not carried forward — shows 20, should be 0 (overstated +20)",OK - CALCULATED
87381533,24344987919,Convo Now,live,Convo Now: Access Complimentary,22915664241,2026-09-30,2026-10-30,30.0,30 days,Calculated 30-day,2.0,2,"Sep 2026, Oct 2026",Sep 2026 (bal 1.0) · Oct 2026 (bal 20.0),0.0,19.0,20,20.0,1.0,19.0,1.0,21.0,"shows 20 min, should be 1 (overstated by 19 — 19 earlier-month min not carried forward)","🚩 Balance not carried forward — shows 20, should be 1 (overstated +19)",OK - CALCULATED
44094178,24345007516,Convo Now,live,Convo Now: Access Complimentary,22916621852,2026-09-21,2026-10-21,30.0,30 days,Calculated 30-day,2.0,2,"Sep 2026, Oct 2026",Sep 2026 (bal -10.0) · Oct 2026 (bal 20.0),0.0,30.0,20,20.0,0.0,20.0,0.0,10.0,"shows 20 min, should be 0 (overstated by 20 — 30 earlier-month min not carried forward)","🚩 Balance not carried forward — shows 20, should be 0 (overstated +20)",OK - CALCULATED
84855951,24345007619,Convo Now,live,Convo Now: Access Complimentary,22919401349,2026-09-21,2026-10-21,30.0,30 days,Calculated 30-day,2.0,2,"Sep 2026, Oct 2026",Sep 2026 (bal 8.0) · Oct 2026 (bal 20.0),0.0,12.0,20,20.0,8.0,12.0,8.0,28.0,"shows 20 min, should be 8 (overstated by 12 — 12 earlier-month min not carried forward)","🚩 Balance not carried forward — shows 20, should be 8 (overstated +12)",OK - CALCULATED
76198798,24345149587,Convo Now,live,Convo Now: Access Complimentary,22910133529,2026-09-25,2026-10-25,30.0,30 days,Calculated 30-day,2.0,2,"Sep 2026, Oct 2026",Sep 2026 (bal 13.0) · Oct 2026 (bal 20.0),0.0,7.0,20,20.0,13.0,7.0,13.0,33.0,"shows 20 min, should be 13 (overstated by 7 — 7 earlier-month min not carried forward)","🚩 Balance not carried forward — shows 20, should be 13 (overstated +7)",OK - CALCULATED
34820088,24345149602,Convo Now,live,Convo Now: Access Complimentary,22910133403,2026-09-26,2026-10-26,30.0,30 days,Calculated 30-day,2.0,2,"Sep 2026, Oct 2026",Sep 2026 (bal 5.0) · Oct 2026 (bal 20.0),0.0,15.0,20,20.0,5.0,15.0,5.0,25.0,"shows 20 min, should be 5 (overstated by 15 — 15 earlier-month min not carried forward)","🚩 Balance not carried forward — shows 20, should be 5 (overstated +15)",OK - CALCULATED
32507524,24345150747,Convo Now,live,Convo Now: Access Complimentary,22906664344,2026-09-25,2026-10-25,30.0,30 days,Calculated 30-day,2.0,2,"Sep 2026, Oct 2026",Sep 2026 (bal -36.0) · Oct 2026 (bal 20.0),0.0,56.0,20,20.0,0.0,20.0,0.0,-16.0,"shows 20 min, should be 0 (overstated by 20 — 56 earlier-month min not carried forward)","🚩 Balance not carried forward — shows 20, should be 0 (overstated +20)",OK - CALCULATED
46367237,24345150765,Convo Now,live,Convo Now: Access Complimentary,22906532404,2026-09-21,2026-10-21,30.0,30 days,Calculated 30-day,2.0,2,"Sep 2026, Oct 2026",Sep 2026 (bal -18.0) · Oct 2026 (bal 20.0),0.0,38.0,20,20.0,0.0,20.0,0.0,2.0,"shows 20 min, should be 0 (overstated by 20 — 38 earlier-month min not carried forward)","🚩 Balance not carried forward — shows 20, should be 0 (overstated +20)",OK - CALCULATED
98809148,24345150869,Convo Now,live,Convo Now: Access Complimentary,22906945931,2026-09-21,2026-10-21,30.0,30 days,Calculated 30-day,2.0,2,"Sep 2026, Oct 2026",Sep 2026 (bal 12.0) · Oct 2026 (bal 20.0),0.0,8.0,20,20.0,12.0,8.0,12.0,32.0,"shows 20 min, should be 12 (overstated by 8 — 8 earlier-month min not carried forward)","🚩 Balance not carried forward — shows 20, should be 12 (overstated +8)",OK - CALCULATED
91000642,24345150898,Convo Now,live,Convo Now: Access Complimentary,22916621706,2026-09-21,2026-10-21,30.0,30 days,Calculated 30-day,2.0,2,"Sep 2026, Oct 2026",Sep 2026 (bal 19.0) · Oct 2026 (bal 11.0),0.0,10.0,20,11.0,10.0,1.0,10.0,30.0,"shows 11 min, should be 10 (overstated by 1 — 1 earlier-month min not carried forward)","🚩 Balance not carried forward — shows 11, should be 10 (overstated +1)",OK - CALCULATED
54328337,24345151536,Convo Now,live,Convo Now: Access Complimentary,22874912074,2026-09-06,2026-10-06,30.0,30 days,Calculated 30-day,2.0,2,"Sep 2026, Oct 2026",Sep 2026 (bal 12.0) · Oct 2026 (bal 8.0),0.0,20.0,20,8.0,0.0,8.0,0.0,20.0,"shows 8 min, should be 0 (overstated by 8 — 8 earlier-month min not carried forward)","🚩 Balance not carried forward — shows 8, should be 0 (overstated +8)",OK - CALCULATED
41260362,24345151759,Convo Now,live,Convo Now: Access Complimentary,22908250417,2026-09-09,2026-10-09,30.0,30 days,Calculated 30-day,2.0,2,"Sep 2026, Oct 2026",Sep 2026 (bal 16.0) · Oct 2026 (bal 20.0),0.0,4.0,20,20.0,16.0,4.0,16.0,36.0,"shows 20 min, should be 16 (overstated by 4 — 4 earlier-month min not carried forward)","🚩 Balance not carried forward — shows 20, should be 16 (overstated +4)",OK - CALCULATED
94715866,24345151847,Convo Now,live,Convo Now: Access Complimentary,22908055886,2026-09-29,2026-10-29,30.0,30 days,Calculated 30-day,2.0,2,"Sep 2026, Oct 2026",Sep 2026 (bal 15.0) · Oct 2026 (bal 20.0),0.0,5.0,20,20.0,15.0,5.0,15.0,35.0,"shows 20 min, should be 15 (overstated by 5 — 5 earlier-month min not carried forward)","🚩 Balance not carried forward — shows 20, should be 15 (overstated +5)",OK - CALCULATED
30284800,24345151911,Convo Now,live,Convo Now: Access Complimentary,22916594272,2026-09-21,2026-10-21,30.0,30 days,Calculated 30-day,2.0,2,"Sep 2026, Oct 2026",Sep 2026 (bal -8.0) · Oct 2026 (bal 20.0),0.0,28.0,20,20.0,0.0,20.0,0.0,12.0,"shows 20 min, should be 0 (overstated by 20 — 28 earlier-month min not carried forward)","🚩 Balance not carried forward — shows 20, should be 0 (overstated +20)",OK - CALCULATED
86808149,24345151912,Convo Now,live,Convo Now: Access Complimentary,22906541190,2026-09-27,2026-10-27,30.0,30 days,Calculated 30-day,2.0,2,"Sep 2026, Oct 2026",Sep 2026 (bal -10.0) · Oct 2026 (bal 20.0),0.0,30.0,20,20.0,0.0,20.0,0.0,10.0,"shows 20 min, should be 0 (overstated by 20 — 30 earlier-month min not carried forward)","🚩 Balance not carried forward — shows 20, should be 0 (overstated +20)",OK - CALCULATED
95434026,24345151926,Convo Now,live,Convo Now: Access Complimentary,22906640724,2026-09-30,2026-10-30,30.0,30 days,Calculated 30-day,2.0,2,"Sep 2026, Oct 2026",Sep 2026 (bal -7.0) · Oct 2026 (bal 20.0),0.0,27.0,20,20.0,0.0,20.0,0.0,13.0,"shows 20 min, should be 0 (overstated by 20 — 27 earlier-month min not carried forward)","🚩 Balance not carried forward — shows 20, should be 0 (overstated +20)",OK - CALCULATED
72857790,24345152043,Convo Now,live,Convo Now: Access Complimentary,22917207563,2026-09-21,2026-10-21,30.0,30 days,Calculated 30-day,2.0,2,"Sep 2026, Oct 2026",Sep 2026 (bal 6.0) · Oct 2026 (bal 20.0),0.0,14.0,20,20.0,6.0,14.0,6.0,26.0,"shows 20 min, should be 6 (overstated by 14 — 14 earlier-month min not carried forward)","🚩 Balance not carried forward — shows 20, should be 6 (overstated +14)",OK - CALCULATED
72948159,24345173517,Convo Now,live,Convo Now: Access Complimentary,22918835201,2026-09-21,2026-10-21,30.0,30 days,Calculated 30-day,2.0,2,"Sep 2026, Oct 2026",Sep 2026 (bal 9.0) · Oct 2026 (bal 20.0),0.0,11.0,20,20.0,9.0,11.0,9.0,29.0,"shows 20 min, should be 9 (overstated by 11 — 11 earlier-month min not carried forward)","🚩 Balance not carried forward — shows 20, should be 9 (overstated +11)",OK - CALCULATED
79776249,24345174107,Convo Now,live,Convo Now: Access Complimentary,22874912066,2026-09-10,2026-10-10,30.0,30 days,Calculated 30-day,2.0,2,"Sep 2026, Oct 2026",Sep 2026 (bal 18.0) · Oct 2026 (bal 20.0),0.0,2.0,20,20.0,18.0,2.0,18.0,38.0,"shows 20 min, should be 18 (overstated by 2 — 2 earlier-month min not carried forward)","🚩 Balance not carried forward — shows 20, should be 18 (overstated +2)",OK - CALCULATED
27822872,24345174126,Convo Now,live,Convo Now: Access Complimentary,22906664317,2026-09-26,2026-10-26,30.0,30 days,Calculated 30-day,2.0,2,"Sep 2026, Oct 2026",Sep 2026 (bal 11.0) · Oct 2026 (bal 20.0),0.0,9.0,20,20.0,11.0,9.0,11.0,31.0,"shows 20 min, should be 11 (overstated by 9 — 9 earlier-month min not carried forward)","🚩 Balance not carried forward — shows 20, should be 11 (overstated +9)",OK - CALCULATED
77815936,24345174153,Convo Now,live,Convo Now: Access Complimentary,22906945950,2026-09-21,2026-10-21,30.0,30 days,Calculated 30-day,2.0,2,"Sep 2026, Oct 2026",Sep 2026 (bal 13.0) · Oct 2026 (bal 20.0),0.0,7.0,20,20.0,13.0,7.0,13.0,33.0,"shows 20 min, should be 13 (overstated by 7 — 7 earlier-month min not carried forward)","🚩 Balance not carried forward — shows 20, should be 13 (overstated +7)",OK - CALCULATED
84040266,24345303943,Convo Now,live,Convo Now: Access Complimentary,22916554242,2026-09-29,2026-10-29,30.0,30 days,Calculated 30-day,2.0,2,"Sep 2026, Oct 2026",Sep 2026 (bal 11.0) · Oct 2026 (bal 20.0),0.0,9.0,20,20.0,11.0,9.0,11.0,31.0,"shows 20 min, should be 11 (overstated by 9 — 9 earlier-month min not carried forward)","🚩 Balance not carried forward — shows 20, should be 11 (overstated +9)",OK - CALCULATED
66157864,24345303953,Convo Now,live,Convo Now: Access Complimentary,22917141519,2026-09-21,2026-10-21,30.0,30 days,Calculated 30-day,2.0,2,"Sep 2026, Oct 2026",Sep 2026 (bal 8.0) · Oct 2026 (bal 20.0),0.0,12.0,20,20.0,8.0,12.0,8.0,28.0,"shows 20 min, should be 8 (overstated by 12 — 12 earlier-month min not carried forward)","🚩 Balance not carried forward — shows 20, should be 8 (overstated +12)",OK - CALCULATED
12874777,24345304439,Convo Now,live,Convo Now: Access Complimentary,22906945936,2026-09-21,2026-10-21,30.0,30 days,Calculated 30-day,2.0,2,"Sep 2026, Oct 2026",Sep 2026 (bal -142.0) · Oct 2026 (bal 20.0),0.0,162.0,20,20.0,0.0,20.0,0.0,-122.0,"shows 20 min, should be 0 (overstated by 20 — 162 earlier-month min not carried forward)","🚩 Balance not carried forward — shows 20, should be 0 (overstated +20)",OK - CALCULATED
80240782,24345304887,Convo Now,live,Convo Now: Access Complimentary,22908055903,2026-09-29,2026-10-29,30.0,30 days,Calculated 30-day,2.0,2,"Sep 2026, Oct 2026",Sep 2026 (bal 4.0) · Oct 2026 (bal 20.0),0.0,16.0,20,20.0,4.0,16.0,4.0,24.0,"shows 20 min, should be 4 (overstated by 16 — 16 earlier-month min not carried forward)","🚩 Balance not carried forward — shows 20, should be 4 (overstated +16)",OK - CALCULATED
71965370,24345305234,Convo Now,live,Convo Now: Access Complimentary,22964193133,2026-09-21,2026-10-21,30.0,30 days,Calculated 30-day,2.0,2,"Sep 2026, Oct 2026",Sep 2026 (bal 8.0) · Oct 2026 (bal 3.0),0.0,29.0,20,3.0,0.0,3.0,0.0,11.0,"shows 3 min, should be 0 (overstated by 3 — 12 earlier-month min not carried forward)","🚩 Balance not carried forward — shows 3, should be 0 (overstated +3)",OK - CALCULATED
19099868,24345326606,Convo Now,live,Convo Now: Access Complimentary,22917929358,2026-09-21,2026-10-21,30.0,30 days,Calculated 30-day,2.0,2,"Sep 2026, Oct 2026",Sep 2026 (bal 4.0) · Oct 2026 (bal 20.0),0.0,16.0,20,20.0,4.0,16.0,4.0,24.0,"shows 20 min, should be 4 (overstated by 16 — 16 earlier-month min not carried forward)","🚩 Balance not carried forward — shows 20, should be 4 (overstated +16)",OK - CALCULATED
85495797,24345326706,Convo Now,live,Convo Now: Access Complimentary,22911371557,2026-09-22,2026-10-22,30.0,30 days,Calculated 30-day,2.0,2,"Sep 2026, Oct 2026",Sep 2026 (bal 7.0) · Oct 2026 (bal 20.0),0.0,13.0,20,20.0,7.0,13.0,7.0,27.0,"shows 20 min, should be 7 (overstated by 13 — 13 earlier-month min not carried forward)","🚩 Balance not carried forward — shows 20, should be 7 (overstated +13)",OK - CALCULATED
67601085,24345326769,Convo Now,live,Convo Now: Access Complimentary,22916740236,2026-09-21,2026-10-21,30.0,30 days,Calculated 30-day,2.0,2,"Sep 2026, Oct 2026",Sep 2026 (bal -1.0) · Oct 2026 (bal 20.0),0.0,21.0,20,20.0,0.0,20.0,0.0,19.0,"shows 20 min, should be 0 (overstated by 20 — 21 earlier-month min not carried forward)","🚩 Balance not carried forward — shows 20, should be 0 (overstated +20)",OK - CALCULATED
65988106,24346223127,Convo Now,live,Convo Now: Access Complimentary,22906532429,2026-09-21,2026-10-21,30.0,30 days,Calculated 30-day,2.0,2,"Sep 2026, Oct 2026",Sep 2026 (bal 18.0) · Oct 2026 (bal 13.0),0.0,9.0,20,13.0,11.0,2.0,11.0,31.0,"shows 13 min, should be 11 (overstated by 2 — 2 earlier-month min not carried forward)","🚩 Balance not carried forward — shows 13, should be 11 (overstated +2)",OK - CALCULATED
77775972,24346223646,Convo Now,live,Convo Now: Access Complimentary,22916513036,2026-09-10,2026-10-10,30.0,30 days,Calculated 30-day,2.0,2,"Sep 2026, Oct 2026",Sep 2026 (bal -114.0) · Oct 2026 (bal 20.0),0.0,134.0,20,20.0,0.0,20.0,0.0,-94.0,"shows 20 min, should be 0 (overstated by 20 — 134 earlier-month min not carried forward)","🚩 Balance not carried forward — shows 20, should be 0 (overstated +20)",OK - CALCULATED
69982855,24346223731,Convo Now,live,Convo Now: Access Complimentary,22913888273,2026-09-21,2026-10-21,30.0,30 days,Calculated 30-day,2.0,2,"Sep 2026, Oct 2026",Sep 2026 (bal 7.0) · Oct 2026 (bal 13.0),0.0,20.0,20,13.0,0.0,13.0,0.0,20.0,"shows 13 min, should be 0 (overstated by 13 — 13 earlier-month min not carried forward)","🚩 Balance not carried forward — shows 13, should be 0 (overstated +13)",OK - CALCULATED
47542803,24346224212,Convo Now,live,Convo Now: Access Complimentary,22905943572,2026-09-21,2026-10-21,30.0,30 days,Calculated 30-day,2.0,2,"Sep 2026, Oct 2026",Sep 2026 (bal 8.0) · Oct 2026 (bal 20.0),0.0,12.0,20,20.0,8.0,12.0,8.0,28.0,"shows 20 min, should be 8 (overstated by 12 — 12 earlier-month min not carried forward)","🚩 Balance not carried forward — shows 20, should be 8 (overstated +12)",OK - CALCULATED
97141103,24346224457,Convo Now,live,Convo Now: Access Complimentary,22919401341,2026-09-21,2026-10-21,30.0,30 days,Calculated 30-day,2.0,2,"Sep 2026, Oct 2026",Sep 2026 (bal -1.0) · Oct 2026 (bal 20.0),0.0,21.0,20,20.0,0.0,20.0,0.0,19.0,"shows 20 min, should be 0 (overstated by 20 — 21 earlier-month min not carried forward)","🚩 Balance not carried forward — shows 20, should be 0 (overstated +20)",OK - CALCULATED
56426610,24346241888,Convo Now,live,Convo Now: Access Complimentary,22917309820,2026-09-21,2026-10-21,30.0,30 days,Calculated 30-day,2.0,2,"Sep 2026, Oct 2026",Sep 2026 (bal 12.0) · Oct 2026 (bal 20.0),0.0,8.0,20,20.0,12.0,8.0,12.0,32.0,"shows 20 min, should be 12 (overstated by 8 — 8 earlier-month min not carried forward)","🚩 Balance not carried forward — shows 20, should be 12 (overstated +8)",OK - CALCULATED
95272296,24346534418,Convo Now,live,Convo Now: Access Complimentary,22917219175,2026-09-21,2026-10-21,30.0,30 days,Calculated 30-day,2.0,2,"Sep 2026, Oct 2026",Sep 2026 (bal 0.0) · Oct 2026 (bal 14.0),0.0,26.0,20,14.0,0.0,14.0,0.0,14.0,"shows 14 min, should be 0 (overstated by 14 — 20 earlier-month min not carried forward)","🚩 Balance not carried forward — shows 14, should be 0 (overstated +14)",OK - CALCULATED
39378575,24346534692,Convo Now,live,Convo Now: Access Complimentary,22919401318,2026-09-21,2026-10-21,30.0,30 days,Calculated 30-day,2.0,2,"Sep 2026, Oct 2026",Sep 2026 (bal 19.0) · Oct 2026 (bal 20.0),0.0,1.0,20,20.0,19.0,1.0,19.0,39.0,"shows 20 min, should be 19 (overstated by 1 — 1 earlier-month min not carried forward)","🚩 Balance not carried forward — shows 20, should be 19 (overstated +1)",OK - CALCULATED
45332214,24346535254,Convo Now,live,Convo Now: Access Complimentary,22906442602,2026-09-08,2026-10-08,30.0,30 days,Calculated 30-day,2.0,2,"Sep 2026, Oct 2026",Sep 2026 (bal 18.0) · Oct 2026 (bal 20.0),0.0,2.0,20,20.0,18.0,2.0,18.0,38.0,"shows 20 min, should be 18 (overstated by 2 — 2 earlier-month min not carried forward)","🚩 Balance not carried forward — shows 20, should be 18 (overstated +2)",OK - CALCULATED
13773470,24346535449,Convo Now,live,Convo Now: Access Complimentary,22916594288,2026-09-21,2026-10-21,30.0,30 days,Calculated 30-day,2.0,2,"Sep 2026, Oct 2026",Sep 2026 (bal 3.0) · Oct 2026 (bal 20.0),0.0,17.0,20,20.0,3.0,17.0,3.0,23.0,"shows 20 min, should be 3 (overstated by 17 — 17 earlier-month min not carried forward)","🚩 Balance not carried forward — shows 20, should be 3 (overstated +17)",OK - CALCULATED
92743940,24346535994,Convo Now,live,Convo Now: Access Complimentary,22906640781,2026-09-30,2026-10-30,30.0,30 days,Calculated 30-day,2.0,2,"Sep 2026, Oct 2026",Sep 2026 (bal 1.0) · Oct 2026 (bal 15.0),0.0,24.0,20,15.0,0.0,15.0,0.0,16.0,"shows 15 min, should be 0 (overstated by 15 — 19 earlier-month min not carried forward)","🚩 Balance not carried forward — shows 15, should be 0 (overstated +15)",OK - CALCULATED
35866141,24346536014,Convo Now,live,Convo Now: Access Complimentary,22915206482,2026-09-11,2026-10-11,30.0,30 days,Calculated 30-day,2.0,2,"Sep 2026, Oct 2026",Sep 2026 (bal -50.0) · Oct 2026 (bal 20.0),0.0,70.0,20,20.0,0.0,20.0,0.0,-30.0,"shows 20 min, should be 0 (overstated by 20 — 70 earlier-month min not carried forward)","🚩 Balance not carried forward — shows 20, should be 0 (overstated +20)",OK - CALCULATED
24490371,24346554670,Convo Now,live,Convo Now: Access Complimentary,22908885265,2026-09-18,2026-10-18,30.0,30 days,Calculated 30-day,2.0,2,"Sep 2026, Oct 2026",Sep 2026 (bal 18.0) · Oct 2026 (bal 13.0),0.0,9.0,20,13.0,11.0,2.0,11.0,31.0,"shows 13 min, should be 11 (overstated by 2 — 2 earlier-month min not carried forward)","🚩 Balance not carried forward — shows 13, should be 11 (overstated +2)",OK - CALCULATED
15703762,24346554680,Convo Now,live,Convo Now: Access Complimentary,22906445431,2026-09-21,2026-10-21,30.0,30 days,Calculated 30-day,2.0,2,"Sep 2026, Oct 2026",Sep 2026 (bal 19.0) · Oct 2026 (bal 20.0),0.0,1.0,20,20.0,19.0,1.0,19.0,39.0,"shows 20 min, should be 19 (overstated by 1 — 1 earlier-month min not carried forward)","🚩 Balance not carried forward — shows 20, should be 19 (overstated +1)",OK - CALCULATED
32640350,24346554702,Convo Now,live,Convo Now: Access Complimentary,22913732661,2026-09-27,2026-10-27,30.0,30 days,Calculated 30-day,2.0,2,"Sep 2026, Oct 2026",Sep 2026 (bal 18.0) · Oct 2026 (bal 20.0),0.0,2.0,20,20.0,18.0,2.0,18.0,38.0,"shows 20 min, should be 18 (overstated by 2 — 2 earlier-month min not carried forward)","🚩 Balance not carried forward — shows 20, should be 18 (overstated +2)",OK - CALCULATED
57926029,24346554723,Convo Now,live,Convo Now: Access Complimentary,22911371534,2026-09-22,2026-10-22,30.0,30 days,Calculated 30-day,2.0,2,"Sep 2026, Oct 2026",Sep 2026 (bal -6.0) · Oct 2026 (bal 20.0),0.0,26.0,20,20.0,0.0,20.0,0.0,14.0,"shows 20 min, should be 0 (overstated by 20 — 26 earlier-month min not carried forward)","🚩 Balance not carried forward — shows 20, should be 0 (overstated +20)",OK - CALCULATED
87643934,24346554745,Convo Now,live,Convo Now: Access Complimentary,22916740249,2026-09-21,2026-10-21,30.0,30 days,Calculated 30-day,2.0,2,"Sep 2026, Oct 2026",Sep 2026 (bal -4.0) · Oct 2026 (bal 20.0),0.0,24.0,20,20.0,0.0,20.0,0.0,16.0,"shows 20 min, should be 0 (overstated by 20 — 24 earlier-month min not carried forward)","🚩 Balance not carried forward — shows 20, should be 0 (overstated +20)",OK - CALCULATED
50263028,24346693757,Convo Now,live,Convo Now: Access Complimentary,22915206556,2026-09-12,2026-10-12,30.0,30 days,Calculated 30-day,2.0,2,"Sep 2026, Oct 2026",Sep 2026 (bal -9.0) · Oct 2026 (bal 20.0),0.0,29.0,20,20.0,0.0,20.0,0.0,11.0,"shows 20 min, should be 0 (overstated by 20 — 29 earlier-month min not carried forward)","🚩 Balance not carried forward — shows 20, should be 0 (overstated +20)",OK - CALCULATED
96139935,24346693901,Convo Now,live,Convo Now: Access Complimentary,22916516253,2026-09-21,2026-10-21,30.0,30 days,Calculated 30-day,2.0,2,"Sep 2026, Oct 2026",Sep 2026 (bal -38.0) · Oct 2026 (bal 5.0),0.0,73.0,20,5.0,0.0,5.0,0.0,-33.0,"shows 5 min, should be 0 (overstated by 5 — 58 earlier-month min not carried forward)","🚩 Balance not carried forward — shows 5, should be 0 (overstated +5)",OK - CALCULATED
14102983,24346694728,Convo Now,live,Convo Now: Access Complimentary,22917309878,2026-09-21,2026-10-21,30.0,30 days,Calculated 30-day,2.0,2,"Sep 2026, Oct 2026",Sep 2026 (bal -10.0) · Oct 2026 (bal 20.0),0.0,30.0,20,20.0,0.0,20.0,0.0,10.0,"shows 20 min, should be 0 (overstated by 20 — 30 earlier-month min not carried forward)","🚩 Balance not carried forward — shows 20, should be 0 (overstated +20)",OK - CALCULATED
96721588,24346694791,Convo Now,live,Convo Now: Access Complimentary,22917929354,2026-09-21,2026-10-21,30.0,30 days,Calculated 30-day,2.0,2,"Sep 2026, Oct 2026",Sep 2026 (bal -2.0) · Oct 2026 (bal 20.0),0.0,22.0,20,20.0,0.0,20.0,0.0,18.0,"shows 20 min, should be 0 (overstated by 20 — 22 earlier-month min not carried forward)","🚩 Balance not carried forward — shows 20, should be 0 (overstated +20)",OK - CALCULATED
48785605,24346695194,Convo Now,live,Convo Now: Access Complimentary,22916619565,2026-09-21,2026-10-21,30.0,30 days,Calculated 30-day,2.0,2,"Sep 2026, Oct 2026",Sep 2026 (bal -20.0) · Oct 2026 (bal 20.0),0.0,40.0,20,20.0,0.0,20.0,0.0,0.0,"shows 20 min, should be 0 (overstated by 20 — 40 earlier-month min not carried forward)","🚩 Balance not carried forward — shows 20, should be 0 (overstated +20)",OK - CALCULATED
31310502,24346695210,Convo Now,live,Convo Now: Access Complimentary,22916516362,2026-09-21,2026-10-21,30.0,30 days,Calculated 30-day,2.0,2,"Sep 2026, Oct 2026",Sep 2026 (bal 16.0) · Oct 2026 (bal 20.0),0.0,4.0,20,20.0,16.0,4.0,16.0,36.0,"shows 20 min, should be 16 (overstated by 4 — 4 earlier-month min not carried forward)","🚩 Balance not carried forward — shows 20, should be 16 (overstated +4)",OK - CALCULATED
75429593,24346695291,Convo Now,live,Convo Now: Access Complimentary,22906569837,2026-09-07,2026-10-07,30.0,30 days,Calculated 30-day,2.0,2,"Sep 2026, Oct 2026",Sep 2026 (bal 18.0) · Oct 2026 (bal 20.0),0.0,2.0,20,20.0,18.0,2.0,18.0,38.0,"shows 20 min, should be 18 (overstated by 2 — 2 earlier-month min not carried forward)","🚩 Balance not carried forward — shows 20, should be 18 (overstated +2)",OK - CALCULATED
71848015,24346713961,Convo Now,live,Convo Now: Access Complimentary,22917275811,2026-09-21,2026-10-21,30.0,30 days,Calculated 30-day,2.0,2,"Sep 2026, Oct 2026",Sep 2026 (bal 14.0) · Oct 2026 (bal 20.0),0.0,6.0,20,20.0,14.0,6.0,14.0,34.0,"shows 20 min, should be 14 (overstated by 6 — 6 earlier-month min not carried forward)","🚩 Balance not carried forward — shows 20, should be 14 (overstated +6)",OK - CALCULATED
64272992,24346714629,Convo Now,live,Convo Now: Access Complimentary,22916619522,2026-09-21,2026-10-21,30.0,30 days,Calculated 30-day,2.0,2,"Sep 2026, Oct 2026",Sep 2026 (bal -4.0) · Oct 2026 (bal 16.0),0.0,28.0,20,16.0,0.0,16.0,0.0,12.0,"shows 16 min, should be 0 (overstated by 16 — 24 earlier-month min not carried forward)","🚩 Balance not carried forward — shows 16, should be 0 (overstated +16)",OK - CALCULATED
39109762,24346849451,Convo Now,live,Convo Now: Access Complimentary,22913732672,2026-09-24,2026-10-24,30.0,30 days,Calculated 30-day,2.0,2,"Sep 2026, Oct 2026",Sep 2026 (bal 5.0) · Oct 2026 (bal 20.0),0.0,15.0,20,20.0,5.0,15.0,5.0,25.0,"shows 20 min, should be 5 (overstated by 15 — 15 earlier-month min not carried forward)","🚩 Balance not carried forward — shows 20, should be 5 (overstated +15)",OK - CALCULATED
14000736,24346850593,Convo Now,live,Convo Now: Access Complimentary,22913888336,2026-09-21,2026-10-21,30.0,30 days,Calculated 30-day,2.0,2,"Sep 2026, Oct 2026",Sep 2026 (bal -32.0) · Oct 2026 (bal 20.0),0.0,52.0,20,20.0,0.0,20.0,0.0,-12.0,"shows 20 min, should be 0 (overstated by 20 — 52 earlier-month min not carried forward)","🚩 Balance not carried forward — shows 20, should be 0 (overstated +20)",OK - CALCULATED
64060706,24346851093,Convo Now,live,Convo Now: Access Complimentary,22913888276,2026-09-21,2026-10-21,30.0,30 days,Calculated 30-day,2.0,2,"Sep 2026, Oct 2026",Sep 2026 (bal 5.0) · Oct 2026 (bal 20.0),0.0,15.0,20,20.0,5.0,15.0,5.0,25.0,"shows 20 min, should be 5 (overstated by 15 — 15 earlier-month min not carried forward)","🚩 Balance not carried forward — shows 20, should be 5 (overstated +15)",OK - CALCULATED
59146606,24346851865,Convo Now,live,Convo Now: Access Complimentary,22964193106,2026-09-21,2026-10-21,30.0,30 days,Calculated 30-day,2.0,2,"Sep 2026, Oct 2026",Sep 2026 (bal 10.0) · Oct 2026 (bal 6.0),0.0,24.0,20,6.0,0.0,6.0,0.0,16.0,"shows 6 min, should be 0 (overstated by 6 — 10 earlier-month min not carried forward)","🚩 Balance not carried forward — shows 6, should be 0 (overstated +6)",OK - CALCULATED
22051648,24346851881,Convo Now,live,Convo Now: Access Complimentary,22917207477,2026-09-21,2026-10-21,30.0,30 days,Calculated 30-day,2.0,2,"Sep 2026, Oct 2026",Sep 2026 (bal 6.0) · Oct 2026 (bal 20.0),0.0,14.0,20,20.0,6.0,14.0,6.0,26.0,"shows 20 min, should be 6 (overstated by 14 — 14 earlier-month min not carried forward)","🚩 Balance not carried forward — shows 20, should be 6 (overstated +14)",OK - CALCULATED
75699356,24346871164,Convo Now,live,Convo Now: Access Complimentary,22874912056,2026-09-09,2026-10-09,30.0,30 days,Calculated 30-day,2.0,2,"Sep 2026, Oct 2026",Sep 2026 (bal 17.0) · Oct 2026 (bal 18.0),0.0,5.0,20,18.0,15.0,3.0,15.0,35.0,"shows 18 min, should be 15 (overstated by 3 — 3 earlier-month min not carried forward)","🚩 Balance not carried forward — shows 18, should be 15 (overstated +3)",OK - CALCULATED
60730806,24347003559,Convo Now,live,Convo Now: Access Complimentary,22907620377,2026-09-23,2026-10-23,30.0,30 days,Calculated 30-day,2.0,2,"Sep 2026, Oct 2026",Sep 2026 (bal -5.0) · Oct 2026 (bal 20.0),0.0,25.0,20,20.0,0.0,20.0,0.0,15.0,"shows 20 min, should be 0 (overstated by 20 — 25 earlier-month min not carried forward)","🚩 Balance not carried forward — shows 20, should be 0 (overstated +20)",OK - CALCULATED
77343349,24347004248,Convo Now,live,Convo Now: Access Complimentary,22914402435,2026-09-14,2026-10-14,30.0,30 days,Calculated 30-day,2.0,2,"Sep 2026, Oct 2026",Sep 2026 (bal -6.0) · Oct 2026 (bal 20.0),0.0,26.0,20,20.0,0.0,20.0,0.0,14.0,"shows 20 min, should be 0 (overstated by 20 — 26 earlier-month min not carried forward)","🚩 Balance not carried forward — shows 20, should be 0 (overstated +20)",OK - CALCULATED
73568734,24347004252,Convo Now,live,Convo Now: Access Complimentary,22916619551,2026-09-21,2026-10-21,30.0,30 days,Calculated 30-day,2.0,2,"Sep 2026, Oct 2026",Sep 2026 (bal -1.0) · Oct 2026 (bal 20.0),0.0,21.0,20,20.0,0.0,20.0,0.0,19.0,"shows 20 min, should be 0 (overstated by 20 — 21 earlier-month min not carried forward)","🚩 Balance not carried forward — shows 20, should be 0 (overstated +20)",OK - CALCULATED
35542504,24347022663,Convo Now,live,Convo Now: Access Complimentary,22917309872,2026-09-21,2026-10-21,30.0,30 days,Calculated 30-day,2.0,2,"Sep 2026, Oct 2026",Sep 2026 (bal 16.0) · Oct 2026 (bal 20.0),0.0,4.0,20,20.0,16.0,4.0,16.0,36.0,"shows 20 min, should be 16 (overstated by 4 — 4 earlier-month min not carried forward)","🚩 Balance not carried forward — shows 20, should be 16 (overstated +4)",OK - CALCULATED
92215515,24347461462,Convo Now,live,Convo Now: Access Complimentary,22917929355,2026-09-21,2026-10-21,30.0,30 days,Calculated 30-day,2.0,2,"Sep 2026, Oct 2026",Sep 2026 (bal -22.0) · Oct 2026 (bal 20.0),0.0,42.0,20,20.0,0.0,20.0,0.0,-2.0,"shows 20 min, should be 0 (overstated by 20 — 42 earlier-month min not carried forward)","🚩 Balance not carried forward — shows 20, should be 0 (overstated +20)",OK - CALCULATED
24364681,24347462328,Convo Now,live,Convo Now: Access Complimentary,22908295256,2026-09-08,2026-10-08,30.0,30 days,Calculated 30-day,2.0,2,"Sep 2026, Oct 2026",Sep 2026 (bal -5.0) · Oct 2026 (bal 20.0),0.0,25.0,20,20.0,0.0,20.0,0.0,15.0,"shows 20 min, should be 0 (overstated by 20 — 25 earlier-month min not carried forward)","🚩 Balance not carried forward — shows 20, should be 0 (overstated +20)",OK - CALCULATED
92087686,24347462329,Convo Now,live,Convo Now: Access Complimentary,22910135369,2026-09-29,2026-10-29,30.0,30 days,Calculated 30-day,2.0,2,"Sep 2026, Oct 2026",Sep 2026 (bal -21.0) · Oct 2026 (bal 20.0),0.0,41.0,20,20.0,0.0,20.0,0.0,-1.0,"shows 20 min, should be 0 (overstated by 20 — 41 earlier-month min not carried forward)","🚩 Balance not carried forward — shows 20, should be 0 (overstated +20)",OK - CALCULATED
58076763,24347462434,Convo Now,live,Convo Now: Access Complimentary,22906664300,2026-09-26,2026-10-26,30.0,30 days,Calculated 30-day,2.0,2,"Sep 2026, Oct 2026",Sep 2026 (bal 7.0) · Oct 2026 (bal 20.0),0.0,13.0,20,20.0,7.0,13.0,7.0,27.0,"shows 20 min, should be 7 (overstated by 13 — 13 earlier-month min not carried forward)","🚩 Balance not carried forward — shows 20, should be 7 (overstated +13)",OK - CALCULATED
36134006,24347462463,Convo Now,live,Convo Now: Access Complimentary,22908464185,2026-09-21,2026-10-21,30.0,30 days,Calculated 30-day,2.0,2,"Sep 2026, Oct 2026",Sep 2026 (bal -6.0) · Oct 2026 (bal 20.0),0.0,26.0,20,20.0,0.0,20.0,0.0,14.0,"shows 20 min, should be 0 (overstated by 20 — 26 earlier-month min not carried forward)","🚩 Balance not carried forward — shows 20, should be 0 (overstated +20)",OK - CALCULATED
61098102,24347462465,Convo Now,live,Convo Now: Access Complimentary,22917230864,2026-09-24,2026-10-24,30.0,30 days,Calculated 30-day,2.0,2,"Sep 2026, Oct 2026",Sep 2026 (bal 10.0) · Oct 2026 (bal 20.0),0.0,10.0,20,20.0,10.0,10.0,10.0,30.0,"shows 20 min, should be 10 (overstated by 10 — 10 earlier-month min not carried forward)","🚩 Balance not carried forward — shows 20, should be 10 (overstated +10)",OK - CALCULATED
60577747,24347462742,Convo Now,live,Convo Now: Access Complimentary,22916574384,2026-09-21,2026-10-21,30.0,30 days,Calculated 30-day,2.0,2,"Sep 2026, Oct 2026",Sep 2026 (bal 5.0) · Oct 2026 (bal 20.0),0.0,15.0,20,20.0,5.0,15.0,5.0,25.0,"shows 20 min, should be 5 (overstated by 15 — 15 earlier-month min not carried forward)","🚩 Balance not carried forward — shows 20, should be 5 (overstated +15)",OK - CALCULATED
56887383,24347463206,Convo Now,live,Convo Now: Access Complimentary,22908074067,2026-09-24,2026-10-24,30.0,30 days,Calculated 30-day,2.0,2,"Sep 2026, Oct 2026",Sep 2026 (bal -108.0) · Oct 2026 (bal 20.0),0.0,128.0,20,20.0,0.0,20.0,0.0,-88.0,"shows 20 min, should be 0 (overstated by 20 — 128 earlier-month min not carried forward)","🚩 Balance not carried forward — shows 20, should be 0 (overstated +20)",OK - CALCULATED
33928832,24347463222,Convo Now,live,Convo Now: Access Complimentary,22906071643,2026-09-30,2026-10-30,30.0,30 days,Calculated 30-day,2.0,2,"Sep 2026, Oct 2026",Sep 2026 (bal -9.0) · Oct 2026 (bal 20.0),0.0,29.0,20,20.0,0.0,20.0,0.0,11.0,"shows 20 min, should be 0 (overstated by 20 — 29 earlier-month min not carried forward)","🚩 Balance not carried forward — shows 20, should be 0 (overstated +20)",OK - CALCULATED
61008542,24347463551,Convo Now,live,Convo Now: Access Complimentary,22919401276,2026-09-21,2026-10-21,30.0,30 days,Calculated 30-day,2.0,2,"Sep 2026, Oct 2026",Sep 2026 (bal -3.0) · Oct 2026 (bal 20.0),0.0,23.0,20,20.0,0.0,20.0,0.0,17.0,"shows 20 min, should be 0 (overstated by 20 — 23 earlier-month min not carried forward)","🚩 Balance not carried forward — shows 20, should be 0 (overstated +20)",OK - CALCULATED
23909129,24347463741,Convo Now,live,Convo Now: Access Complimentary,22917141550,2026-09-21,2026-10-21,30.0,30 days,Calculated 30-day,2.0,2,"Sep 2026, Oct 2026",Sep 2026 (bal 13.0) · Oct 2026 (bal 20.0),0.0,7.0,20,20.0,13.0,7.0,13.0,33.0,"shows 20 min, should be 13 (overstated by 7 — 7 earlier-month min not carried forward)","🚩 Balance not carried forward — shows 20, should be 13 (overstated +7)",OK - CALCULATED
67343495,24347463766,Convo Now,live,Convo Now: Access Complimentary,22874912064,2026-09-07,2026-10-07,30.0,30 days,Calculated 30-day,2.0,2,"Sep 2026, Oct 2026",Sep 2026 (bal 13.0) · Oct 2026 (bal 4.0),0.0,23.0,20,4.0,0.0,4.0,0.0,17.0,"shows 4 min, should be 0 (overstated by 4 — 7 earlier-month min not carried forward)","🚩 Balance not carried forward — shows 4, should be 0 (overstated +4)",OK - CALCULATED
93912365,24347464056,Convo Now,live,Convo Now: Access Complimentary,22916621827,2026-09-21,2026-10-21,30.0,30 days,Calculated 30-day,2.0,2,"Sep 2026, Oct 2026",Sep 2026 (bal 4.0) · Oct 2026 (bal 13.0),0.0,23.0,20,13.0,0.0,13.0,0.0,17.0,"shows 13 min, should be 0 (overstated by 13 — 16 earlier-month min not carried forward)","🚩 Balance not carried forward — shows 13, should be 0 (overstated +13)",OK - CALCULATED
40710879,24347482459,Convo Now,live,Convo Now: Access Complimentary,22916594320,2026-09-21,2026-10-21,30.0,30 days,Calculated 30-day,2.0,2,"Sep 2026, Oct 2026",Sep 2026 (bal 17.0) · Oct 2026 (bal 20.0),0.0,3.0,20,20.0,17.0,3.0,17.0,37.0,"shows 20 min, should be 17 (overstated by 3 — 3 earlier-month min not carried forward)","🚩 Balance not carried forward — shows 20, should be 17 (overstated +3)",OK - CALCULATED
80365755,24347482463,Convo Now,live,Convo Now: Access Complimentary,22917218208,2026-09-21,2026-10-21,30.0,30 days,Calculated 30-day,2.0,2,"Sep 2026, Oct 2026",Sep 2026 (bal -34.0) · Oct 2026 (bal 20.0),0.0,54.0,20,20.0,0.0,20.0,0.0,-14.0,"shows 20 min, should be 0 (overstated by 20 — 54 earlier-month min not carried forward)","🚩 Balance not carried forward — shows 20, should be 0 (overstated +20)",OK - CALCULATED
88143621,24347482630,Convo Now,live,Convo Now: Access Complimentary,24275592348,2026-09-12,2026-10-12,30.0,30 days,Calculated 30-day,2.0,2,"Sep 2026, Oct 2026",Sep 2026 (bal 0.0) · Oct 2026 (bal 20.0),0.0,20.0,20,20.0,0.0,20.0,0.0,20.0,"shows 20 min, should be 0 (overstated by 20 — 20 earlier-month min not carried forward)","🚩 Balance not carried forward — shows 20, should be 0 (overstated +20)",OK - CALCULATED
70952195,24347482890,Convo Now,live,Convo Now: Access Complimentary,22914535809,2026-09-21,2026-10-21,30.0,30 days,Calculated 30-day,2.0,2,"Sep 2026, Oct 2026",Sep 2026 (bal -39.0) · Oct 2026 (bal 20.0),0.0,59.0,20,20.0,0.0,20.0,0.0,-19.0,"shows 20 min, should be 0 (overstated by 20 — 59 earlier-month min not carried forward)","🚩 Balance not carried forward — shows 20, should be 0 (overstated +20)",OK - CALCULATED
97191131,24347620898,Convo Now,live,Convo Now: Access Complimentary,22914402397,2026-09-17,2026-10-17,30.0,30 days,Calculated 30-day,2.0,2,"Sep 2026, Oct 2026",Sep 2026 (bal -2.0) · Oct 2026 (bal 20.0),0.0,22.0,20,20.0,0.0,20.0,0.0,18.0,"shows 20 min, should be 0 (overstated by 20 — 22 earlier-month min not carried forward)","🚩 Balance not carried forward — shows 20, should be 0 (overstated +20)",OK - CALCULATED
11353689,24347620902,Convo Now,live,Convo Now: Access Complimentary,22908295228,2026-09-08,2026-10-08,30.0,30 days,Calculated 30-day,2.0,2,"Sep 2026, Oct 2026",Sep 2026 (bal 18.0) · Oct 2026 (bal 20.0),0.0,2.0,20,20.0,18.0,2.0,18.0,38.0,"shows 20 min, should be 18 (overstated by 2 — 2 earlier-month min not carried forward)","🚩 Balance not carried forward — shows 20, should be 18 (overstated +2)",OK - CALCULATED
10527204,24347621963,Convo Now,live,Convo Now: Access Complimentary,22917219164,2026-09-21,2026-10-21,30.0,30 days,Calculated 30-day,2.0,2,"Sep 2026, Oct 2026",Sep 2026 (bal -1.0) · Oct 2026 (bal 20.0),0.0,21.0,20,20.0,0.0,20.0,0.0,19.0,"shows 20 min, should be 0 (overstated by 20 — 21 earlier-month min not carried forward)","🚩 Balance not carried forward — shows 20, should be 0 (overstated +20)",OK - CALCULATED
73592510,24347622049,Convo Now,live,Convo Now: Access Complimentary,22908074086,2026-09-23,2026-10-23,30.0,30 days,Calculated 30-day,2.0,2,"Sep 2026, Oct 2026",Sep 2026 (bal -1.0) · Oct 2026 (bal 20.0),0.0,21.0,20,20.0,0.0,20.0,0.0,19.0,"shows 20 min, should be 0 (overstated by 20 — 21 earlier-month min not carried forward)","🚩 Balance not carried forward — shows 20, should be 0 (overstated +20)",OK - CALCULATED
56311022,24347623291,Convo Now,live,Convo Now: Access Complimentary,22917084586,2026-09-13,2026-10-13,30.0,30 days,Calculated 30-day,2.0,2,"Sep 2026, Oct 2026",Sep 2026 (bal 7.0) · Oct 2026 (bal 13.0),0.0,20.0,20,13.0,0.0,13.0,0.0,20.0,"shows 13 min, should be 0 (overstated by 13 — 13 earlier-month min not carried forward)","🚩 Balance not carried forward — shows 13, should be 0 (overstated +13)",OK - CALCULATED
33469912,24347623498,Convo Now,live,Convo Now: Access Complimentary,22964193137,2026-09-21,2026-10-21,30.0,30 days,Calculated 30-day,2.0,2,"Sep 2026, Oct 2026",Sep 2026 (bal 1.0) · Oct 2026 (bal 20.0),0.0,19.0,20,20.0,1.0,19.0,1.0,21.0,"shows 20 min, should be 1 (overstated by 19 — 19 earlier-month min not carried forward)","🚩 Balance not carried forward — shows 20, should be 1 (overstated +19)",OK - CALCULATED
60750247,24347642253,Convo Now,live,Convo Now: Access Complimentary,22908885253,2026-09-15,2026-10-15,30.0,30 days,Calculated 30-day,2.0,2,"Sep 2026, Oct 2026",Sep 2026 (bal 2.0) · Oct 2026 (bal 20.0),0.0,18.0,20,20.0,2.0,18.0,2.0,22.0,"shows 20 min, should be 2 (overstated by 18 — 18 earlier-month min not carried forward)","🚩 Balance not carried forward — shows 20, should be 2 (overstated +18)",OK - CALCULATED
48027709,24347642791,Convo Now,live,Convo Now: Access Complimentary,22917218228,2026-09-21,2026-10-21,30.0,30 days,Calculated 30-day,2.0,2,"Sep 2026, Oct 2026",Sep 2026 (bal 13.0) · Oct 2026 (bal 20.0),0.0,7.0,20,20.0,13.0,7.0,13.0,33.0,"shows 20 min, should be 13 (overstated by 7 — 7 earlier-month min not carried forward)","🚩 Balance not carried forward — shows 20, should be 13 (overstated +7)",OK - CALCULATED
44437601,24347642794,Convo Now,live,Convo Now: Access Complimentary,22906945945,2026-09-21,2026-10-21,30.0,30 days,Calculated 30-day,2.0,2,"Sep 2026, Oct 2026",Sep 2026 (bal 12.0) · Oct 2026 (bal 20.0),0.0,8.0,20,20.0,12.0,8.0,12.0,32.0,"shows 20 min, should be 12 (overstated by 8 — 8 earlier-month min not carried forward)","🚩 Balance not carried forward — shows 20, should be 12 (overstated +8)",OK - CALCULATED
22335928,24347643227,Convo Now,live,Convo Now: Access Complimentary,22874912048,2026-09-08,2026-10-08,30.0,30 days,Calculated 30-day,2.0,2,"Sep 2026, Oct 2026",Sep 2026 (bal 17.0) · Oct 2026 (bal 20.0),0.0,3.0,20,20.0,17.0,3.0,17.0,37.0,"shows 20 min, should be 17 (overstated by 3 — 3 earlier-month min not carried forward)","🚩 Balance not carried forward — shows 20, should be 17 (overstated +3)",OK - CALCULATED
63932533,24347773519,Convo Now,live,Convo Now: Access Complimentary,22874912120,2026-09-06,2026-10-06,30.0,30 days,Calculated 30-day,2.0,2,"Sep 2026, Oct 2026",Sep 2026 (bal 19.0) · Oct 2026 (bal 20.0),0.0,1.0,20,20.0,19.0,1.0,19.0,39.0,"shows 20 min, should be 19 (overstated by 1 — 1 earlier-month min not carried forward)","🚩 Balance not carried forward — shows 20, should be 19 (overstated +1)",OK - CALCULATED
25213507,24347773587,Convo Now,live,Convo Now: Access Complimentary,22906076575,2026-09-21,2026-10-21,30.0,30 days,Calculated 30-day,2.0,2,"Sep 2026, Oct 2026",Sep 2026 (bal -69.0) · Oct 2026 (bal 20.0),0.0,89.0,20,20.0,0.0,20.0,0.0,-49.0,"shows 20 min, should be 0 (overstated by 20 — 89 earlier-month min not carried forward)","🚩 Balance not carried forward — shows 20, should be 0 (overstated +20)",OK - CALCULATED
84677421,24347774097,Convo Now,live,Convo Now: Access Complimentary,22906071657,2026-09-29,2026-10-29,30.0,30 days,Calculated 30-day,2.0,2,"Sep 2026, Oct 2026",Sep 2026 (bal -35.0) · Oct 2026 (bal 20.0),0.0,55.0,20,20.0,0.0,20.0,0.0,-15.0,"shows 20 min, should be 0 (overstated by 20 — 55 earlier-month min not carried forward)","🚩 Balance not carried forward — shows 20, should be 0 (overstated +20)",OK - CALCULATED
91884144,24347774098,Convo Now,live,Convo Now: Access Complimentary,22906445382,2026-09-21,2026-10-21,30.0,30 days,Calculated 30-day,2.0,2,"Sep 2026, Oct 2026",Sep 2026 (bal 0.0) · Oct 2026 (bal 20.0),0.0,20.0,20,20.0,0.0,20.0,0.0,20.0,"shows 20 min, should be 0 (overstated by 20 — 20 earlier-month min not carried forward)","🚩 Balance not carried forward — shows 20, should be 0 (overstated +20)",OK - CALCULATED
84548464,24347774131,Convo Now,live,Convo Now: Access Complimentary,22908068762,2026-09-15,2026-10-15,30.0,30 days,Calculated 30-day,2.0,2,"Sep 2026, Oct 2026",Sep 2026 (bal 11.0) · Oct 2026 (bal 20.0),0.0,9.0,20,20.0,11.0,9.0,11.0,31.0,"shows 20 min, should be 11 (overstated by 9 — 9 earlier-month min not carried forward)","🚩 Balance not carried forward — shows 20, should be 11 (overstated +9)",OK - CALCULATED
70331676,24347774840,Convo Now,live,Convo Now: Access Complimentary,22914402393,2026-09-14,2026-10-14,30.0,30 days,Calculated 30-day,2.0,2,"Sep 2026, Oct 2026",Sep 2026 (bal 14.0) · Oct 2026 (bal 20.0),0.0,6.0,20,20.0,14.0,6.0,14.0,34.0,"shows 20 min, should be 14 (overstated by 6 — 6 earlier-month min not carried forward)","🚩 Balance not carried forward — shows 20, should be 14 (overstated +6)",OK - CALCULATED
46760199,24347774843,Convo Now,live,Convo Now: Access Complimentary,22906640763,2026-09-30,2026-10-30,30.0,30 days,Calculated 30-day,2.0,2,"Sep 2026, Oct 2026",Sep 2026 (bal -56.0) · Oct 2026 (bal 20.0),0.0,76.0,20,20.0,0.0,20.0,0.0,-36.0,"shows 20 min, should be 0 (overstated by 20 — 76 earlier-month min not carried forward)","🚩 Balance not carried forward — shows 20, should be 0 (overstated +20)",OK - CALCULATED
51482797,24347792915,Convo Now,live,Convo Now: Access Complimentary,22916740252,2026-09-21,2026-10-21,30.0,30 days,Calculated 30-day,2.0,2,"Sep 2026, Oct 2026",Sep 2026 (bal -16.0) · Oct 2026 (bal 20.0),0.0,36.0,20,20.0,0.0,20.0,0.0,4.0,"shows 20 min, should be 0 (overstated by 20 — 36 earlier-month min not carried forward)","🚩 Balance not carried forward — shows 20, should be 0 (overstated +20)",OK - CALCULATED
28075060,24347793202,Convo Now,live,Convo Now: Access Complimentary,22906664327,2026-09-26,2026-10-26,30.0,30 days,Calculated 30-day,2.0,2,"Sep 2026, Oct 2026",Sep 2026 (bal -12.0) · Oct 2026 (bal 20.0),0.0,32.0,20,20.0,0.0,20.0,0.0,8.0,"shows 20 min, should be 0 (overstated by 20 — 32 earlier-month min not carried forward)","🚩 Balance not carried forward — shows 20, should be 0 (overstated +20)",OK - CALCULATED
77963138,24347793438,Convo Now,live,Convo Now: Access Complimentary,22917141589,2026-09-21,2026-10-21,30.0,30 days,Calculated 30-day,2.0,2,"Sep 2026, Oct 2026",Sep 2026 (bal 5.0) · Oct 2026 (bal 20.0),0.0,15.0,20,20.0,5.0,15.0,5.0,25.0,"shows 20 min, should be 5 (overstated by 15 — 15 earlier-month min not carried forward)","🚩 Balance not carried forward — shows 20, should be 5 (overstated +15)",OK - CALCULATED
62015476,24347793511,Convo Now,live,Convo Now: Access Complimentary,22913888357,2026-09-22,2026-10-22,30.0,30 days,Calculated 30-day,2.0,2,"Sep 2026, Oct 2026",Sep 2026 (bal 15.0) · Oct 2026 (bal 20.0),0.0,5.0,20,20.0,15.0,5.0,15.0,35.0,"shows 20 min, should be 15 (overstated by 5 — 5 earlier-month min not carried forward)","🚩 Balance not carried forward — shows 20, should be 15 (overstated +5)",OK - CALCULATED
15203647,24347930174,Convo Now,live,Convo Now: Access Complimentary,22908068741,2026-09-14,2026-10-14,30.0,30 days,Calculated 30-day,2.0,2,"Sep 2026, Oct 2026",Sep 2026 (bal 1.0) · Oct 2026 (bal 20.0),0.0,19.0,20,20.0,1.0,19.0,1.0,21.0,"shows 20 min, should be 1 (overstated by 19 — 19 earlier-month min not carried forward)","🚩 Balance not carried forward — shows 20, should be 1 (overstated +19)",OK - CALCULATED
46943325,24347930192,Convo Now,live,Convo Now: Access Complimentary,22917218335,2026-09-21,2026-10-21,30.0,30 days,Calculated 30-day,2.0,2,"Sep 2026, Oct 2026",Sep 2026 (bal 18.0) · Oct 2026 (bal 20.0),0.0,2.0,20,20.0,18.0,2.0,18.0,38.0,"shows 20 min, should be 18 (overstated by 2 — 2 earlier-month min not carried forward)","🚩 Balance not carried forward — shows 20, should be 18 (overstated +2)",OK - CALCULATED
66791545,24347930293,Convo Now,live,Convo Now: Access Complimentary,22917089865,2026-09-21,2026-10-21,30.0,30 days,Calculated 30-day,2.0,2,"Sep 2026, Oct 2026",Sep 2026 (bal -45.0) · Oct 2026 (bal 20.0),0.0,65.0,20,20.0,0.0,20.0,0.0,-25.0,"shows 20 min, should be 0 (overstated by 20 — 65 earlier-month min not carried forward)","🚩 Balance not carried forward — shows 20, should be 0 (overstated +20)",OK - CALCULATED
40005340,24347930755,Convo Now,live,Convo Now: Access Complimentary,22916524567,2026-09-21,2026-10-21,30.0,30 days,Calculated 30-day,2.0,2,"Sep 2026, Oct 2026",Sep 2026 (bal 11.0) · Oct 2026 (bal 20.0),0.0,9.0,20,20.0,11.0,9.0,11.0,31.0,"shows 20 min, should be 11 (overstated by 9 — 9 earlier-month min not carried forward)","🚩 Balance not carried forward — shows 20, should be 11 (overstated +9)",OK - CALCULATED
21916917,24347930937,Convo Now,live,Convo Now: Access Complimentary,22908885267,2026-09-14,2026-10-14,30.0,30 days,Calculated 30-day,2.0,2,"Sep 2026, Oct 2026",Sep 2026 (bal 13.0) · Oct 2026 (bal 20.0),0.0,7.0,20,20.0,13.0,7.0,13.0,33.0,"shows 20 min, should be 13 (overstated by 7 — 7 earlier-month min not carried forward)","🚩 Balance not carried forward — shows 20, should be 13 (overstated +7)",OK - CALCULATED
61986114,24347950682,Convo Now,live,Convo Now: Access Complimentary,22906071664,2026-09-30,2026-10-30,30.0,30 days,Calculated 30-day,2.0,2,"Sep 2026, Oct 2026",Sep 2026 (bal 12.0) · Oct 2026 (bal 20.0),0.0,8.0,20,20.0,12.0,8.0,12.0,32.0,"shows 20 min, should be 12 (overstated by 8 — 8 earlier-month min not carried forward)","🚩 Balance not carried forward — shows 20, should be 12 (overstated +8)",OK - CALCULATED
20536660,24348649546,Convo Now,live,Convo Now: Access Complimentary,22913732615,2026-09-27,2026-10-27,30.0,30 days,Calculated 30-day,2.0,2,"Sep 2026, Oct 2026",Sep 2026 (bal 2.0) · Oct 2026 (bal 20.0),0.0,18.0,20,20.0,2.0,18.0,2.0,22.0,"shows 20 min, should be 2 (overstated by 18 — 18 earlier-month min not carried forward)","🚩 Balance not carried forward — shows 20, should be 2 (overstated +18)",OK - CALCULATED
40484142,24348650509,Convo Now,live,Convo Now: Access Complimentary,22916740198,2026-09-21,2026-10-21,30.0,30 days,Calculated 30-day,2.0,2,"Sep 2026, Oct 2026",Sep 2026 (bal -9.0) · Oct 2026 (bal 20.0),0.0,29.0,20,20.0,0.0,20.0,0.0,11.0,"shows 20 min, should be 0 (overstated by 20 — 29 earlier-month min not carried forward)","🚩 Balance not carried forward — shows 20, should be 0 (overstated +20)",OK - CALCULATED
85943988,24348650512,Convo Now,live,Convo Now: Access Complimentary,22916621751,2026-09-21,2026-10-21,30.0,30 days,Calculated 30-day,2.0,2,"Sep 2026, Oct 2026",Sep 2026 (bal 17.0) · Oct 2026 (bal 20.0),0.0,3.0,20,20.0,17.0,3.0,17.0,37.0,"shows 20 min, should be 17 (overstated by 3 — 3 earlier-month min not carried forward)","🚩 Balance not carried forward — shows 20, should be 17 (overstated +3)",OK - CALCULATED
99496348,24348650567,Convo Now,live,Convo Now: Access Complimentary,22916554119,2026-09-25,2026-10-25,30.0,30 days,Calculated 30-day,2.0,2,"Sep 2026, Oct 2026",Sep 2026 (bal 0.0) · Oct 2026 (bal 18.0),0.0,22.0,20,18.0,0.0,18.0,0.0,18.0,"shows 18 min, should be 0 (overstated by 18 — 20 earlier-month min not carried forward)","🚩 Balance not carried forward — shows 18, should be 0 (overstated +18)",OK - CALCULATED
69031847,24348650772,Convo Now,live,Convo Now: Access Complimentary,22916554126,2026-09-29,2026-10-29,30.0,30 days,Calculated 30-day,2.0,2,"Sep 2026, Oct 2026",Sep 2026 (bal 14.0) · Oct 2026 (bal 20.0),0.0,6.0,20,20.0,14.0,6.0,14.0,34.0,"shows 20 min, should be 14 (overstated by 6 — 6 earlier-month min not carried forward)","🚩 Balance not carried forward — shows 20, should be 14 (overstated +6)",OK - CALCULATED
96755089,24348650805,Convo Now,live,Convo Now: Access Complimentary,22916870327,2026-09-21,2026-10-21,30.0,30 days,Calculated 30-day,2.0,2,"Sep 2026, Oct 2026",Sep 2026 (bal -30.0) · Oct 2026 (bal 20.0),0.0,50.0,20,20.0,0.0,20.0,0.0,-10.0,"shows 20 min, should be 0 (overstated by 20 — 50 earlier-month min not carried forward)","🚩 Balance not carried forward — shows 20, should be 0 (overstated +20)",OK - CALCULATED
80807284,24348651520,Convo Now,live,Convo Now: Access Complimentary,22908464200,2026-09-21,2026-10-21,30.0,30 days,Calculated 30-day,2.0,2,"Sep 2026, Oct 2026",Sep 2026 (bal 17.0) · Oct 2026 (bal 18.0),0.0,5.0,20,18.0,15.0,3.0,15.0,35.0,"shows 18 min, should be 15 (overstated by 3 — 3 earlier-month min not carried forward)","🚩 Balance not carried forward — shows 18, should be 15 (overstated +3)",OK - CALCULATED
81642529,24348651825,Convo Now,live,Convo Now: Access Complimentary,22906541208,2026-09-27,2026-10-27,30.0,30 days,Calculated 30-day,2.0,2,"Sep 2026, Oct 2026",Sep 2026 (bal -1.0) · Oct 2026 (bal 20.0),0.0,21.0,20,20.0,0.0,20.0,0.0,19.0,"shows 20 min, should be 0 (overstated by 20 — 21 earlier-month min not carried forward)","🚩 Balance not carried forward — shows 20, should be 0 (overstated +20)",OK - CALCULATED
60281387,24348651826,Convo Now,live,Convo Now: Access Complimentary,22908885277,2026-09-15,2026-10-15,30.0,30 days,Calculated 30-day,2.0,2,"Sep 2026, Oct 2026",Sep 2026 (bal -39.0) · Oct 2026 (bal 20.0),0.0,59.0,20,20.0,0.0,20.0,0.0,-19.0,"shows 20 min, should be 0 (overstated by 20 — 59 earlier-month min not carried forward)","🚩 Balance not carried forward — shows 20, should be 0 (overstated +20)",OK - CALCULATED
82138524,24348651866,Convo Now,live,Convo Now: Access Complimentary,22908074053,2026-09-18,2026-10-18,30.0,30 days,Calculated 30-day,2.0,2,"Sep 2026, Oct 2026",Sep 2026 (bal -12.0) · Oct 2026 (bal 20.0),0.0,32.0,20,20.0,0.0,20.0,0.0,8.0,"shows 20 min, should be 0 (overstated by 20 — 32 earlier-month min not carried forward)","🚩 Balance not carried forward — shows 20, should be 0 (overstated +20)",OK - CALCULATED
64469082,24348651869,Convo Now,live,Convo Now: Access Complimentary,22874912124,2026-09-07,2026-10-07,30.0,30 days,Calculated 30-day,2.0,2,"Sep 2026, Oct 2026",Sep 2026 (bal 13.0) · Oct 2026 (bal 20.0),0.0,7.0,20,20.0,13.0,7.0,13.0,33.0,"shows 20 min, should be 13 (overstated by 7 — 7 earlier-month min not carried forward)","🚩 Balance not carried forward — shows 20, should be 13 (overstated +7)",OK - CALCULATED
47997619,24348652451,Convo Now,live,Convo Now: Access Complimentary,22917219171,2026-09-21,2026-10-21,30.0,30 days,Calculated 30-day,2.0,2,"Sep 2026, Oct 2026",Sep 2026 (bal 15.0) · Oct 2026 (bal 20.0),0.0,5.0,20,20.0,15.0,5.0,15.0,35.0,"shows 20 min, should be 15 (overstated by 5 — 5 earlier-month min not carried forward)","🚩 Balance not carried forward — shows 20, should be 15 (overstated +5)",OK - CALCULATED
40091044,24348672049,Convo Now,live,Convo Now: Access Complimentary,23729467572,2026-09-30,2026-10-30,30.0,30 days,Calculated 30-day,2.0,2,"Sep 2026, Oct 2026",Sep 2026 (bal -14.0) · Oct 2026 (bal 20.0),0.0,34.0,20,20.0,0.0,20.0,0.0,6.0,"shows 20 min, should be 0 (overstated by 20 — 34 earlier-month min not carried forward)","🚩 Balance not carried forward — shows 20, should be 0 (overstated +20)",OK - CALCULATED
21405634,24348672114,Convo Now,live,Convo Now: Access Complimentary,22917352514,2026-09-21,2026-10-21,30.0,30 days,Calculated 30-day,2.0,2,"Sep 2026, Oct 2026",Sep 2026 (bal 17.0) · Oct 2026 (bal 20.0),0.0,3.0,20,20.0,17.0,3.0,17.0,37.0,"shows 20 min, should be 17 (overstated by 3 — 3 earlier-month min not carried forward)","🚩 Balance not carried forward — shows 20, should be 17 (overstated +3)",OK - CALCULATED
29547761,24348952146,Convo Now,live,Convo Now: Access Complimentary,22917290498,2026-09-21,2026-10-21,30.0,30 days,Calculated 30-day,2.0,2,"Sep 2026, Oct 2026",Sep 2026 (bal 19.0) · Oct 2026 (bal 10.0),0.0,11.0,20,10.0,9.0,1.0,9.0,29.0,"shows 10 min, should be 9 (overstated by 1 — 1 earlier-month min not carried forward)","🚩 Balance not carried forward — shows 10, should be 9 (overstated +1)",OK - CALCULATED
69422373,24348952194,Convo Now,live,Convo Now: Access Complimentary,22917089858,2026-09-21,2026-10-21,30.0,30 days,Calculated 30-day,2.0,2,"Sep 2026, Oct 2026",Sep 2026 (bal -121.0) · Oct 2026 (bal 20.0),0.0,141.0,20,20.0,0.0,20.0,0.0,-101.0,"shows 20 min, should be 0 (overstated by 20 — 141 earlier-month min not carried forward)","🚩 Balance not carried forward — shows 20, should be 0 (overstated +20)",OK - CALCULATED
29531193,24348952985,Convo Now,live,Convo Now: Access Complimentary,22916594239,2026-09-21,2026-10-21,30.0,30 days,Calculated 30-day,2.0,2,"Sep 2026, Oct 2026",Sep 2026 (bal -62.0) · Oct 2026 (bal 20.0),0.0,82.0,20,20.0,0.0,20.0,0.0,-42.0,"shows 20 min, should be 0 (overstated by 20 — 82 earlier-month min not carried forward)","🚩 Balance not carried forward — shows 20, should be 0 (overstated +20)",OK - CALCULATED
84669148,24348953155,Convo Now,live,Convo Now: Access Complimentary,22917207614,2026-09-21,2026-10-21,30.0,30 days,Calculated 30-day,2.0,2,"Sep 2026, Oct 2026",Sep 2026 (bal -18.0) · Oct 2026 (bal 20.0),0.0,38.0,20,20.0,0.0,20.0,0.0,2.0,"shows 20 min, should be 0 (overstated by 20 — 38 earlier-month min not carried forward)","🚩 Balance not carried forward — shows 20, should be 0 (overstated +20)",OK - CALCULATED
60143909,24348953391,Convo Now,live,Convo Now: Access Complimentary,22916574323,2026-09-21,2026-10-21,30.0,30 days,Calculated 30-day,2.0,2,"Sep 2026, Oct 2026",Sep 2026 (bal 18.0) · Oct 2026 (bal 20.0),0.0,2.0,20,20.0,18.0,2.0,18.0,38.0,"shows 20 min, should be 18 (overstated by 2 — 2 earlier-month min not carried forward)","🚩 Balance not carried forward — shows 20, should be 18 (overstated +2)",OK - CALCULATED
73542729,24348953688,Convo Now,live,Convo Now: Access Complimentary,22914080561,2026-09-17,2026-10-17,30.0,30 days,Calculated 30-day,2.0,2,"Sep 2026, Oct 2026",Sep 2026 (bal 9.0) · Oct 2026 (bal 20.0),0.0,11.0,20,20.0,9.0,11.0,9.0,29.0,"shows 20 min, should be 9 (overstated by 11 — 11 earlier-month min not carried forward)","🚩 Balance not carried forward — shows 20, should be 9 (overstated +11)",OK - CALCULATED
60325802,24348971700,Convo Now,live,Convo Now: Access Complimentary,22906445406,2026-09-21,2026-10-21,30.0,30 days,Calculated 30-day,2.0,2,"Sep 2026, Oct 2026",Sep 2026 (bal 0.0) · Oct 2026 (bal 17.0),0.0,23.0,20,17.0,0.0,17.0,0.0,17.0,"shows 17 min, should be 0 (overstated by 17 — 20 earlier-month min not carried forward)","🚩 Balance not carried forward — shows 17, should be 0 (overstated +17)",OK - CALCULATED
15907215,24348972041,Convo Now,live,Convo Now: Access Complimentary,22906076574,2026-09-21,2026-10-21,30.0,30 days,Calculated 30-day,2.0,2,"Sep 2026, Oct 2026",Sep 2026 (bal -61.0) · Oct 2026 (bal 20.0),0.0,81.0,20,20.0,0.0,20.0,0.0,-41.0,"shows 20 min, should be 0 (overstated by 20 — 81 earlier-month min not carried forward)","🚩 Balance not carried forward — shows 20, should be 0 (overstated +20)",OK - CALCULATED
91910701,24349116053,Convo Now,live,Convo Now: Access Complimentary,22915664252,2026-09-29,2026-10-29,30.0,30 days,Calculated 30-day,2.0,2,"Sep 2026, Oct 2026",Sep 2026 (bal -2.0) · Oct 2026 (bal 20.0),0.0,22.0,20,20.0,0.0,20.0,0.0,18.0,"shows 20 min, should be 0 (overstated by 20 — 22 earlier-month min not carried forward)","🚩 Balance not carried forward — shows 20, should be 0 (overstated +20)",OK - CALCULATED
53297638,24349116169,Convo Now,live,Convo Now: Access Complimentary,22916516277,2026-09-21,2026-10-21,30.0,30 days,Calculated 30-day,2.0,2,"Sep 2026, Oct 2026",Sep 2026 (bal -73.0) · Oct 2026 (bal 20.0),0.0,93.0,20,20.0,0.0,20.0,0.0,-53.0,"shows 20 min, should be 0 (overstated by 20 — 93 earlier-month min not carried forward)","🚩 Balance not carried forward — shows 20, should be 0 (overstated +20)",OK - CALCULATED
89653748,24349116505,Convo Now,live,Convo Now: Access Complimentary,22917723315,2026-09-21,2026-10-21,30.0,30 days,Calculated 30-day,2.0,2,"Sep 2026, Oct 2026",Sep 2026 (bal -2.0) · Oct 2026 (bal 20.0),0.0,22.0,20,20.0,0.0,20.0,0.0,18.0,"shows 20 min, should be 0 (overstated by 20 — 22 earlier-month min not carried forward)","🚩 Balance not carried forward — shows 20, should be 0 (overstated +20)",OK - CALCULATED
33813377,24349117553,Convo Now,live,Convo Now: Access Complimentary,22916740227,2026-09-21,2026-10-21,30.0,30 days,Calculated 30-day,2.0,2,"Sep 2026, Oct 2026",Sep 2026 (bal 8.0) · Oct 2026 (bal 20.0),0.0,12.0,20,20.0,8.0,12.0,8.0,28.0,"shows 20 min, should be 8 (overstated by 12 — 12 earlier-month min not carried forward)","🚩 Balance not carried forward — shows 20, should be 8 (overstated +12)",OK - CALCULATED
89757465,24349118088,Convo Now,live,Convo Now: Access Complimentary,22910133425,2026-09-26,2026-10-26,30.0,30 days,Calculated 30-day,2.0,2,"Sep 2026, Oct 2026",Sep 2026 (bal -26.0) · Oct 2026 (bal 14.0),0.0,52.0,20,14.0,0.0,14.0,0.0,-12.0,"shows 14 min, should be 0 (overstated by 14 — 46 earlier-month min not carried forward)","🚩 Balance not carried forward — shows 14, should be 0 (overstated +14)",OK - CALCULATED
93525480,24349140014,Convo Now,live,Convo Now: Access Complimentary,22919401345,2026-09-21,2026-10-21,30.0,30 days,Calculated 30-day,2.0,2,"Sep 2026, Oct 2026",Sep 2026 (bal 16.0) · Oct 2026 (bal 20.0),0.0,4.0,20,20.0,16.0,4.0,16.0,36.0,"shows 20 min, should be 16 (overstated by 4 — 4 earlier-month min not carried forward)","🚩 Balance not carried forward — shows 20, should be 16 (overstated +4)",OK - CALCULATED
86896174,24349140226,Convo Now,live,Convo Now: Access Complimentary,22916619549,2026-09-21,2026-10-21,30.0,30 days,Calculated 30-day,2.0,2,"Sep 2026, Oct 2026",Sep 2026 (bal 16.0) · Oct 2026 (bal 20.0),0.0,4.0,20,20.0,16.0,4.0,16.0,36.0,"shows 20 min, should be 16 (overstated by 4 — 4 earlier-month min not carried forward)","🚩 Balance not carried forward — shows 20, should be 16 (overstated +4)",OK - CALCULATED
81984210,24349271870,Convo Now,live,Convo Now: Access Complimentary,22917275942,2026-09-21,2026-10-21,30.0,30 days,Calculated 30-day,2.0,2,"Sep 2026, Oct 2026",Sep 2026 (bal 14.0) · Oct 2026 (bal 20.0),0.0,6.0,20,20.0,14.0,6.0,14.0,34.0,"shows 20 min, should be 14 (overstated by 6 — 6 earlier-month min not carried forward)","🚩 Balance not carried forward — shows 20, should be 14 (overstated +6)",OK - CALCULATED
57769190,24349272079,Convo Now,live,Convo Now: Access Complimentary,22917218226,2026-09-21,2026-10-21,30.0,30 days,Calculated 30-day,2.0,2,"Sep 2026, Oct 2026",Sep 2026 (bal -55.0) · Oct 2026 (bal 20.0),0.0,75.0,20,20.0,0.0,20.0,0.0,-35.0,"shows 20 min, should be 0 (overstated by 20 — 75 earlier-month min not carried forward)","🚩 Balance not carried forward — shows 20, should be 0 (overstated +20)",OK - CALCULATED
82943368,24349272087,Convo Now,live,Convo Now: Access Complimentary,22915664309,2026-09-30,2026-10-30,30.0,30 days,Calculated 30-day,2.0,2,"Sep 2026, Oct 2026",Sep 2026 (bal 16.0) · Oct 2026 (bal 20.0),0.0,4.0,20,20.0,16.0,4.0,16.0,36.0,"shows 20 min, should be 16 (overstated by 4 — 4 earlier-month min not carried forward)","🚩 Balance not carried forward — shows 20, should be 16 (overstated +4)",OK - CALCULATED
11416243,24349272098,Convo Now,live,Convo Now: Access Complimentary,22916871708,2026-09-21,2026-10-21,30.0,30 days,Calculated 30-day,2.0,2,"Sep 2026, Oct 2026",Sep 2026 (bal -2.0) · Oct 2026 (bal 20.0),0.0,22.0,20,20.0,0.0,20.0,0.0,18.0,"shows 20 min, should be 0 (overstated by 20 — 22 earlier-month min not carried forward)","🚩 Balance not carried forward — shows 20, should be 0 (overstated +20)",OK - CALCULATED
88826687,24349272109,Convo Now,live,Convo Now: Access Complimentary,22906532448,2026-09-21,2026-10-21,30.0,30 days,Calculated 30-day,2.0,2,"Sep 2026, Oct 2026",Sep 2026 (bal -2.0) · Oct 2026 (bal 8.0),0.0,34.0,20,8.0,0.0,8.0,0.0,6.0,"shows 8 min, should be 0 (overstated by 8 — 22 earlier-month min not carried forward)","🚩 Balance not carried forward — shows 8, should be 0 (overstated +8)",OK - CALCULATED
99211358,24349272688,Convo Now,live,Convo Now: Access Complimentary,22916740218,2026-09-21,2026-10-21,30.0,30 days,Calculated 30-day,2.0,2,"Sep 2026, Oct 2026",Sep 2026 (bal -1.0) · Oct 2026 (bal 2.0),0.0,39.0,20,2.0,0.0,2.0,0.0,1.0,"shows 2 min, should be 0 (overstated by 2 — 21 earlier-month min not carried forward)","🚩 Balance not carried forward — shows 2, should be 0 (overstated +2)",OK - CALCULATED
24030631,24349272716,Convo Now,live,Convo Now: Access Complimentary,22913388154,2026-09-09,2026-10-09,30.0,30 days,Calculated 30-day,2.0,2,"Sep 2026, Oct 2026",Sep 2026 (bal -14.0) · Oct 2026 (bal 20.0),0.0,34.0,20,20.0,0.0,20.0,0.0,6.0,"shows 20 min, should be 0 (overstated by 20 — 34 earlier-month min not carried forward)","🚩 Balance not carried forward — shows 20, should be 0 (overstated +20)",OK - CALCULATED
15527611,24349272739,Convo Now,live,Convo Now: Access Complimentary,22908885165,2026-09-13,2026-10-13,30.0,30 days,Calculated 30-day,2.0,2,"Sep 2026, Oct 2026",Sep 2026 (bal -29.0) · Oct 2026 (bal 20.0),0.0,49.0,20,20.0,0.0,20.0,0.0,-9.0,"shows 20 min, should be 0 (overstated by 20 — 49 earlier-month min not carried forward)","🚩 Balance not carried forward — shows 20, should be 0 (overstated +20)",OK - CALCULATED
31283312,24349273490,Convo Now,live,Convo Now: Access Complimentary,22917089874,2026-09-21,2026-10-21,30.0,30 days,Calculated 30-day,2.0,2,"Sep 2026, Oct 2026",Sep 2026 (bal -7.0) · Oct 2026 (bal 20.0),0.0,27.0,20,20.0,0.0,20.0,0.0,13.0,"shows 20 min, should be 0 (overstated by 20 — 27 earlier-month min not carried forward)","🚩 Balance not carried forward — shows 20, should be 0 (overstated +20)",OK - CALCULATED
87543083,24349294888,Convo Now,live,Convo Now: Access Complimentary,22908055895,2026-09-29,2026-10-29,30.0,30 days,Calculated 30-day,2.0,2,"Sep 2026, Oct 2026",Sep 2026 (bal 8.0) · Oct 2026 (bal 20.0),0.0,12.0,20,20.0,8.0,12.0,8.0,28.0,"shows 20 min, should be 8 (overstated by 12 — 12 earlier-month min not carried forward)","🚩 Balance not carried forward — shows 20, should be 8 (overstated +12)",OK - CALCULATED
76796498,24349570067,Convo Now,live,Convo Now: Access Complimentary,22916554240,2026-09-29,2026-10-29,30.0,30 days,Calculated 30-day,2.0,2,"Sep 2026, Oct 2026",Sep 2026 (bal 3.0) · Oct 2026 (bal 1.0),0.0,36.0,20,1.0,0.0,1.0,0.0,4.0,"shows 1 min, should be 0 (overstated by 1 — 17 earlier-month min not carried forward)","🚩 Balance not carried forward — shows 1, should be 0 (overstated +1)",OK - CALCULATED
59728914,24349570645,Convo Now,live,Convo Now: Access Complimentary,22908074080,2026-09-23,2026-10-23,30.0,30 days,Calculated 30-day,2.0,2,"Sep 2026, Oct 2026",Sep 2026 (bal 6.0) · Oct 2026 (bal 15.0),0.0,19.0,20,15.0,1.0,14.0,1.0,21.0,"shows 15 min, should be 1 (overstated by 14 — 14 earlier-month min not carried forward)","🚩 Balance not carried forward — shows 15, should be 1 (overstated +14)",OK - CALCULATED
80936437,24349570921,Convo Now,live,Convo Now: Access Complimentary,22906532401,2026-09-18,2026-10-18,30.0,30 days,Calculated 30-day,2.0,2,"Sep 2026, Oct 2026",Sep 2026 (bal -4.0) · Oct 2026 (bal 20.0),0.0,24.0,20,20.0,0.0,20.0,0.0,16.0,"shows 20 min, should be 0 (overstated by 20 — 24 earlier-month min not carried forward)","🚩 Balance not carried forward — shows 20, should be 0 (overstated +20)",OK - CALCULATED
13055048,24349571214,Convo Now,live,Convo Now: Access Complimentary,22917084532,2026-09-13,2026-10-13,30.0,30 days,Calculated 30-day,2.0,2,"Sep 2026, Oct 2026",Sep 2026 (bal -22.0) · Oct 2026 (bal 20.0),0.0,42.0,20,20.0,0.0,20.0,0.0,-2.0,"shows 20 min, should be 0 (overstated by 20 — 42 earlier-month min not carried forward)","🚩 Balance not carried forward — shows 20, should be 0 (overstated +20)",OK - CALCULATED
46204380,24349571247,Convo Now,live,Convo Now: Access Complimentary,22917084568,2026-09-13,2026-10-13,30.0,30 days,Calculated 30-day,2.0,2,"Sep 2026, Oct 2026",Sep 2026 (bal 19.0) · Oct 2026 (bal 20.0),0.0,1.0,20,20.0,19.0,1.0,19.0,39.0,"shows 20 min, should be 19 (overstated by 1 — 1 earlier-month min not carried forward)","🚩 Balance not carried forward — shows 20, should be 19 (overstated +1)",OK - CALCULATED
28525502,24349571678,Convo Now,live,Convo Now: Access Complimentary,22906945898,2026-09-21,2026-10-21,30.0,30 days,Calculated 30-day,2.0,2,"Sep 2026, Oct 2026",Sep 2026 (bal -2.0) · Oct 2026 (bal 20.0),0.0,22.0,20,20.0,0.0,20.0,0.0,18.0,"shows 20 min, should be 0 (overstated by 20 — 22 earlier-month min not carried forward)","🚩 Balance not carried forward — shows 20, should be 0 (overstated +20)",OK - CALCULATED
17767348,24349571863,Convo Now,live,Convo Now: Access Complimentary,22916619563,2026-09-21,2026-10-21,30.0,30 days,Calculated 30-day,2.0,2,"Sep 2026, Oct 2026",Sep 2026 (bal 7.0) · Oct 2026 (bal 20.0),0.0,13.0,20,20.0,7.0,13.0,7.0,27.0,"shows 20 min, should be 7 (overstated by 13 — 13 earlier-month min not carried forward)","🚩 Balance not carried forward — shows 20, should be 7 (overstated +13)",OK - CALCULATED
57174927,24349572480,Convo Now,live,Convo Now: Access Complimentary,22917089876,2026-09-21,2026-10-21,30.0,30 days,Calculated 30-day,2.0,2,"Sep 2026, Oct 2026",Sep 2026 (bal 17.0) · Oct 2026 (bal 15.0),0.0,8.0,20,15.0,12.0,3.0,12.0,32.0,"shows 15 min, should be 12 (overstated by 3 — 3 earlier-month min not carried forward)","🚩 Balance not carried forward — shows 15, should be 12 (overstated +3)",OK - CALCULATED
75835752,24349572481,Convo Now,live,Convo Now: Access Complimentary,22906945975,2026-09-21,2026-10-21,30.0,30 days,Calculated 30-day,2.0,2,"Sep 2026, Oct 2026",Sep 2026 (bal 6.0) · Oct 2026 (bal 20.0),0.0,14.0,20,20.0,6.0,14.0,6.0,26.0,"shows 20 min, should be 6 (overstated by 14 — 14 earlier-month min not carried forward)","🚩 Balance not carried forward — shows 20, should be 6 (overstated +14)",OK - CALCULATED
77563146,24349572487,Convo Now,live,Convo Now: Access Complimentary,22906532440,2026-09-22,2026-10-22,30.0,30 days,Calculated 30-day,2.0,2,"Sep 2026, Oct 2026",Sep 2026 (bal 13.0) · Oct 2026 (bal 20.0),0.0,7.0,20,20.0,13.0,7.0,13.0,33.0,"shows 20 min, should be 13 (overstated by 7 — 7 earlier-month min not carried forward)","🚩 Balance not carried forward — shows 20, should be 13 (overstated +7)",OK - CALCULATED
86958604,24349572527,Convo Now,live,Convo Now: Access Complimentary,22915664248,2026-09-23,2026-10-23,30.0,30 days,Calculated 30-day,2.0,2,"Sep 2026, Oct 2026",Sep 2026 (bal 18.0) · Oct 2026 (bal 20.0),0.0,2.0,20,20.0,18.0,2.0,18.0,38.0,"shows 20 min, should be 18 (overstated by 2 — 2 earlier-month min not carried forward)","🚩 Balance not carried forward — shows 20, should be 18 (overstated +2)",OK - CALCULATED
67502121,24349590927,Convo Now,live,Convo Now: Access Complimentary,22917089888,2026-09-21,2026-10-21,30.0,30 days,Calculated 30-day,2.0,2,"Sep 2026, Oct 2026",Sep 2026 (bal -45.0) · Oct 2026 (bal 20.0),0.0,65.0,20,20.0,0.0,20.0,0.0,-25.0,"shows 20 min, should be 0 (overstated by 20 — 65 earlier-month min not carried forward)","🚩 Balance not carried forward — shows 20, should be 0 (overstated +20)",OK - CALCULATED
35030421,24349590949,Convo Now,live,Convo Now: Access Complimentary,23363783218,2026-09-23,2026-10-23,30.0,30 days,Calculated 30-day,2.0,2,"Sep 2026, Oct 2026",Sep 2026 (bal 15.0) · Oct 2026 (bal 20.0),0.0,5.0,20,20.0,15.0,5.0,15.0,35.0,"shows 20 min, should be 15 (overstated by 5 — 5 earlier-month min not carried forward)","🚩 Balance not carried forward — shows 20, should be 15 (overstated +5)",OK - CALCULATED
62813982,24349590960,Convo Now,live,Convo Now: Access Complimentary,22917218231,2026-09-21,2026-10-21,30.0,30 days,Calculated 30-day,2.0,2,"Sep 2026, Oct 2026",Sep 2026 (bal 7.0) · Oct 2026 (bal 20.0),0.0,13.0,20,20.0,7.0,13.0,7.0,27.0,"shows 20 min, should be 7 (overstated by 13 — 13 earlier-month min not carried forward)","🚩 Balance not carried forward — shows 20, should be 7 (overstated +13)",OK - CALCULATED
10166838,24349591128,Convo Now,live,Convo Now: Access Complimentary,22917141593,2026-09-21,2026-10-21,30.0,30 days,Calculated 30-day,2.0,2,"Sep 2026, Oct 2026",Sep 2026 (bal 15.0) · Oct 2026 (bal 11.0),0.0,14.0,20,11.0,6.0,5.0,6.0,26.0,"shows 11 min, should be 6 (overstated by 5 — 5 earlier-month min not carried forward)","🚩 Balance not carried forward — shows 11, should be 6 (overstated +5)",OK - CALCULATED
85182717,24349889705,Convo Now,live,Convo Now: Access Complimentary,22918835102,2026-09-21,2026-10-21,30.0,30 days,Calculated 30-day,2.0,2,"Sep 2026, Oct 2026",Sep 2026 (bal 1.0) · Oct 2026 (bal 15.0),0.0,24.0,20,15.0,0.0,15.0,0.0,16.0,"shows 15 min, should be 0 (overstated by 15 — 19 earlier-month min not carried forward)","🚩 Balance not carried forward — shows 15, should be 0 (overstated +15)",OK - CALCULATED
81421492,24349890216,Convo Now,live,Convo Now: Access Complimentary,22906076672,2026-09-21,2026-10-21,30.0,30 days,Calculated 30-day,2.0,2,"Sep 2026, Oct 2026",Sep 2026 (bal -29.0) · Oct 2026 (bal 20.0),0.0,49.0,20,20.0,0.0,20.0,0.0,-9.0,"shows 20 min, should be 0 (overstated by 20 — 49 earlier-month min not carried forward)","🚩 Balance not carried forward — shows 20, should be 0 (overstated +20)",OK - CALCULATED
70696938,24349890684,Convo Now,live,Convo Now: Access Complimentary,22917929396,2026-09-21,2026-10-21,30.0,30 days,Calculated 30-day,2.0,2,"Sep 2026, Oct 2026",Sep 2026 (bal 15.0) · Oct 2026 (bal 20.0),0.0,5.0,20,20.0,15.0,5.0,15.0,35.0,"shows 20 min, should be 15 (overstated by 5 — 5 earlier-month min not carried forward)","🚩 Balance not carried forward — shows 20, should be 15 (overstated +5)",OK - CALCULATED
50955285,24349891607,Convo Now,live,Convo Now: Access Complimentary,22913888327,2026-09-22,2026-10-22,30.0,30 days,Calculated 30-day,2.0,2,"Sep 2026, Oct 2026",Sep 2026 (bal 0.0) · Oct 2026 (bal 20.0),0.0,20.0,20,20.0,0.0,20.0,0.0,20.0,"shows 20 min, should be 0 (overstated by 20 — 20 earlier-month min not carried forward)","🚩 Balance not carried forward — shows 20, should be 0 (overstated +20)",OK - CALCULATED
97951895,24349891723,Convo Now,live,Convo Now: Access Complimentary,22917089913,2026-09-21,2026-10-21,30.0,30 days,Calculated 30-day,2.0,2,"Sep 2026, Oct 2026",Sep 2026 (bal 15.0) · Oct 2026 (bal 20.0),0.0,5.0,20,20.0,15.0,5.0,15.0,35.0,"shows 20 min, should be 15 (overstated by 5 — 5 earlier-month min not carried forward)","🚩 Balance not carried forward — shows 20, should be 15 (overstated +5)",OK - CALCULATED
91150176,24349891730,Convo Now,live,Convo Now: Access Complimentary,22912725867,2026-09-19,2026-10-19,30.0,30 days,Calculated 30-day,2.0,2,"Sep 2026, Oct 2026",Sep 2026 (bal 19.0) · Oct 2026 (bal 20.0),0.0,1.0,20,20.0,19.0,1.0,19.0,39.0,"shows 20 min, should be 19 (overstated by 1 — 1 earlier-month min not carried forward)","🚩 Balance not carried forward — shows 20, should be 19 (overstated +1)",OK - CALCULATED
77402659,24349892140,Convo Now,live,Convo Now: Access Complimentary,22917089828,2026-09-21,2026-10-21,30.0,30 days,Calculated 30-day,2.0,2,"Sep 2026, Oct 2026",Sep 2026 (bal 4.0) · Oct 2026 (bal 20.0),0.0,16.0,20,20.0,4.0,16.0,4.0,24.0,"shows 20 min, should be 4 (overstated by 16 — 16 earlier-month min not carried forward)","🚩 Balance not carried forward — shows 20, should be 4 (overstated +16)",OK - CALCULATED
50192887,24349892396,Convo Now,live,Convo Now: Access Complimentary,22917141583,2026-09-21,2026-10-21,30.0,30 days,Calculated 30-day,2.0,2,"Sep 2026, Oct 2026",Sep 2026 (bal 16.0) · Oct 2026 (bal 20.0),0.0,4.0,20,20.0,16.0,4.0,16.0,36.0,"shows 20 min, should be 16 (overstated by 4 — 4 earlier-month min not carried forward)","🚩 Balance not carried forward — shows 20, should be 16 (overstated +4)",OK - CALCULATED
66440661,24349892416,Convo Now,live,Convo Now: Access Complimentary,22908317314,2026-09-13,2026-10-13,30.0,30 days,Calculated 30-day,2.0,2,"Sep 2026, Oct 2026",Sep 2026 (bal 19.0) · Oct 2026 (bal 6.0),0.0,15.0,20,6.0,5.0,1.0,5.0,25.0,"shows 6 min, should be 5 (overstated by 1 — 1 earlier-month min not carried forward)","🚩 Balance not carried forward — shows 6, should be 5 (overstated +1)",OK - CALCULATED
63029581,24349892634,Convo Now,live,Convo Now: Access Complimentary,22916516357,2026-09-21,2026-10-21,30.0,30 days,Calculated 30-day,2.0,2,"Sep 2026, Oct 2026",Sep 2026 (bal 17.0) · Oct 2026 (bal 18.0),0.0,5.0,20,18.0,15.0,3.0,15.0,35.0,"shows 18 min, should be 15 (overstated by 3 — 3 earlier-month min not carried forward)","🚩 Balance not carried forward — shows 18, should be 15 (overstated +3)",OK - CALCULATED
95482711,24349913725,Convo Now,live,Convo Now: Access Complimentary,22915206536,2026-09-08,2026-10-08,30.0,30 days,Calculated 30-day,2.0,2,"Sep 2026, Oct 2026",Sep 2026 (bal 18.0) · Oct 2026 (bal 15.0),0.0,7.0,20,15.0,13.0,2.0,13.0,33.0,"shows 15 min, should be 13 (overstated by 2 — 2 earlier-month min not carried forward)","🚩 Balance not carried forward — shows 15, should be 13 (overstated +2)",OK - CALCULATED
88035358,24349913753,Convo Now,live,Convo Now: Access Complimentary,22906445360,2026-09-21,2026-10-21,30.0,30 days,Calculated 30-day,2.0,2,"Sep 2026, Oct 2026",Sep 2026 (bal 1.0) · Oct 2026 (bal 20.0),0.0,19.0,20,20.0,1.0,19.0,1.0,21.0,"shows 20 min, should be 1 (overstated by 19 — 19 earlier-month min not carried forward)","🚩 Balance not carried forward — shows 20, should be 1 (overstated +19)",OK - CALCULATED
21743467,24349913760,Convo Now,live,Convo Now: Access Complimentary,22964193135,2026-09-21,2026-10-21,30.0,30 days,Calculated 30-day,2.0,2,"Sep 2026, Oct 2026",Sep 2026 (bal 15.0) · Oct 2026 (bal 20.0),0.0,5.0,20,20.0,15.0,5.0,15.0,35.0,"shows 20 min, should be 15 (overstated by 5 — 5 earlier-month min not carried forward)","🚩 Balance not carried forward — shows 20, should be 15 (overstated +5)",OK - CALCULATED
81813528,24349913963,Convo Now,live,Convo Now: Access Complimentary,22917141584,2026-09-21,2026-10-21,30.0,30 days,Calculated 30-day,2.0,2,"Sep 2026, Oct 2026",Sep 2026 (bal 18.0) · Oct 2026 (bal 20.0),0.0,2.0,20,20.0,18.0,2.0,18.0,38.0,"shows 20 min, should be 18 (overstated by 2 — 2 earlier-month min not carried forward)","🚩 Balance not carried forward — shows 20, should be 18 (overstated +2)",OK - CALCULATED
11436087,24349913980,Convo Now,live,Convo Now: Access Complimentary,22906445377,2026-09-21,2026-10-21,30.0,30 days,Calculated 30-day,2.0,2,"Sep 2026, Oct 2026",Sep 2026 (bal 8.0) · Oct 2026 (bal 16.0),0.0,16.0,20,16.0,4.0,12.0,4.0,24.0,"shows 16 min, should be 4 (overstated by 12 — 12 earlier-month min not carried forward)","🚩 Balance not carried forward — shows 16, should be 4 (overstated +12)",OK - CALCULATED
68295217,24349914245,Convo Now,live,Convo Now: Access Complimentary,22917207601,2026-09-21,2026-10-21,30.0,30 days,Calculated 30-day,2.0,2,"Sep 2026, Oct 2026",Sep 2026 (bal 7.0) · Oct 2026 (bal 20.0),0.0,13.0,20,20.0,7.0,13.0,7.0,27.0,"shows 20 min, should be 7 (overstated by 13 — 13 earlier-month min not carried forward)","🚩 Balance not carried forward — shows 20, should be 7 (overstated +13)",OK - CALCULATED
65093463,24350039861,Convo Now,live,Convo Now: Access Complimentary,22964193113,2026-09-21,2026-10-21,30.0,30 days,Calculated 30-day,2.0,2,"Sep 2026, Oct 2026",Sep 2026 (bal -2.0) · Oct 2026 (bal 20.0),0.0,22.0,20,20.0,0.0,20.0,0.0,18.0,"shows 20 min, should be 0 (overstated by 20 — 22 earlier-month min not carried forward)","🚩 Balance not carried forward — shows 20, should be 0 (overstated +20)",OK - CALCULATED
18818888,24350040701,Convo Now,live,Convo Now: Access Complimentary,22914535861,2026-09-23,2026-10-23,30.0,30 days,Calculated 30-day,2.0,2,"Sep 2026, Oct 2026",Sep 2026 (bal 9.0) · Oct 2026 (bal 20.0),0.0,11.0,20,20.0,9.0,11.0,9.0,29.0,"shows 20 min, should be 9 (overstated by 11 — 11 earlier-month min not carried forward)","🚩 Balance not carried forward — shows 20, should be 9 (overstated +11)",OK - CALCULATED
46473782,24350040702,Convo Now,live,Convo Now: Access Complimentary,22914402386,2026-09-15,2026-10-15,30.0,30 days,Calculated 30-day,2.0,2,"Sep 2026, Oct 2026",Sep 2026 (bal 3.0) · Oct 2026 (bal 20.0),0.0,17.0,20,20.0,3.0,17.0,3.0,23.0,"shows 20 min, should be 3 (overstated by 17 — 17 earlier-month min not carried forward)","🚩 Balance not carried forward — shows 20, should be 3 (overstated +17)",OK - CALCULATED
77111776,24350040837,Convo Now,live,Convo Now: Access Complimentary,22917352453,2026-09-21,2026-10-21,30.0,30 days,Calculated 30-day,2.0,2,"Sep 2026, Oct 2026",Sep 2026 (bal -257.0) · Oct 2026 (bal 20.0),0.0,277.0,20,20.0,0.0,20.0,0.0,-237.0,"shows 20 min, should be 0 (overstated by 20 — 277 earlier-month min not carried forward)","🚩 Balance not carried forward — shows 20, should be 0 (overstated +20)",OK - CALCULATED
66060168,24350040959,Convo Now,live,Convo Now: Access Complimentary,22914402420,2026-09-14,2026-10-14,30.0,30 days,Calculated 30-day,2.0,2,"Sep 2026, Oct 2026",Sep 2026 (bal -14.0) · Oct 2026 (bal 20.0),0.0,34.0,20,20.0,0.0,20.0,0.0,6.0,"shows 20 min, should be 0 (overstated by 20 — 34 earlier-month min not carried forward)","🚩 Balance not carried forward — shows 20, should be 0 (overstated +20)",OK - CALCULATED
52165599,24350041250,Convo Now,live,Convo Now: Access Complimentary,22916870317,2026-09-21,2026-10-21,30.0,30 days,Calculated 30-day,2.0,2,"Sep 2026, Oct 2026",Sep 2026 (bal 0.0) · Oct 2026 (bal 15.0),0.0,25.0,20,15.0,0.0,15.0,0.0,15.0,"shows 15 min, should be 0 (overstated by 15 — 20 earlier-month min not carried forward)","🚩 Balance not carried forward — shows 15, should be 0 (overstated +15)",OK - CALCULATED
86329018,24350041257,Convo Now,live,Convo Now: Access Complimentary,22908461433,2026-09-07,2026-10-07,30.0,30 days,Calculated 30-day,2.0,2,"Sep 2026, Oct 2026",Sep 2026 (bal -7.0) · Oct 2026 (bal 20.0),0.0,27.0,20,20.0,0.0,20.0,0.0,13.0,"shows 20 min, should be 0 (overstated by 20 — 27 earlier-month min not carried forward)","🚩 Balance not carried forward — shows 20, should be 0 (overstated +20)",OK - CALCULATED
40627474,24350041363,Convo Now,live,Convo Now: Access Complimentary,22917352450,2026-09-21,2026-10-21,30.0,30 days,Calculated 30-day,2.0,2,"Sep 2026, Oct 2026",Sep 2026 (bal -4.0) · Oct 2026 (bal 20.0),0.0,24.0,20,20.0,0.0,20.0,0.0,16.0,"shows 20 min, should be 0 (overstated by 20 — 24 earlier-month min not carried forward)","🚩 Balance not carried forward — shows 20, should be 0 (overstated +20)",OK - CALCULATED
63202194,24350041657,Convo Now,live,Convo Now: Access Complimentary,22908885162,2026-09-14,2026-10-14,30.0,30 days,Calculated 30-day,2.0,2,"Sep 2026, Oct 2026",Sep 2026 (bal 19.0) · Oct 2026 (bal 20.0),0.0,1.0,20,20.0,19.0,1.0,19.0,39.0,"shows 20 min, should be 19 (overstated by 1 — 1 earlier-month min not carried forward)","🚩 Balance not carried forward — shows 20, should be 19 (overstated +1)",OK - CALCULATED
41980448,24350041680,Convo Now,live,Convo Now: Access Complimentary,22914535837,2026-09-21,2026-10-21,30.0,30 days,Calculated 30-day,2.0,2,"Sep 2026, Oct 2026",Sep 2026 (bal -10.0) · Oct 2026 (bal 20.0),0.0,30.0,20,20.0,0.0,20.0,0.0,10.0,"shows 20 min, should be 0 (overstated by 20 — 30 earlier-month min not carried forward)","🚩 Balance not carried forward — shows 20, should be 0 (overstated +20)",OK - CALCULATED
95686940,24350061148,Convo Now,live,Convo Now: Access Complimentary,22914402449,2026-09-17,2026-10-17,30.0,30 days,Calculated 30-day,2.0,2,"Sep 2026, Oct 2026",Sep 2026 (bal 2.0) · Oct 2026 (bal 20.0),0.0,18.0,20,20.0,2.0,18.0,2.0,22.0,"shows 20 min, should be 2 (overstated by 18 — 18 earlier-month min not carried forward)","🚩 Balance not carried forward — shows 20, should be 2 (overstated +18)",OK - CALCULATED
27804858,24350191364,Convo Now,live,Convo Now: Access Complimentary,22908461474,2026-09-06,2026-10-06,30.0,30 days,Calculated 30-day,2.0,2,"Sep 2026, Oct 2026",Sep 2026 (bal -15.0) · Oct 2026 (bal 20.0),0.0,35.0,20,20.0,0.0,20.0,0.0,5.0,"shows 20 min, should be 0 (overstated by 20 — 35 earlier-month min not carried forward)","🚩 Balance not carried forward — shows 20, should be 0 (overstated +20)",OK - CALCULATED
87470079,24350191505,Convo Now,live,Convo Now: Access Complimentary,22917141598,2026-09-21,2026-10-21,30.0,30 days,Calculated 30-day,2.0,2,"Sep 2026, Oct 2026",Sep 2026 (bal 16.0) · Oct 2026 (bal 19.0),0.0,5.0,20,19.0,15.0,4.0,15.0,35.0,"shows 19 min, should be 15 (overstated by 4 — 4 earlier-month min not carried forward)","🚩 Balance not carried forward — shows 19, should be 15 (overstated +4)",OK - CALCULATED
29043553,24350191545,Convo Now,live,Convo Now: Access Complimentary,22908464205,2026-09-21,2026-10-21,30.0,30 days,Calculated 30-day,2.0,2,"Sep 2026, Oct 2026",Sep 2026 (bal 13.0) · Oct 2026 (bal 20.0),0.0,7.0,20,20.0,13.0,7.0,13.0,33.0,"shows 20 min, should be 13 (overstated by 7 — 7 earlier-month min not carried forward)","🚩 Balance not carried forward — shows 20, should be 13 (overstated +7)",OK - CALCULATED
74089473,24350191618,Convo Now,live,Convo Now: Access Complimentary,22917207564,2026-09-21,2026-10-21,30.0,30 days,Calculated 30-day,2.0,2,"Sep 2026, Oct 2026",Sep 2026 (bal 7.0) · Oct 2026 (bal 20.0),0.0,13.0,20,20.0,7.0,13.0,7.0,27.0,"shows 20 min, should be 7 (overstated by 13 — 13 earlier-month min not carried forward)","🚩 Balance not carried forward — shows 20, should be 7 (overstated +13)",OK - CALCULATED
27287234,24350191652,Convo Now,live,Convo Now: Access Complimentary,22917141591,2026-09-21,2026-10-21,30.0,30 days,Calculated 30-day,2.0,2,"Sep 2026, Oct 2026",Sep 2026 (bal 12.0) · Oct 2026 (bal 20.0),0.0,8.0,20,20.0,12.0,8.0,12.0,32.0,"shows 20 min, should be 12 (overstated by 8 — 8 earlier-month min not carried forward)","🚩 Balance not carried forward — shows 20, should be 12 (overstated +8)",OK - CALCULATED
89407037,24350192030,Convo Now,live,Convo Now: Access Complimentary,22917352492,2026-09-21,2026-10-21,30.0,30 days,Calculated 30-day,2.0,2,"Sep 2026, Oct 2026",Sep 2026 (bal 19.0) · Oct 2026 (bal 20.0),0.0,1.0,20,20.0,19.0,1.0,19.0,39.0,"shows 20 min, should be 19 (overstated by 1 — 1 earlier-month min not carried forward)","🚩 Balance not carried forward — shows 20, should be 19 (overstated +1)",OK - CALCULATED
36769585,24350192036,Convo Now,live,Convo Now: Access Complimentary,22912521390,2026-09-22,2026-10-22,30.0,30 days,Calculated 30-day,2.0,2,"Sep 2026, Oct 2026",Sep 2026 (bal 9.0) · Oct 2026 (bal 4.0),0.0,27.0,20,4.0,0.0,4.0,0.0,13.0,"shows 4 min, should be 0 (overstated by 4 — 11 earlier-month min not carried forward)","🚩 Balance not carried forward — shows 4, should be 0 (overstated +4)",OK - CALCULATED
36635843,24350192288,Convo Now,live,Convo Now: Access Complimentary,22905943577,2026-09-21,2026-10-21,30.0,30 days,Calculated 30-day,2.0,2,"Sep 2026, Oct 2026",Sep 2026 (bal -1.0) · Oct 2026 (bal 20.0),0.0,21.0,20,20.0,0.0,20.0,0.0,19.0,"shows 20 min, should be 0 (overstated by 20 — 21 earlier-month min not carried forward)","🚩 Balance not carried forward — shows 20, should be 0 (overstated +20)",OK - CALCULATED
99976333,24350192398,Convo Now,live,Convo Now: Access Complimentary,22910133559,2026-09-27,2026-10-27,30.0,30 days,Calculated 30-day,2.0,2,"Sep 2026, Oct 2026",Sep 2026 (bal 19.0) · Oct 2026 (bal 4.0),0.0,17.0,20,4.0,3.0,1.0,3.0,23.0,"shows 4 min, should be 3 (overstated by 1 — 1 earlier-month min not carried forward)","🚩 Balance not carried forward — shows 4, should be 3 (overstated +1)",OK - CALCULATED
67762399,24350192818,Convo Now,live,Convo Now: Access Complimentary,22913888362,2026-09-23,2026-10-23,30.0,30 days,Calculated 30-day,2.0,2,"Sep 2026, Oct 2026",Sep 2026 (bal 14.0) · Oct 2026 (bal 20.0),0.0,6.0,20,20.0,14.0,6.0,14.0,34.0,"shows 20 min, should be 14 (overstated by 6 — 6 earlier-month min not carried forward)","🚩 Balance not carried forward — shows 20, should be 14 (overstated +6)",OK - CALCULATED
96094477,24350192995,Convo Now,live,Convo Now: Access Complimentary,22917352457,2026-09-21,2026-10-21,30.0,30 days,Calculated 30-day,2.0,2,"Sep 2026, Oct 2026",Sep 2026 (bal 14.0) · Oct 2026 (bal 11.0),0.0,15.0,20,11.0,5.0,6.0,5.0,25.0,"shows 11 min, should be 5 (overstated by 6 — 6 earlier-month min not carried forward)","🚩 Balance not carried forward — shows 11, should be 5 (overstated +6)",OK - CALCULATED
51005091,24350211699,Convo Now,live,Convo Now: Access Complimentary,22905943606,2026-09-21,2026-10-21,30.0,30 days,Calculated 30-day,2.0,2,"Sep 2026, Oct 2026",Sep 2026 (bal 17.0) · Oct 2026 (bal 20.0),0.0,3.0,20,20.0,17.0,3.0,17.0,37.0,"shows 20 min, should be 17 (overstated by 3 — 3 earlier-month min not carried forward)","🚩 Balance not carried forward — shows 20, should be 17 (overstated +3)",OK - CALCULATED
22795370,24350211718,Convo Now,live,Convo Now: Access Complimentary,22917290420,2026-09-21,2026-10-21,30.0,30 days,Calculated 30-day,2.0,2,"Sep 2026, Oct 2026",Sep 2026 (bal 14.0) · Oct 2026 (bal 20.0),0.0,6.0,20,20.0,14.0,6.0,14.0,34.0,"shows 20 min, should be 14 (overstated by 6 — 6 earlier-month min not carried forward)","🚩 Balance not carried forward — shows 20, should be 14 (overstated +6)",OK - CALCULATED
96821505,24350211906,Convo Now,live,Convo Now: Access Complimentary,22914080549,2026-09-17,2026-10-17,30.0,30 days,Calculated 30-day,2.0,2,"Sep 2026, Oct 2026",Sep 2026 (bal 6.0) · Oct 2026 (bal 10.0),0.0,24.0,20,10.0,0.0,10.0,0.0,16.0,"shows 10 min, should be 0 (overstated by 10 — 14 earlier-month min not carried forward)","🚩 Balance not carried forward — shows 10, should be 0 (overstated +10)",OK - CALCULATED
29998834,24350211968,Convo Now,live,Convo Now: Access Complimentary,22917290419,2026-09-21,2026-10-21,30.0,30 days,Calculated 30-day,2.0,2,"Sep 2026, Oct 2026",Sep 2026 (bal 17.0) · Oct 2026 (bal 20.0),0.0,3.0,20,20.0,17.0,3.0,17.0,37.0,"shows 20 min, should be 17 (overstated by 3 — 3 earlier-month min not carried forward)","🚩 Balance not carried forward — shows 20, should be 17 (overstated +3)",OK - CALCULATED
73524650,24350211969,Convo Now,live,Convo Now: Access Complimentary,22919072557,2026-09-21,2026-10-21,30.0,30 days,Calculated 30-day,2.0,2,"Sep 2026, Oct 2026",Sep 2026 (bal 6.0) · Oct 2026 (bal 20.0),0.0,14.0,20,20.0,6.0,14.0,6.0,26.0,"shows 20 min, should be 6 (overstated by 14 — 14 earlier-month min not carried forward)","🚩 Balance not carried forward — shows 20, should be 6 (overstated +14)",OK - CALCULATED
78602734,24350505075,Convo Now,live,Convo Now: Access Complimentary,22905943604,2026-09-21,2026-10-21,30.0,30 days,Calculated 30-day,2.0,2,"Sep 2026, Oct 2026",Sep 2026 (bal 11.0) · Oct 2026 (bal 20.0),0.0,9.0,20,20.0,11.0,9.0,11.0,31.0,"shows 20 min, should be 11 (overstated by 9 — 9 earlier-month min not carried forward)","🚩 Balance not carried forward — shows 20, should be 11 (overstated +9)",OK - CALCULATED
43840677,24350505338,Convo Now,live,Convo Now: Access Complimentary,22918874217,2026-08-22,2026-09-21,30.0,30 days,Calculated 30-day,2.0,2,"Aug 2026, Sep 2026",Aug 2026 (bal 17.0) · Sep 2026 (bal 20.0),0.0,3.0,20,20.0,17.0,3.0,17.0,37.0,"shows 20 min, should be 17 (overstated by 3 — 3 earlier-month min not carried forward)","🚩 Balance not carried forward — shows 20, should be 17 (overstated +3)",OK - CALCULATED
53374347,24350505589,Convo Now,live,Convo Now: Access Complimentary,22913888288,2026-09-21,2026-10-21,30.0,30 days,Calculated 30-day,2.0,2,"Sep 2026, Oct 2026",Sep 2026 (bal 7.0) · Oct 2026 (bal 20.0),0.0,13.0,20,20.0,7.0,13.0,7.0,27.0,"shows 20 min, should be 7 (overstated by 13 — 13 earlier-month min not carried forward)","🚩 Balance not carried forward — shows 20, should be 7 (overstated +13)",OK - CALCULATED
62542359,24350526137,Convo Now,live,Convo Now: Access Complimentary,22874912088,2026-09-06,2026-10-06,30.0,30 days,Calculated 30-day,2.0,2,"Sep 2026, Oct 2026",Sep 2026 (bal 7.0) · Oct 2026 (bal 20.0),0.0,13.0,20,20.0,7.0,13.0,7.0,27.0,"shows 20 min, should be 7 (overstated by 13 — 13 earlier-month min not carried forward)","🚩 Balance not carried forward — shows 20, should be 7 (overstated +13)",OK - CALCULATED
44742072,24350526229,Convo Now,live,Convo Now: Access Complimentary,22917275821,2026-09-21,2026-10-21,30.0,30 days,Calculated 30-day,2.0,2,"Sep 2026, Oct 2026",Sep 2026 (bal -5.0) · Oct 2026 (bal 15.0),0.0,30.0,20,15.0,0.0,15.0,0.0,10.0,"shows 15 min, should be 0 (overstated by 15 — 25 earlier-month min not carried forward)","🚩 Balance not carried forward — shows 15, should be 0 (overstated +15)",OK - CALCULATED
26209372,24350526336,Convo Now,live,Convo Now: Access Complimentary,22910133538,2026-09-26,2026-10-26,30.0,30 days,Calculated 30-day,2.0,2,"Sep 2026, Oct 2026",Sep 2026 (bal 14.0) · Oct 2026 (bal 20.0),0.0,6.0,20,20.0,14.0,6.0,14.0,34.0,"shows 20 min, should be 14 (overstated by 6 — 6 earlier-month min not carried forward)","🚩 Balance not carried forward — shows 20, should be 14 (overstated +6)",OK - CALCULATED
60796816,24350810907,Convo Now,live,Convo Now: Access Complimentary,22906445361,2026-09-21,2026-10-21,30.0,30 days,Calculated 30-day,2.0,2,"Sep 2026, Oct 2026",Sep 2026 (bal 9.0) · Oct 2026 (bal 20.0),0.0,11.0,20,20.0,9.0,11.0,9.0,29.0,"shows 20 min, should be 9 (overstated by 11 — 11 earlier-month min not carried forward)","🚩 Balance not carried forward — shows 20, should be 9 (overstated +11)",OK - CALCULATED
90371559,24350811687,Convo Now,live,Convo Now: Access Complimentary,22904357761,2026-09-27,2026-10-27,30.0,30 days,Calculated 30-day,2.0,2,"Sep 2026, Oct 2026",Sep 2026 (bal 1.0) · Oct 2026 (bal 20.0),0.0,19.0,20,20.0,1.0,19.0,1.0,21.0,"shows 20 min, should be 1 (overstated by 19 — 19 earlier-month min not carried forward)","🚩 Balance not carried forward — shows 20, should be 1 (overstated +19)",OK - CALCULATED
23358261,24350812036,Convo Now,live,Convo Now: Access Complimentary,23685171846,2026-09-28,2026-10-28,30.0,30 days,Calculated 30-day,2.0,2,"Sep 2026, Oct 2026",Sep 2026 (bal 18.0) · Oct 2026 (bal 20.0),0.0,2.0,20,20.0,18.0,2.0,18.0,38.0,"shows 20 min, should be 18 (overstated by 2 — 2 earlier-month min not carried forward)","🚩 Balance not carried forward — shows 20, should be 18 (overstated +2)",OK - CALCULATED
25565800,24350832016,Convo Now,live,Convo Now: Access Complimentary,22906640766,2026-09-30,2026-10-30,30.0,30 days,Calculated 30-day,2.0,2,"Sep 2026, Oct 2026",Sep 2026 (bal 3.0) · Oct 2026 (bal 20.0),0.0,17.0,20,20.0,3.0,17.0,3.0,23.0,"shows 20 min, should be 3 (overstated by 17 — 17 earlier-month min not carried forward)","🚩 Balance not carried forward — shows 20, should be 3 (overstated +17)",OK - CALCULATED
53296661,24350832052,Convo Now,live,Convo Now: Access Complimentary,22908464223,2026-09-21,2026-10-21,30.0,30 days,Calculated 30-day,2.0,2,"Sep 2026, Oct 2026",Sep 2026 (bal 17.0) · Oct 2026 (bal 20.0),0.0,3.0,20,20.0,17.0,3.0,17.0,37.0,"shows 20 min, should be 17 (overstated by 3 — 3 earlier-month min not carried forward)","🚩 Balance not carried forward — shows 20, should be 17 (overstated +3)",OK - CALCULATED
83675235,24351083275,Convo Now,live,Convo Now: Access Complimentary,22919379039,2026-09-21,2026-10-21,30.0,30 days,Calculated 30-day,2.0,2,"Sep 2026, Oct 2026",Sep 2026 (bal 19.0) · Oct 2026 (bal 20.0),0.0,1.0,20,20.0,19.0,1.0,19.0,39.0,"shows 20 min, should be 19 (overstated by 1 — 1 earlier-month min not carried forward)","🚩 Balance not carried forward — shows 20, should be 19 (overstated +1)",OK - CALCULATED
45243430,24351083785,Convo Now,live,Convo Now: Access Complimentary,22917218181,2026-09-21,2026-10-21,30.0,30 days,Calculated 30-day,2.0,2,"Sep 2026, Oct 2026",Sep 2026 (bal 15.0) · Oct 2026 (bal 17.0),0.0,8.0,20,17.0,12.0,5.0,12.0,32.0,"shows 17 min, should be 12 (overstated by 5 — 5 earlier-month min not carried forward)","🚩 Balance not carried forward — shows 17, should be 12 (overstated +5)",OK - CALCULATED
99161205,24351083800,Convo Now,live,Convo Now: Access Complimentary,22917275830,2026-09-21,2026-10-21,30.0,30 days,Calculated 30-day,2.0,2,"Sep 2026, Oct 2026",Sep 2026 (bal -4.0) · Oct 2026 (bal 20.0),0.0,24.0,20,20.0,0.0,20.0,0.0,16.0,"shows 20 min, should be 0 (overstated by 20 — 24 earlier-month min not carried forward)","🚩 Balance not carried forward — shows 20, should be 0 (overstated +20)",OK - CALCULATED
53496629,24351084632,Convo Now,live,Convo Now: Access Complimentary,22916512911,2026-09-09,2026-10-09,30.0,30 days,Calculated 30-day,2.0,2,"Sep 2026, Oct 2026",Sep 2026 (bal 6.0) · Oct 2026 (bal 20.0),0.0,14.0,20,20.0,6.0,14.0,6.0,26.0,"shows 20 min, should be 6 (overstated by 14 — 14 earlier-month min not carried forward)","🚩 Balance not carried forward — shows 20, should be 6 (overstated +14)",OK - CALCULATED
79969206,24351084942,Convo Now,live,Convo Now: Access Complimentary,22917207580,2026-09-21,2026-10-21,30.0,30 days,Calculated 30-day,2.0,2,"Sep 2026, Oct 2026",Sep 2026 (bal 18.0) · Oct 2026 (bal 20.0),0.0,2.0,20,20.0,18.0,2.0,18.0,38.0,"shows 20 min, should be 18 (overstated by 2 — 2 earlier-month min not carried forward)","🚩 Balance not carried forward — shows 20, should be 18 (overstated +2)",OK - CALCULATED
65554865,24351103337,Convo Now,live,Convo Now: Access Complimentary,22908068772,2026-09-15,2026-10-15,30.0,30 days,Calculated 30-day,2.0,2,"Sep 2026, Oct 2026",Sep 2026 (bal 9.0) · Oct 2026 (bal 20.0),0.0,11.0,20,20.0,9.0,11.0,9.0,29.0,"shows 20 min, should be 9 (overstated by 11 — 11 earlier-month min not carried forward)","🚩 Balance not carried forward — shows 20, should be 9 (overstated +11)",OK - CALCULATED
56961242,24351103361,Convo Now,live,Convo Now: Access Complimentary,22908317328,2026-09-13,2026-10-13,30.0,30 days,Calculated 30-day,2.0,2,"Sep 2026, Oct 2026",Sep 2026 (bal 17.0) · Oct 2026 (bal 20.0),0.0,3.0,20,20.0,17.0,3.0,17.0,37.0,"shows 20 min, should be 17 (overstated by 3 — 3 earlier-month min not carried forward)","🚩 Balance not carried forward — shows 20, should be 17 (overstated +3)",OK - CALCULATED
54756216,24351103379,Convo Now,live,Convo Now: Access Complimentary,22917929351,2026-09-21,2026-10-21,30.0,30 days,Calculated 30-day,2.0,2,"Sep 2026, Oct 2026",Sep 2026 (bal 12.0) · Oct 2026 (bal 20.0),0.0,8.0,20,20.0,12.0,8.0,12.0,32.0,"shows 20 min, should be 12 (overstated by 8 — 8 earlier-month min not carried forward)","🚩 Balance not carried forward — shows 20, should be 12 (overstated +8)",OK - CALCULATED
70461575,24351545997,Convo Now,live,Convo Now: Access Complimentary,22906445400,2026-09-21,2026-10-21,30.0,30 days,Calculated 30-day,2.0,2,"Sep 2026, Oct 2026",Sep 2026 (bal 4.0) · Oct 2026 (bal 20.0),0.0,16.0,20,20.0,4.0,16.0,4.0,24.0,"shows 20 min, should be 4 (overstated by 16 — 16 earlier-month min not carried forward)","🚩 Balance not carried forward — shows 20, should be 4 (overstated +16)",OK - CALCULATED
75786847,24351546148,Convo Now,live,Convo Now: Access Complimentary,22910133571,2026-09-26,2026-10-26,30.0,30 days,Calculated 30-day,2.0,2,"Sep 2026, Oct 2026",Sep 2026 (bal -24.0) · Oct 2026 (bal 20.0),0.0,44.0,20,20.0,0.0,20.0,0.0,-4.0,"shows 20 min, should be 0 (overstated by 20 — 44 earlier-month min not carried forward)","🚩 Balance not carried forward — shows 20, should be 0 (overstated +20)",OK - CALCULATED
72293043,24351546739,Convo Now,live,Convo Now: Access Complimentary,22916621730,2026-09-21,2026-10-21,30.0,30 days,Calculated 30-day,2.0,2,"Sep 2026, Oct 2026",Sep 2026 (bal 12.0) · Oct 2026 (bal 20.0),0.0,8.0,20,20.0,12.0,8.0,12.0,32.0,"shows 20 min, should be 12 (overstated by 8 — 8 earlier-month min not carried forward)","🚩 Balance not carried forward — shows 20, should be 12 (overstated +8)",OK - CALCULATED
76474760,24351546951,Convo Now,live,Convo Now: Access Complimentary,22908295245,2026-09-08,2026-10-08,30.0,30 days,Calculated 30-day,2.0,2,"Sep 2026, Oct 2026",Sep 2026 (bal -15.0) · Oct 2026 (bal 20.0),0.0,35.0,20,20.0,0.0,20.0,0.0,5.0,"shows 20 min, should be 0 (overstated by 20 — 35 earlier-month min not carried forward)","🚩 Balance not carried forward — shows 20, should be 0 (overstated +20)",OK - CALCULATED
73829305,24351547556,Convo Now,live,Convo Now: Access Complimentary,22917309821,2026-09-21,2026-10-21,30.0,30 days,Calculated 30-day,2.0,2,"Sep 2026, Oct 2026",Sep 2026 (bal -34.0) · Oct 2026 (bal 20.0),0.0,54.0,20,20.0,0.0,20.0,0.0,-14.0,"shows 20 min, should be 0 (overstated by 20 — 54 earlier-month min not carried forward)","🚩 Balance not carried forward — shows 20, should be 0 (overstated +20)",OK - CALCULATED
65743231,24351565662,Convo Now,live,Convo Now: Access Complimentary,22906541212,2026-09-27,2026-10-27,30.0,30 days,Calculated 30-day,2.0,2,"Sep 2026, Oct 2026",Sep 2026 (bal -6.0) · Oct 2026 (bal 20.0),0.0,26.0,20,20.0,0.0,20.0,0.0,14.0,"shows 20 min, should be 0 (overstated by 20 — 26 earlier-month min not carried forward)","🚩 Balance not carried forward — shows 20, should be 0 (overstated +20)",OK - CALCULATED
87676996,24351565670,Convo Now,live,Convo Now: Access Complimentary,22906445396,2026-09-21,2026-10-21,30.0,30 days,Calculated 30-day,2.0,2,"Sep 2026, Oct 2026",Sep 2026 (bal 13.0) · Oct 2026 (bal 20.0),0.0,7.0,20,20.0,13.0,7.0,13.0,33.0,"shows 20 min, should be 13 (overstated by 7 — 7 earlier-month min not carried forward)","🚩 Balance not carried forward — shows 20, should be 13 (overstated +7)",OK - CALCULATED
26944114,24351565898,Convo Now,live,Convo Now: Access Complimentary,22917207465,2026-09-21,2026-10-21,30.0,30 days,Calculated 30-day,2.0,2,"Sep 2026, Oct 2026",Sep 2026 (bal -5.0) · Oct 2026 (bal 20.0),0.0,25.0,20,20.0,0.0,20.0,0.0,15.0,"shows 20 min, should be 0 (overstated by 20 — 25 earlier-month min not carried forward)","🚩 Balance not carried forward — shows 20, should be 0 (overstated +20)",OK - CALCULATED
58232130,24351565928,Convo Now,live,Convo Now: Access Complimentary,22917309835,2026-09-21,2026-10-21,30.0,30 days,Calculated 30-day,2.0,2,"Sep 2026, Oct 2026",Sep 2026 (bal -8.0) · Oct 2026 (bal 13.0),0.0,35.0,20,13.0,0.0,13.0,0.0,5.0,"shows 13 min, should be 0 (overstated by 13 — 28 earlier-month min not carried forward)","🚩 Balance not carried forward — shows 13, should be 0 (overstated +13)",OK - CALCULATED
96197765,24351700660,Convo Now,live,Convo Now: Access Complimentary,22906532453,2026-09-21,2026-10-21,30.0,30 days,Calculated 30-day,2.0,2,"Sep 2026, Oct 2026",Sep 2026 (bal 17.0) · Oct 2026 (bal 20.0),0.0,3.0,20,20.0,17.0,3.0,17.0,37.0,"shows 20 min, should be 17 (overstated by 3 — 3 earlier-month min not carried forward)","🚩 Balance not carried forward — shows 20, should be 17 (overstated +3)",OK - CALCULATED
27142158,24351700746,Convo Now,live,Convo Now: Access Complimentary,22917219099,2026-09-21,2026-10-21,30.0,30 days,Calculated 30-day,2.0,2,"Sep 2026, Oct 2026",Sep 2026 (bal 13.0) · Oct 2026 (bal 20.0),0.0,7.0,20,20.0,13.0,7.0,13.0,33.0,"shows 20 min, should be 13 (overstated by 7 — 7 earlier-month min not carried forward)","🚩 Balance not carried forward — shows 20, should be 13 (overstated +7)",OK - CALCULATED
92191358,24351701152,Convo Now,live,Convo Now: Access Complimentary,22913732611,2026-09-27,2026-10-27,30.0,30 days,Calculated 30-day,2.0,2,"Sep 2026, Oct 2026",Sep 2026 (bal 13.0) · Oct 2026 (bal 20.0),0.0,7.0,20,20.0,13.0,7.0,13.0,33.0,"shows 20 min, should be 13 (overstated by 7 — 7 earlier-month min not carried forward)","🚩 Balance not carried forward — shows 20, should be 13 (overstated +7)",OK - CALCULATED
25186241,24351701385,Convo Now,live,Convo Now: Access Complimentary,22906442585,2026-09-08,2026-10-08,30.0,30 days,Calculated 30-day,2.0,2,"Sep 2026, Oct 2026",Sep 2026 (bal 8.0) · Oct 2026 (bal 20.0),0.0,12.0,20,20.0,8.0,12.0,8.0,28.0,"shows 20 min, should be 8 (overstated by 12 — 12 earlier-month min not carried forward)","🚩 Balance not carried forward — shows 20, should be 8 (overstated +12)",OK - CALCULATED
60589165,24351701408,Convo Now,live,Convo Now: Access Complimentary,22911371396,2026-09-23,2026-10-23,30.0,30 days,Calculated 30-day,2.0,2,"Sep 2026, Oct 2026",Sep 2026 (bal -10.0) · Oct 2026 (bal 20.0),0.0,30.0,20,20.0,0.0,20.0,0.0,10.0,"shows 20 min, should be 0 (overstated by 20 — 30 earlier-month min not carried forward)","🚩 Balance not carried forward — shows 20, should be 0 (overstated +20)",OK - CALCULATED
55876120,24351701576,Convo Now,live,Convo Now: Access Complimentary,22917141557,2026-09-21,2026-10-21,30.0,30 days,Calculated 30-day,2.0,2,"Sep 2026, Oct 2026",Sep 2026 (bal 4.0) · Oct 2026 (bal 20.0),0.0,16.0,20,20.0,4.0,16.0,4.0,24.0,"shows 20 min, should be 4 (overstated by 16 — 16 earlier-month min not carried forward)","🚩 Balance not carried forward — shows 20, should be 4 (overstated +16)",OK - CALCULATED
82224554,24351721578,Convo Now,live,Convo Now: Access Complimentary,22912725910,2026-09-19,2026-10-19,30.0,30 days,Calculated 30-day,2.0,2,"Sep 2026, Oct 2026",Sep 2026 (bal 13.0) · Oct 2026 (bal 20.0),0.0,7.0,20,20.0,13.0,7.0,13.0,33.0,"shows 20 min, should be 13 (overstated by 7 — 7 earlier-month min not carried forward)","🚩 Balance not carried forward — shows 20, should be 13 (overstated +7)",OK - CALCULATED
46623378,24351721624,Convo Now,live,Convo Now: Access Complimentary,22907620388,2026-09-23,2026-10-23,30.0,30 days,Calculated 30-day,2.0,2,"Sep 2026, Oct 2026",Sep 2026 (bal 18.0) · Oct 2026 (bal 16.0),0.0,6.0,20,16.0,14.0,2.0,14.0,34.0,"shows 16 min, should be 14 (overstated by 2 — 2 earlier-month min not carried forward)","🚩 Balance not carried forward — shows 16, should be 14 (overstated +2)",OK - CALCULATED
73576882,24351721766,Convo Now,live,Convo Now: Access Complimentary,22917089900,2026-09-21,2026-10-21,30.0,30 days,Calculated 30-day,2.0,2,"Sep 2026, Oct 2026",Sep 2026 (bal 4.0) · Oct 2026 (bal 20.0),0.0,16.0,20,20.0,4.0,16.0,4.0,24.0,"shows 20 min, should be 4 (overstated by 16 — 16 earlier-month min not carried forward)","🚩 Balance not carried forward — shows 20, should be 4 (overstated +16)",OK - CALCULATED
28174212,24351721824,Convo Now,live,Convo Now: Access Complimentary,22914402396,2026-09-15,2026-10-15,30.0,30 days,Calculated 30-day,2.0,2,"Sep 2026, Oct 2026",Sep 2026 (bal 19.0) · Oct 2026 (bal 20.0),0.0,1.0,20,20.0,19.0,1.0,19.0,39.0,"shows 20 min, should be 19 (overstated by 1 — 1 earlier-month min not carried forward)","🚩 Balance not carried forward — shows 20, should be 19 (overstated +1)",OK - CALCULATED
64087137,24352006748,Convo Now,live,Convo Now: Access Complimentary,22908295193,2026-09-08,2026-10-08,30.0,30 days,Calculated 30-day,2.0,2,"Sep 2026, Oct 2026",Sep 2026 (bal 16.0) · Oct 2026 (bal 15.0),0.0,9.0,20,15.0,11.0,4.0,11.0,31.0,"shows 15 min, should be 11 (overstated by 4 — 4 earlier-month min not carried forward)","🚩 Balance not carried forward — shows 15, should be 11 (overstated +4)",OK - CALCULATED
42463537,24352006920,Convo Now,live,Convo Now: Access Complimentary,22913388108,2026-09-06,2026-10-06,30.0,30 days,Calculated 30-day,2.0,2,"Sep 2026, Oct 2026",Sep 2026 (bal 2.0) · Oct 2026 (bal 20.0),0.0,18.0,20,20.0,2.0,18.0,2.0,22.0,"shows 20 min, should be 2 (overstated by 18 — 18 earlier-month min not carried forward)","🚩 Balance not carried forward — shows 20, should be 2 (overstated +18)",OK - CALCULATED
70411154,24352006921,Convo Now,live,Convo Now: Access Complimentary,22906071630,2026-09-29,2026-10-29,30.0,30 days,Calculated 30-day,2.0,2,"Sep 2026, Oct 2026",Sep 2026 (bal 19.0) · Oct 2026 (bal 20.0),0.0,1.0,20,20.0,19.0,1.0,19.0,39.0,"shows 20 min, should be 19 (overstated by 1 — 1 earlier-month min not carried forward)","🚩 Balance not carried forward — shows 20, should be 19 (overstated +1)",OK - CALCULATED
33450326,24352007230,Convo Now,live,Convo Now: Access Complimentary,22916871604,2026-09-21,2026-10-21,30.0,30 days,Calculated 30-day,2.0,2,"Sep 2026, Oct 2026",Sep 2026 (bal 13.0) · Oct 2026 (bal 20.0),0.0,7.0,20,20.0,13.0,7.0,13.0,33.0,"shows 20 min, should be 13 (overstated by 7 — 7 earlier-month min not carried forward)","🚩 Balance not carried forward — shows 20, should be 13 (overstated +7)",OK - CALCULATED
78747079,24352007313,Convo Now,live,Convo Now: Access Complimentary,22917176493,2026-09-21,2026-10-21,30.0,30 days,Calculated 30-day,2.0,2,"Sep 2026, Oct 2026",Sep 2026 (bal 18.0) · Oct 2026 (bal 20.0),0.0,2.0,20,20.0,18.0,2.0,18.0,38.0,"shows 20 min, should be 18 (overstated by 2 — 2 earlier-month min not carried forward)","🚩 Balance not carried forward — shows 20, should be 18 (overstated +2)",OK - CALCULATED
39384221,24352007719,Convo Now,live,Convo Now: Access Complimentary,22917290417,2026-09-21,2026-10-21,30.0,30 days,Calculated 30-day,2.0,2,"Sep 2026, Oct 2026",Sep 2026 (bal -6.0) · Oct 2026 (bal 20.0),0.0,26.0,20,20.0,0.0,20.0,0.0,14.0,"shows 20 min, should be 0 (overstated by 20 — 26 earlier-month min not carried forward)","🚩 Balance not carried forward — shows 20, should be 0 (overstated +20)",OK - CALCULATED
53778104,24352007724,Convo Now,live,Convo Now: Access Complimentary,22964193122,2026-09-21,2026-10-21,30.0,30 days,Calculated 30-day,2.0,2,"Sep 2026, Oct 2026",Sep 2026 (bal -44.0) · Oct 2026 (bal 20.0),0.0,64.0,20,20.0,0.0,20.0,0.0,-24.0,"shows 20 min, should be 0 (overstated by 20 — 64 earlier-month min not carried forward)","🚩 Balance not carried forward — shows 20, should be 0 (overstated +20)",OK - CALCULATED
62688899,24352026997,Convo Now,live,Convo Now: Access Complimentary,22913388161,2026-09-08,2026-10-08,30.0,30 days,Calculated 30-day,2.0,2,"Sep 2026, Oct 2026",Sep 2026 (bal 19.0) · Oct 2026 (bal 20.0),0.0,1.0,20,20.0,19.0,1.0,19.0,39.0,"shows 20 min, should be 19 (overstated by 1 — 1 earlier-month min not carried forward)","🚩 Balance not carried forward — shows 20, should be 19 (overstated +1)",OK - CALCULATED
67512663,24352027137,Convo Now,live,Convo Now: Access Complimentary,22908461415,2026-09-06,2026-10-06,30.0,30 days,Calculated 30-day,2.0,2,"Sep 2026, Oct 2026",Sep 2026 (bal 18.0) · Oct 2026 (bal 20.0),0.0,2.0,20,20.0,18.0,2.0,18.0,38.0,"shows 20 min, should be 18 (overstated by 2 — 2 earlier-month min not carried forward)","🚩 Balance not carried forward — shows 20, should be 18 (overstated +2)",OK - CALCULATED
40589545,24352027196,Convo Now,live,Convo Now: Access Complimentary,22916870313,2026-08-22,2026-09-21,30.0,30 days,Calculated 30-day,2.0,2,"Aug 2026, Sep 2026",Aug 2026 (bal -32.0) · Sep 2026 (bal 8.0),0.0,64.0,20,8.0,0.0,8.0,0.0,-24.0,"shows 8 min, should be 0 (overstated by 8 — 52 earlier-month min not carried forward)","🚩 Balance not carried forward — shows 8, should be 0 (overstated +8)",OK - CALCULATED
52384537,24352027215,Convo Now,live,Convo Now: Access Complimentary,22914535831,2026-09-23,2026-10-23,30.0,30 days,Calculated 30-day,2.0,2,"Sep 2026, Oct 2026",Sep 2026 (bal -1.0) · Oct 2026 (bal 20.0),0.0,21.0,20,20.0,0.0,20.0,0.0,19.0,"shows 20 min, should be 0 (overstated by 20 — 21 earlier-month min not carried forward)","🚩 Balance not carried forward — shows 20, should be 0 (overstated +20)",OK - CALCULATED
17200300,24352027315,Convo Now,live,Convo Now: Access Complimentary,22913732629,2026-09-27,2026-10-27,30.0,30 days,Calculated 30-day,2.0,2,"Sep 2026, Oct 2026",Sep 2026 (bal 16.0) · Oct 2026 (bal 20.0),0.0,4.0,20,20.0,16.0,4.0,16.0,36.0,"shows 20 min, should be 16 (overstated by 4 — 4 earlier-month min not carried forward)","🚩 Balance not carried forward — shows 20, should be 16 (overstated +4)",OK - CALCULATED
96286041,24352750211,Convo Now,live,Convo Now: Access Complimentary,22917275936,2026-09-21,2026-10-21,30.0,30 days,Calculated 30-day,2.0,2,"Sep 2026, Oct 2026",Sep 2026 (bal 9.0) · Oct 2026 (bal 9.0),0.0,22.0,20,9.0,0.0,9.0,0.0,18.0,"shows 9 min, should be 0 (overstated by 9 — 11 earlier-month min not carried forward)","🚩 Balance not carried forward — shows 9, should be 0 (overstated +9)",OK - CALCULATED
13614967,24352751217,Convo Now,live,Convo Now: Access Complimentary,22914080555,2026-09-16,2026-10-16,30.0,30 days,Calculated 30-day,2.0,2,"Sep 2026, Oct 2026",Sep 2026 (bal -7.0) · Oct 2026 (bal 20.0),0.0,27.0,20,20.0,0.0,20.0,0.0,13.0,"shows 20 min, should be 0 (overstated by 20 — 27 earlier-month min not carried forward)","🚩 Balance not carried forward — shows 20, should be 0 (overstated +20)",OK - CALCULATED
76947091,24352751495,Convo Now,live,Convo Now: Access Complimentary,22914402374,2026-09-15,2026-10-15,30.0,30 days,Calculated 30-day,2.0,2,"Sep 2026, Oct 2026",Sep 2026 (bal -17.0) · Oct 2026 (bal 20.0),0.0,37.0,20,20.0,0.0,20.0,0.0,3.0,"shows 20 min, should be 0 (overstated by 20 — 37 earlier-month min not carried forward)","🚩 Balance not carried forward — shows 20, should be 0 (overstated +20)",OK - CALCULATED
66758522,24352751513,Convo Now,live,Convo Now: Access Complimentary,22919379019,2026-09-21,2026-10-21,30.0,30 days,Calculated 30-day,2.0,2,"Sep 2026, Oct 2026",Sep 2026 (bal -16.0) · Oct 2026 (bal 20.0),0.0,36.0,20,20.0,0.0,20.0,0.0,4.0,"shows 20 min, should be 0 (overstated by 20 — 36 earlier-month min not carried forward)","🚩 Balance not carried forward — shows 20, should be 0 (overstated +20)",OK - CALCULATED
53812396,24352751522,Convo Now,live,Convo Now: Access Complimentary,22908055916,2026-09-07,2026-10-07,30.0,30 days,Calculated 30-day,2.0,2,"Sep 2026, Oct 2026",Sep 2026 (bal 3.0) · Oct 2026 (bal 20.0),0.0,17.0,20,20.0,3.0,17.0,3.0,23.0,"shows 20 min, should be 3 (overstated by 17 — 17 earlier-month min not carried forward)","🚩 Balance not carried forward — shows 20, should be 3 (overstated +17)",OK - CALCULATED
47823750,24352751665,Convo Now,live,Convo Now: Access Complimentary,22916516279,2026-09-21,2026-10-21,30.0,30 days,Calculated 30-day,2.0,2,"Sep 2026, Oct 2026",Sep 2026 (bal 11.0) · Oct 2026 (bal 16.0),0.0,13.0,20,16.0,7.0,9.0,7.0,27.0,"shows 16 min, should be 7 (overstated by 9 — 9 earlier-month min not carried forward)","🚩 Balance not carried forward — shows 16, should be 7 (overstated +9)",OK - CALCULATED
30824442,24352751737,Convo Now,live,Convo Now: Access Complimentary,22913888272,2026-09-22,2026-10-22,30.0,30 days,Calculated 30-day,2.0,2,"Sep 2026, Oct 2026",Sep 2026 (bal -22.0) · Oct 2026 (bal 20.0),0.0,42.0,20,20.0,0.0,20.0,0.0,-2.0,"shows 20 min, should be 0 (overstated by 20 — 42 earlier-month min not carried forward)","🚩 Balance not carried forward — shows 20, should be 0 (overstated +20)",OK - CALCULATED
20465990,24352752192,Convo Now,live,Convo Now: Access Complimentary,22917275910,2026-09-21,2026-10-21,30.0,30 days,Calculated 30-day,2.0,2,"Sep 2026, Oct 2026",Sep 2026 (bal 18.0) · Oct 2026 (bal 20.0),0.0,2.0,20,20.0,18.0,2.0,18.0,38.0,"shows 20 min, should be 18 (overstated by 2 — 2 earlier-month min not carried forward)","🚩 Balance not carried forward — shows 20, should be 18 (overstated +2)",OK - CALCULATED
69429343,24352752725,Convo Now,live,Convo Now: Access Complimentary,22917219112,2026-09-21,2026-10-21,30.0,30 days,Calculated 30-day,2.0,2,"Sep 2026, Oct 2026",Sep 2026 (bal -2.0) · Oct 2026 (bal 20.0),0.0,22.0,20,20.0,0.0,20.0,0.0,18.0,"shows 20 min, should be 0 (overstated by 20 — 22 earlier-month min not carried forward)","🚩 Balance not carried forward — shows 20, should be 0 (overstated +20)",OK - CALCULATED
45342617,24352752776,Convo Now,live,Convo Now: Access Complimentary,22908885139,2026-09-15,2026-10-15,30.0,30 days,Calculated 30-day,2.0,2,"Sep 2026, Oct 2026",Sep 2026 (bal 7.0) · Oct 2026 (bal 20.0),0.0,13.0,20,20.0,7.0,13.0,7.0,27.0,"shows 20 min, should be 7 (overstated by 13 — 13 earlier-month min not carried forward)","🚩 Balance not carried forward — shows 20, should be 7 (overstated +13)",OK - CALCULATED
50719367,24352752819,Convo Now,live,Convo Now: Access Complimentary,22914402453,2026-09-14,2026-10-14,30.0,30 days,Calculated 30-day,2.0,2,"Sep 2026, Oct 2026",Sep 2026 (bal -5.0) · Oct 2026 (bal 20.0),0.0,25.0,20,20.0,0.0,20.0,0.0,15.0,"shows 20 min, should be 0 (overstated by 20 — 25 earlier-month min not carried forward)","🚩 Balance not carried forward — shows 20, should be 0 (overstated +20)",OK - CALCULATED
29894323,24352771223,Convo Now,live,Convo Now: Access Complimentary,22917084542,2026-09-13,2026-10-13,30.0,30 days,Calculated 30-day,2.0,2,"Sep 2026, Oct 2026",Sep 2026 (bal 18.0) · Oct 2026 (bal 20.0),0.0,2.0,20,20.0,18.0,2.0,18.0,38.0,"shows 20 min, should be 18 (overstated by 2 — 2 earlier-month min not carried forward)","🚩 Balance not carried forward — shows 20, should be 18 (overstated +2)",OK - CALCULATED
31878232,24352771330,Convo Now,live,Convo Now: Access Complimentary,22917141587,2026-09-21,2026-10-21,30.0,30 days,Calculated 30-day,2.0,2,"Sep 2026, Oct 2026",Sep 2026 (bal -4.0) · Oct 2026 (bal 20.0),0.0,24.0,20,20.0,0.0,20.0,0.0,16.0,"shows 20 min, should be 0 (overstated by 20 — 24 earlier-month min not carried forward)","🚩 Balance not carried forward — shows 20, should be 0 (overstated +20)",OK - CALCULATED
13931363,24352771765,Convo Now,live,Convo Now: Access Complimentary,22917275935,2026-09-21,2026-10-21,30.0,30 days,Calculated 30-day,2.0,2,"Sep 2026, Oct 2026",Sep 2026 (bal 16.0) · Oct 2026 (bal 20.0),0.0,4.0,20,20.0,16.0,4.0,16.0,36.0,"shows 20 min, should be 16 (overstated by 4 — 4 earlier-month min not carried forward)","🚩 Balance not carried forward — shows 20, should be 16 (overstated +4)",OK - CALCULATED
25019873,24353214514,Convo Now,live,Convo Now: Access Complimentary,22917219149,2026-09-21,2026-10-21,30.0,30 days,Calculated 30-day,2.0,2,"Sep 2026, Oct 2026",Sep 2026 (bal 8.0) · Oct 2026 (bal 20.0),0.0,12.0,20,20.0,8.0,12.0,8.0,28.0,"shows 20 min, should be 8 (overstated by 12 — 12 earlier-month min not carried forward)","🚩 Balance not carried forward — shows 20, should be 8 (overstated +12)",OK - CALCULATED
85134787,24353215287,Convo Now,live,Convo Now: Access Complimentary,22908055918,2026-09-29,2026-10-29,30.0,30 days,Calculated 30-day,2.0,2,"Sep 2026, Oct 2026",Sep 2026 (bal 16.0) · Oct 2026 (bal 20.0),0.0,4.0,20,20.0,16.0,4.0,16.0,36.0,"shows 20 min, should be 16 (overstated by 4 — 4 earlier-month min not carried forward)","🚩 Balance not carried forward — shows 20, should be 16 (overstated +4)",OK - CALCULATED
35692547,24353215288,Convo Now,live,Convo Now: Access Complimentary,22906076582,2026-09-21,2026-10-21,30.0,30 days,Calculated 30-day,2.0,2,"Sep 2026, Oct 2026",Sep 2026 (bal 15.0) · Oct 2026 (bal 13.0),0.0,12.0,20,13.0,8.0,5.0,8.0,28.0,"shows 13 min, should be 8 (overstated by 5 — 5 earlier-month min not carried forward)","🚩 Balance not carried forward — shows 13, should be 8 (overstated +5)",OK - CALCULATED
33137493,24353215299,Convo Now,live,Convo Now: Access Complimentary,22917207455,2026-09-21,2026-10-21,30.0,30 days,Calculated 30-day,2.0,2,"Sep 2026, Oct 2026",Sep 2026 (bal 5.0) · Oct 2026 (bal 20.0),0.0,15.0,20,20.0,5.0,15.0,5.0,25.0,"shows 20 min, should be 5 (overstated by 15 — 15 earlier-month min not carried forward)","🚩 Balance not carried forward — shows 20, should be 5 (overstated +15)",OK - CALCULATED
48685911,24353215760,Convo Now,live,Convo Now: Access Complimentary,22906640775,2026-09-30,2026-10-30,30.0,30 days,Calculated 30-day,2.0,2,"Sep 2026, Oct 2026",Sep 2026 (bal -16.0) · Oct 2026 (bal 20.0),0.0,36.0,20,20.0,0.0,20.0,0.0,4.0,"shows 20 min, should be 0 (overstated by 20 — 36 earlier-month min not carried forward)","🚩 Balance not carried forward — shows 20, should be 0 (overstated +20)",OK - CALCULATED
82725116,24353215872,Convo Now,live,Convo Now: Access Complimentary,22910085647,2026-09-28,2026-10-28,30.0,30 days,Calculated 30-day,2.0,2,"Sep 2026, Oct 2026",Sep 2026 (bal 0.0) · Oct 2026 (bal 20.0),0.0,20.0,20,20.0,0.0,20.0,0.0,20.0,"shows 20 min, should be 0 (overstated by 20 — 20 earlier-month min not carried forward)","🚩 Balance not carried forward — shows 20, should be 0 (overstated +20)",OK - CALCULATED
88219160,24353216002,Convo Now,live,Convo Now: Access Complimentary,22914402370,2026-09-15,2026-10-15,30.0,30 days,Calculated 30-day,2.0,2,"Sep 2026, Oct 2026",Sep 2026 (bal 6.0) · Oct 2026 (bal 20.0),0.0,14.0,20,20.0,6.0,14.0,6.0,26.0,"shows 20 min, should be 6 (overstated by 14 — 14 earlier-month min not carried forward)","🚩 Balance not carried forward — shows 20, should be 6 (overstated +14)",OK - CALCULATED
33893349,24353216004,Convo Now,live,Convo Now: Access Complimentary,22917207600,2026-09-21,2026-10-21,30.0,30 days,Calculated 30-day,2.0,2,"Sep 2026, Oct 2026",Sep 2026 (bal 4.0) · Oct 2026 (bal 20.0),0.0,16.0,20,20.0,4.0,16.0,4.0,24.0,"shows 20 min, should be 4 (overstated by 16 — 16 earlier-month min not carried forward)","🚩 Balance not carried forward — shows 20, should be 4 (overstated +16)",OK - CALCULATED
54332208,24353216006,Convo Now,live,Convo Now: Access Complimentary,22914080552,2026-09-20,2026-10-20,30.0,30 days,Calculated 30-day,2.0,2,"Sep 2026, Oct 2026",Sep 2026 (bal 0.0) · Oct 2026 (bal 20.0),0.0,20.0,20,20.0,0.0,20.0,0.0,20.0,"shows 20 min, should be 0 (overstated by 20 — 20 earlier-month min not carried forward)","🚩 Balance not carried forward — shows 20, should be 0 (overstated +20)",OK - CALCULATED
41714632,24353216007,Convo Now,live,Convo Now: Access Complimentary,22916870322,2026-09-21,2026-10-21,30.0,30 days,Calculated 30-day,2.0,2,"Sep 2026, Oct 2026",Sep 2026 (bal 15.0) · Oct 2026 (bal 20.0),0.0,5.0,20,20.0,15.0,5.0,15.0,35.0,"shows 20 min, should be 15 (overstated by 5 — 5 earlier-month min not carried forward)","🚩 Balance not carried forward — shows 20, should be 15 (overstated +5)",OK - CALCULATED
25321425,24353234345,Convo Now,live,Convo Now: Access Complimentary,22916594270,2026-09-21,2026-10-21,30.0,30 days,Calculated 30-day,2.0,2,"Sep 2026, Oct 2026",Sep 2026 (bal 14.0) · Oct 2026 (bal 20.0),0.0,6.0,20,20.0,14.0,6.0,14.0,34.0,"shows 20 min, should be 14 (overstated by 6 — 6 earlier-month min not carried forward)","🚩 Balance not carried forward — shows 20, should be 14 (overstated +6)",OK - CALCULATED
10476232,24353234573,Convo Now,live,Convo Now: Access Complimentary,22906532415,2026-09-17,2026-10-17,30.0,30 days,Calculated 30-day,2.0,2,"Sep 2026, Oct 2026",Sep 2026 (bal 11.0) · Oct 2026 (bal 20.0),0.0,9.0,20,20.0,11.0,9.0,11.0,31.0,"shows 20 min, should be 11 (overstated by 9 — 9 earlier-month min not carried forward)","🚩 Balance not carried forward — shows 20, should be 11 (overstated +9)",OK - CALCULATED
78570535,24353234699,Convo Now,live,Convo Now: Access Complimentary,22917275933,2026-09-21,2026-10-21,30.0,30 days,Calculated 30-day,2.0,2,"Sep 2026, Oct 2026",Sep 2026 (bal 13.0) · Oct 2026 (bal 20.0),0.0,7.0,20,20.0,13.0,7.0,13.0,33.0,"shows 20 min, should be 13 (overstated by 7 — 7 earlier-month min not carried forward)","🚩 Balance not carried forward — shows 20, should be 13 (overstated +7)",OK - CALCULATED
46085098,24353359247,Convo Now,live,Convo Now: Access Complimentary,22916870284,2026-09-21,2026-10-21,30.0,30 days,Calculated 30-day,2.0,2,"Sep 2026, Oct 2026",Sep 2026 (bal 9.0) · Oct 2026 (bal 11.0),0.0,20.0,20,11.0,0.0,11.0,0.0,20.0,"shows 11 min, should be 0 (overstated by 11 — 11 earlier-month min not carried forward)","🚩 Balance not carried forward — shows 11, should be 0 (overstated +11)",OK - CALCULATED
87654917,24353359250,Convo Now,live,Convo Now: Access Complimentary,22914402433,2026-09-14,2026-10-14,30.0,30 days,Calculated 30-day,2.0,2,"Sep 2026, Oct 2026",Sep 2026 (bal -35.0) · Oct 2026 (bal 20.0),0.0,55.0,20,20.0,0.0,20.0,0.0,-15.0,"shows 20 min, should be 0 (overstated by 20 — 55 earlier-month min not carried forward)","🚩 Balance not carried forward — shows 20, should be 0 (overstated +20)",OK - CALCULATED
77543517,24353360035,Convo Now,live,Convo Now: Access Complimentary,22917723478,2026-09-21,2026-10-21,30.0,30 days,Calculated 30-day,2.0,2,"Sep 2026, Oct 2026",Sep 2026 (bal 6.0) · Oct 2026 (bal 18.0),0.0,16.0,20,18.0,4.0,14.0,4.0,24.0,"shows 18 min, should be 4 (overstated by 14 — 14 earlier-month min not carried forward)","🚩 Balance not carried forward — shows 18, should be 4 (overstated +14)",OK - CALCULATED
67504657,24353360205,Convo Now,live,Convo Now: Access Complimentary,22917141542,2026-09-21,2026-10-21,30.0,30 days,Calculated 30-day,2.0,2,"Sep 2026, Oct 2026",Sep 2026 (bal 6.0) · Oct 2026 (bal 20.0),0.0,14.0,20,20.0,6.0,14.0,6.0,26.0,"shows 20 min, should be 6 (overstated by 14 — 14 earlier-month min not carried forward)","🚩 Balance not carried forward — shows 20, should be 6 (overstated +14)",OK - CALCULATED
86181127,24353360641,Convo Now,live,Convo Now: Access Complimentary,22917723457,2026-09-21,2026-10-21,30.0,30 days,Calculated 30-day,2.0,2,"Sep 2026, Oct 2026",Sep 2026 (bal 2.0) · Oct 2026 (bal 20.0),0.0,18.0,20,20.0,2.0,18.0,2.0,22.0,"shows 20 min, should be 2 (overstated by 18 — 18 earlier-month min not carried forward)","🚩 Balance not carried forward — shows 20, should be 2 (overstated +18)",OK - CALCULATED
56649052,24353379842,Convo Now,live,Convo Now: Access Complimentary,22917219185,2026-09-21,2026-10-21,30.0,30 days,Calculated 30-day,2.0,2,"Sep 2026, Oct 2026",Sep 2026 (bal -1.0) · Oct 2026 (bal 20.0),0.0,21.0,20,20.0,0.0,20.0,0.0,19.0,"shows 20 min, should be 0 (overstated by 20 — 21 earlier-month min not carried forward)","🚩 Balance not carried forward — shows 20, should be 0 (overstated +20)",OK - CALCULATED
29155193,24353379862,Convo Now,live,Convo Now: Access Complimentary,22908464187,2026-09-21,2026-10-21,30.0,30 days,Calculated 30-day,2.0,2,"Sep 2026, Oct 2026",Sep 2026 (bal 0.0) · Oct 2026 (bal 20.0),0.0,20.0,20,20.0,0.0,20.0,0.0,20.0,"shows 20 min, should be 0 (overstated by 20 — 20 earlier-month min not carried forward)","🚩 Balance not carried forward — shows 20, should be 0 (overstated +20)",OK - CALCULATED
51632836,24354132254,Convo Now,live,Convo Now: Access Complimentary,22917141599,2026-09-21,2026-10-21,30.0,30 days,Calculated 30-day,2.0,2,"Sep 2026, Oct 2026",Sep 2026 (bal 3.0) · Oct 2026 (bal 20.0),0.0,17.0,20,20.0,3.0,17.0,3.0,23.0,"shows 20 min, should be 3 (overstated by 17 — 17 earlier-month min not carried forward)","🚩 Balance not carried forward — shows 20, should be 3 (overstated +17)",OK - CALCULATED
87367049,24354132313,Convo Now,live,Convo Now: Access Complimentary,22919401278,2026-09-21,2026-10-21,30.0,30 days,Calculated 30-day,2.0,2,"Sep 2026, Oct 2026",Sep 2026 (bal -3.0) · Oct 2026 (bal 20.0),0.0,23.0,20,20.0,0.0,20.0,0.0,17.0,"shows 20 min, should be 0 (overstated by 20 — 23 earlier-month min not carried forward)","🚩 Balance not carried forward — shows 20, should be 0 (overstated +20)",OK - CALCULATED
40738245,24354133177,Convo Now,live,Convo Now: Access Complimentary,22908074034,2026-09-17,2026-10-17,30.0,30 days,Calculated 30-day,2.0,2,"Sep 2026, Oct 2026",Sep 2026 (bal -9.0) · Oct 2026 (bal 20.0),0.0,29.0,20,20.0,0.0,20.0,0.0,11.0,"shows 20 min, should be 0 (overstated by 20 — 29 earlier-month min not carried forward)","🚩 Balance not carried forward — shows 20, should be 0 (overstated +20)",OK - CALCULATED
35460035,24354133667,Convo Now,live,Convo Now: Access Complimentary,22912521391,2026-09-22,2026-10-22,30.0,30 days,Calculated 30-day,2.0,2,"Sep 2026, Oct 2026",Sep 2026 (bal -17.0) · Oct 2026 (bal 20.0),0.0,37.0,20,20.0,0.0,20.0,0.0,3.0,"shows 20 min, should be 0 (overstated by 20 — 37 earlier-month min not carried forward)","🚩 Balance not carried forward — shows 20, should be 0 (overstated +20)",OK - CALCULATED
71909582,24354133887,Convo Now,live,Convo Now: Access Complimentary,22906946049,2026-09-21,2026-10-21,30.0,30 days,Calculated 30-day,2.0,2,"Sep 2026, Oct 2026",Sep 2026 (bal -1.0) · Oct 2026 (bal 20.0),0.0,21.0,20,20.0,0.0,20.0,0.0,19.0,"shows 20 min, should be 0 (overstated by 20 — 21 earlier-month min not carried forward)","🚩 Balance not carried forward — shows 20, should be 0 (overstated +20)",OK - CALCULATED
58792067,24354133889,Convo Now,live,Convo Now: Access Complimentary,22906442570,2026-09-08,2026-10-08,30.0,30 days,Calculated 30-day,2.0,2,"Sep 2026, Oct 2026",Sep 2026 (bal 2.0) · Oct 2026 (bal 20.0),0.0,18.0,20,20.0,2.0,18.0,2.0,22.0,"shows 20 min, should be 2 (overstated by 18 — 18 earlier-month min not carried forward)","🚩 Balance not carried forward — shows 20, should be 2 (overstated +18)",OK - CALCULATED
30324413,24354134050,Convo Now,live,Convo Now: Access Complimentary,22919401297,2026-09-21,2026-10-21,30.0,30 days,Calculated 30-day,2.0,2,"Sep 2026, Oct 2026",Sep 2026 (bal -29.0) · Oct 2026 (bal 20.0),0.0,49.0,20,20.0,0.0,20.0,0.0,-9.0,"shows 20 min, should be 0 (overstated by 20 — 49 earlier-month min not carried forward)","🚩 Balance not carried forward — shows 20, should be 0 (overstated +20)",OK - CALCULATED
91446608,24354134373,Convo Now,live,Convo Now: Access Complimentary,22906442551,2026-09-08,2026-10-08,30.0,30 days,Calculated 30-day,2.0,2,"Sep 2026, Oct 2026",Sep 2026 (bal 18.0) · Oct 2026 (bal 20.0),0.0,2.0,20,20.0,18.0,2.0,18.0,38.0,"shows 20 min, should be 18 (overstated by 2 — 2 earlier-month min not carried forward)","🚩 Balance not carried forward — shows 20, should be 18 (overstated +2)",OK - CALCULATED
62969175,24354278274,Convo Now,live,Convo Now: Access Complimentary,22917176483,2026-09-21,2026-10-21,30.0,30 days,Calculated 30-day,2.0,2,"Sep 2026, Oct 2026",Sep 2026 (bal 0.0) · Oct 2026 (bal 20.0),0.0,20.0,20,20.0,0.0,20.0,0.0,20.0,"shows 20 min, should be 0 (overstated by 20 — 20 earlier-month min not carried forward)","🚩 Balance not carried forward — shows 20, should be 0 (overstated +20)",OK - CALCULATED
34695344,24354278479,Convo Now,live,Convo Now: Access Complimentary,22916512937,2026-09-13,2026-10-13,30.0,30 days,Calculated 30-day,2.0,2,"Sep 2026, Oct 2026",Sep 2026 (bal 1.0) · Oct 2026 (bal 11.0),0.0,28.0,20,11.0,0.0,11.0,0.0,12.0,"shows 11 min, should be 0 (overstated by 11 — 19 earlier-month min not carried forward)","🚩 Balance not carried forward — shows 11, should be 0 (overstated +11)",OK - CALCULATED
72382203,24354279459,Convo Now,live,Convo Now: Access Complimentary,22908885153,2026-09-15,2026-10-15,30.0,30 days,Calculated 30-day,2.0,2,"Sep 2026, Oct 2026",Sep 2026 (bal -11.0) · Oct 2026 (bal 20.0),0.0,31.0,20,20.0,0.0,20.0,0.0,9.0,"shows 20 min, should be 0 (overstated by 20 — 31 earlier-month min not carried forward)","🚩 Balance not carried forward — shows 20, should be 0 (overstated +20)",OK - CALCULATED
43358755,24354279466,Convo Now,live,Convo Now: Access Complimentary,22917084562,2026-09-13,2026-10-13,30.0,30 days,Calculated 30-day,2.0,2,"Sep 2026, Oct 2026",Sep 2026 (bal -3.0) · Oct 2026 (bal 20.0),0.0,23.0,20,20.0,0.0,20.0,0.0,17.0,"shows 20 min, should be 0 (overstated by 20 — 23 earlier-month min not carried forward)","🚩 Balance not carried forward — shows 20, should be 0 (overstated +20)",OK - CALCULATED
25819235,24354279481,Convo Now,live,Convo Now: Access Complimentary,22916907277,2026-09-21,2026-10-21,30.0,30 days,Calculated 30-day,2.0,2,"Sep 2026, Oct 2026",Sep 2026 (bal 17.0) · Oct 2026 (bal 20.0),0.0,3.0,20,20.0,17.0,3.0,17.0,37.0,"shows 20 min, should be 17 (overstated by 3 — 3 earlier-month min not carried forward)","🚩 Balance not carried forward — shows 20, should be 17 (overstated +3)",OK - CALCULATED
12685275,24354279776,Convo Now,live,Convo Now: Access Complimentary,22916554144,2026-09-25,2026-10-25,30.0,30 days,Calculated 30-day,2.0,2,"Sep 2026, Oct 2026",Sep 2026 (bal -25.0) · Oct 2026 (bal 20.0),0.0,45.0,20,20.0,0.0,20.0,0.0,-5.0,"shows 20 min, should be 0 (overstated by 20 — 45 earlier-month min not carried forward)","🚩 Balance not carried forward — shows 20, should be 0 (overstated +20)",OK - CALCULATED
39699367,24354279967,Convo Now,live,Convo Now: Access Complimentary,22916594322,2026-09-21,2026-10-21,30.0,30 days,Calculated 30-day,2.0,2,"Sep 2026, Oct 2026",Sep 2026 (bal 16.0) · Oct 2026 (bal 20.0),0.0,4.0,20,20.0,16.0,4.0,16.0,36.0,"shows 20 min, should be 16 (overstated by 4 — 4 earlier-month min not carried forward)","🚩 Balance not carried forward — shows 20, should be 16 (overstated +4)",OK - CALCULATED
31767913,24354279998,Convo Now,live,Convo Now: Access Complimentary,22917309848,2026-09-21,2026-10-21,30.0,30 days,Calculated 30-day,2.0,2,"Sep 2026, Oct 2026",Sep 2026 (bal -46.0) · Oct 2026 (bal 20.0),0.0,66.0,20,20.0,0.0,20.0,0.0,-26.0,"shows 20 min, should be 0 (overstated by 20 — 66 earlier-month min not carried forward)","🚩 Balance not carried forward — shows 20, should be 0 (overstated +20)",OK - CALCULATED
34036123,24354297997,Convo Now,live,Convo Now: Access Complimentary,22916512924,2026-09-09,2026-10-09,30.0,30 days,Calculated 30-day,2.0,2,"Sep 2026, Oct 2026",Sep 2026 (bal -5.0) · Oct 2026 (bal 20.0),0.0,25.0,20,20.0,0.0,20.0,0.0,15.0,"shows 20 min, should be 0 (overstated by 20 — 25 earlier-month min not carried forward)","🚩 Balance not carried forward — shows 20, should be 0 (overstated +20)",OK - CALCULATED
58009114,24354298009,Convo Now,live,Convo Now: Access Complimentary,22917309855,2026-09-21,2026-10-21,30.0,30 days,Calculated 30-day,2.0,2,"Sep 2026, Oct 2026",Sep 2026 (bal 13.0) · Oct 2026 (bal 20.0),0.0,7.0,20,20.0,13.0,7.0,13.0,33.0,"shows 20 min, should be 13 (overstated by 7 — 7 earlier-month min not carried forward)","🚩 Balance not carried forward — shows 20, should be 13 (overstated +7)",OK - CALCULATED
13835172,24354298453,Convo Now,live,Convo Now: Access Complimentary,22916870302,2026-09-21,2026-10-21,30.0,30 days,Calculated 30-day,2.0,2,"Sep 2026, Oct 2026",Sep 2026 (bal -6.0) · Oct 2026 (bal 20.0),0.0,26.0,20,20.0,0.0,20.0,0.0,14.0,"shows 20 min, should be 0 (overstated by 20 — 26 earlier-month min not carried forward)","🚩 Balance not carried forward — shows 20, should be 0 (overstated +20)",OK - CALCULATED
74025154,24354298512,Convo Now,live,Convo Now: Access Complimentary,22912521491,2026-09-22,2026-10-22,30.0,30 days,Calculated 30-day,2.0,2,"Sep 2026, Oct 2026",Sep 2026 (bal -20.0) · Oct 2026 (bal 20.0),0.0,40.0,20,20.0,0.0,20.0,0.0,0.0,"shows 20 min, should be 0 (overstated by 20 — 40 earlier-month min not carried forward)","🚩 Balance not carried forward — shows 20, should be 0 (overstated +20)",OK - CALCULATED
86803907,24354298680,Convo Now,live,Convo Now: Access Complimentary,22908885282,2026-09-14,2026-10-14,30.0,30 days,Calculated 30-day,2.0,2,"Sep 2026, Oct 2026",Sep 2026 (bal -2.0) · Oct 2026 (bal 20.0),0.0,22.0,20,20.0,0.0,20.0,0.0,18.0,"shows 20 min, should be 0 (overstated by 20 — 22 earlier-month min not carried forward)","🚩 Balance not carried forward — shows 20, should be 0 (overstated +20)",OK - CALCULATED
86998054,24354570169,Convo Now,live,Convo Now: Access Complimentary,22908461421,2026-09-07,2026-10-07,30.0,30 days,Calculated 30-day,2.0,2,"Sep 2026, Oct 2026",Sep 2026 (bal -12.0) · Oct 2026 (bal 20.0),0.0,32.0,20,20.0,0.0,20.0,0.0,8.0,"shows 20 min, should be 0 (overstated by 20 — 32 earlier-month min not carried forward)","🚩 Balance not carried forward — shows 20, should be 0 (overstated +20)",OK - CALCULATED
83257182,24354571440,Convo Now,live,Convo Now: Access Complimentary,22913941538,2026-09-23,2026-10-23,30.0,30 days,Calculated 30-day,2.0,2,"Sep 2026, Oct 2026",Sep 2026 (bal -1.0) · Oct 2026 (bal 20.0),0.0,21.0,20,20.0,0.0,20.0,0.0,19.0,"shows 20 min, should be 0 (overstated by 20 — 21 earlier-month min not carried forward)","🚩 Balance not carried forward — shows 20, should be 0 (overstated +20)",OK - CALCULATED
21341832,24354572051,Convo Now,live,Convo Now: Access Complimentary,22914080536,2026-09-16,2026-10-16,30.0,30 days,Calculated 30-day,2.0,2,"Sep 2026, Oct 2026",Sep 2026 (bal 8.0) · Oct 2026 (bal 20.0),0.0,12.0,20,20.0,8.0,12.0,8.0,28.0,"shows 20 min, should be 8 (overstated by 12 — 12 earlier-month min not carried forward)","🚩 Balance not carried forward — shows 20, should be 8 (overstated +12)",OK - CALCULATED
11353943,24354572052,Convo Now,live,Convo Now: Access Complimentary,22917290395,2026-09-21,2026-10-21,30.0,30 days,Calculated 30-day,2.0,2,"Sep 2026, Oct 2026",Sep 2026 (bal -11.0) · Oct 2026 (bal 20.0),0.0,31.0,20,20.0,0.0,20.0,0.0,9.0,"shows 20 min, should be 0 (overstated by 20 — 31 earlier-month min not carried forward)","🚩 Balance not carried forward — shows 20, should be 0 (overstated +20)",OK - CALCULATED
86634678,24354572070,Convo Now,live,Convo Now: Access Complimentary,22906076591,2026-09-21,2026-10-21,30.0,30 days,Calculated 30-day,2.0,2,"Sep 2026, Oct 2026",Sep 2026 (bal 9.0) · Oct 2026 (bal 20.0),0.0,11.0,20,20.0,9.0,11.0,9.0,29.0,"shows 20 min, should be 9 (overstated by 11 — 11 earlier-month min not carried forward)","🚩 Balance not carried forward — shows 20, should be 9 (overstated +11)",OK - CALCULATED
78532446,24354572142,Convo Now,live,Convo Now: Access Complimentary,22908885263,2026-09-15,2026-10-15,30.0,30 days,Calculated 30-day,2.0,2,"Sep 2026, Oct 2026",Sep 2026 (bal 19.0) · Oct 2026 (bal 20.0),0.0,1.0,20,20.0,19.0,1.0,19.0,39.0,"shows 20 min, should be 19 (overstated by 1 — 1 earlier-month min not carried forward)","🚩 Balance not carried forward — shows 20, should be 19 (overstated +1)",OK - CALCULATED
83654771,24354590385,Convo Now,live,Convo Now: Access Complimentary,22916513024,2026-09-13,2026-10-13,30.0,30 days,Calculated 30-day,2.0,2,"Sep 2026, Oct 2026",Sep 2026 (bal 18.0) · Oct 2026 (bal 20.0),0.0,2.0,20,20.0,18.0,2.0,18.0,38.0,"shows 20 min, should be 18 (overstated by 2 — 2 earlier-month min not carried forward)","🚩 Balance not carried forward — shows 20, should be 18 (overstated +2)",OK - CALCULATED
71795931,24354590474,Convo Now,live,Convo Now: Access Complimentary,22964193141,2026-09-21,2026-10-21,30.0,30 days,Calculated 30-day,2.0,2,"Sep 2026, Oct 2026",Sep 2026 (bal 7.0) · Oct 2026 (bal 20.0),0.0,13.0,20,20.0,7.0,13.0,7.0,27.0,"shows 20 min, should be 7 (overstated by 13 — 13 earlier-month min not carried forward)","🚩 Balance not carried forward — shows 20, should be 7 (overstated +13)",OK - CALCULATED
98281681,24354590475,Convo Now,live,Convo Now: Access Complimentary,24214668647,2026-09-11,2026-10-11,30.0,30 days,Calculated 30-day,2.0,2,"Sep 2026, Oct 2026",Sep 2026 (bal -4.0) · Oct 2026 (bal 20.0),0.0,24.0,20,20.0,0.0,20.0,0.0,16.0,"shows 20 min, should be 0 (overstated by 20 — 24 earlier-month min not carried forward)","🚩 Balance not carried forward — shows 20, should be 0 (overstated +20)",OK - CALCULATED
54813003,24354591032,Convo Now,live,Convo Now: Access Complimentary,22916619575,2026-09-21,2026-10-21,30.0,30 days,Calculated 30-day,2.0,2,"Sep 2026, Oct 2026",Sep 2026 (bal 8.0) · Oct 2026 (bal 20.0),0.0,12.0,20,20.0,8.0,12.0,8.0,28.0,"shows 20 min, should be 8 (overstated by 12 — 12 earlier-month min not carried forward)","🚩 Balance not carried forward — shows 20, should be 8 (overstated +12)",OK - CALCULATED
23477120,24354591061,Convo Now,live,Convo Now: Access Complimentary,22913732616,2026-09-28,2026-10-28,30.0,30 days,Calculated 30-day,2.0,2,"Sep 2026, Oct 2026",Sep 2026 (bal 16.0) · Oct 2026 (bal 20.0),0.0,4.0,20,20.0,16.0,4.0,16.0,36.0,"shows 20 min, should be 16 (overstated by 4 — 4 earlier-month min not carried forward)","🚩 Balance not carried forward — shows 20, should be 16 (overstated +4)",OK - CALCULATED
53225897,24354591101,Convo Now,live,Convo Now: Access Complimentary,22917275825,2026-09-21,2026-10-21,30.0,30 days,Calculated 30-day,2.0,2,"Sep 2026, Oct 2026",Sep 2026 (bal 16.0) · Oct 2026 (bal 18.0),0.0,6.0,20,18.0,14.0,4.0,14.0,34.0,"shows 18 min, should be 14 (overstated by 4 — 4 earlier-month min not carried forward)","🚩 Balance not carried forward — shows 18, should be 14 (overstated +4)",OK - CALCULATED
24816671,24354591133,Convo Now,live,Convo Now: Access Complimentary,22916907281,2026-09-21,2026-10-21,30.0,30 days,Calculated 30-day,2.0,2,"Sep 2026, Oct 2026",Sep 2026 (bal -2.0) · Oct 2026 (bal 20.0),0.0,22.0,20,20.0,0.0,20.0,0.0,18.0,"shows 20 min, should be 0 (overstated by 20 — 22 earlier-month min not carried forward)","🚩 Balance not carried forward — shows 20, should be 0 (overstated +20)",OK - CALCULATED
80493799,24354591154,Convo Now,live,Convo Now: Access Complimentary,22908464172,2026-09-21,2026-10-21,30.0,30 days,Calculated 30-day,2.0,2,"Sep 2026, Oct 2026",Sep 2026 (bal -13.0) · Oct 2026 (bal 20.0),0.0,33.0,20,20.0,0.0,20.0,0.0,7.0,"shows 20 min, should be 0 (overstated by 20 — 33 earlier-month min not carried forward)","🚩 Balance not carried forward — shows 20, should be 0 (overstated +20)",OK - CALCULATED
43120486,24354591156,Convo Now,live,Convo Now: Access Complimentary,22917929347,2026-09-21,2026-10-21,30.0,30 days,Calculated 30-day,2.0,2,"Sep 2026, Oct 2026",Sep 2026 (bal -4.0) · Oct 2026 (bal 20.0),0.0,24.0,20,20.0,0.0,20.0,0.0,16.0,"shows 20 min, should be 0 (overstated by 20 — 24 earlier-month min not carried forward)","🚩 Balance not carried forward — shows 20, should be 0 (overstated +20)",OK - CALCULATED
68993344,24354591364,Convo Now,live,Convo Now: Access Complimentary,22917275916,2026-09-21,2026-10-21,30.0,30 days,Calculated 30-day,2.0,2,"Sep 2026, Oct 2026",Sep 2026 (bal 0.0) · Oct 2026 (bal 20.0),0.0,20.0,20,20.0,0.0,20.0,0.0,20.0,"shows 20 min, should be 0 (overstated by 20 — 20 earlier-month min not carried forward)","🚩 Balance not carried forward — shows 20, should be 0 (overstated +20)",OK - CALCULATED
90216148,24354875170,Convo Now,live,Convo Now: Access Complimentary,22917176435,2026-09-21,2026-10-21,30.0,30 days,Calculated 30-day,2.0,2,"Sep 2026, Oct 2026",Sep 2026 (bal 1.0) · Oct 2026 (bal 20.0),0.0,19.0,20,20.0,1.0,19.0,1.0,21.0,"shows 20 min, should be 1 (overstated by 19 — 19 earlier-month min not carried forward)","🚩 Balance not carried forward — shows 20, should be 1 (overstated +19)",OK - CALCULATED
56276335,24354875203,Convo Now,live,Convo Now: Access Complimentary,22916907275,2026-09-21,2026-10-21,30.0,30 days,Calculated 30-day,2.0,2,"Sep 2026, Oct 2026",Sep 2026 (bal 5.0) · Oct 2026 (bal 20.0),0.0,15.0,20,20.0,5.0,15.0,5.0,25.0,"shows 20 min, should be 5 (overstated by 15 — 15 earlier-month min not carried forward)","🚩 Balance not carried forward — shows 20, should be 5 (overstated +15)",OK - CALCULATED
77703180,24354875211,Convo Now,live,Convo Now: Access Complimentary,22917219109,2026-09-21,2026-10-21,30.0,30 days,Calculated 30-day,2.0,2,"Sep 2026, Oct 2026",Sep 2026 (bal 14.0) · Oct 2026 (bal 20.0),0.0,6.0,20,20.0,14.0,6.0,14.0,34.0,"shows 20 min, should be 14 (overstated by 6 — 6 earlier-month min not carried forward)","🚩 Balance not carried forward — shows 20, should be 14 (overstated +6)",OK - CALCULATED
80148118,24354875217,Convo Now,live,Convo Now: Access Complimentary,22919401323,2026-09-21,2026-10-21,30.0,30 days,Calculated 30-day,2.0,2,"Sep 2026, Oct 2026",Sep 2026 (bal 19.0) · Oct 2026 (bal 20.0),0.0,1.0,20,20.0,19.0,1.0,19.0,39.0,"shows 20 min, should be 19 (overstated by 1 — 1 earlier-month min not carried forward)","🚩 Balance not carried forward — shows 20, should be 19 (overstated +1)",OK - CALCULATED
80717750,24354875285,Convo Now,live,Convo Now: Access Complimentary,22917219146,2026-09-21,2026-10-21,30.0,30 days,Calculated 30-day,2.0,2,"Sep 2026, Oct 2026",Sep 2026 (bal 9.0) · Oct 2026 (bal 20.0),0.0,11.0,20,20.0,9.0,11.0,9.0,29.0,"shows 20 min, should be 9 (overstated by 11 — 11 earlier-month min not carried forward)","🚩 Balance not carried forward — shows 20, should be 9 (overstated +11)",OK - CALCULATED
95440768,24354875300,Convo Now,live,Convo Now: Access Complimentary,22906076596,2026-09-21,2026-10-21,30.0,30 days,Calculated 30-day,2.0,2,"Sep 2026, Oct 2026",Sep 2026 (bal 6.0) · Oct 2026 (bal 20.0),0.0,14.0,20,20.0,6.0,14.0,6.0,26.0,"shows 20 min, should be 6 (overstated by 14 — 14 earlier-month min not carried forward)","🚩 Balance not carried forward — shows 20, should be 6 (overstated +14)",OK - CALCULATED
14377567,24354876083,Convo Now,live,Convo Now: Access Complimentary,22908885272,2026-09-15,2026-10-15,30.0,30 days,Calculated 30-day,2.0,2,"Sep 2026, Oct 2026",Sep 2026 (bal -4.0) · Oct 2026 (bal 20.0),0.0,24.0,20,20.0,0.0,20.0,0.0,16.0,"shows 20 min, should be 0 (overstated by 20 — 24 earlier-month min not carried forward)","🚩 Balance not carried forward — shows 20, should be 0 (overstated +20)",OK - CALCULATED
29357207,24354876455,Convo Now,live,Convo Now: Access Complimentary,22919072535,2026-09-21,2026-10-21,30.0,30 days,Calculated 30-day,2.0,2,"Sep 2026, Oct 2026",Sep 2026 (bal 15.0) · Oct 2026 (bal 20.0),0.0,5.0,20,20.0,15.0,5.0,15.0,35.0,"shows 20 min, should be 15 (overstated by 5 — 5 earlier-month min not carried forward)","🚩 Balance not carried forward — shows 20, should be 15 (overstated +5)",OK - CALCULATED
49841571,24354876456,Convo Now,live,Convo Now: Access Complimentary,22910133519,2026-09-25,2026-10-25,30.0,30 days,Calculated 30-day,2.0,2,"Sep 2026, Oct 2026",Sep 2026 (bal 6.0) · Oct 2026 (bal 20.0),0.0,14.0,20,20.0,6.0,14.0,6.0,26.0,"shows 20 min, should be 6 (overstated by 14 — 14 earlier-month min not carried forward)","🚩 Balance not carried forward — shows 20, should be 6 (overstated +14)",OK - CALCULATED
77055600,24354895130,Convo Now,live,Convo Now: Access Complimentary,22912725866,2026-09-20,2026-10-20,30.0,30 days,Calculated 30-day,2.0,2,"Sep 2026, Oct 2026",Sep 2026 (bal 11.0) · Oct 2026 (bal 20.0),0.0,9.0,20,20.0,11.0,9.0,11.0,31.0,"shows 20 min, should be 11 (overstated by 9 — 9 earlier-month min not carried forward)","🚩 Balance not carried forward — shows 20, should be 11 (overstated +9)",OK - CALCULATED
36290444,24354895173,Convo Now,live,Convo Now: Access Complimentary,22917352510,2026-09-21,2026-10-21,30.0,30 days,Calculated 30-day,2.0,2,"Sep 2026, Oct 2026",Sep 2026 (bal -11.0) · Oct 2026 (bal 20.0),0.0,31.0,20,20.0,0.0,20.0,0.0,9.0,"shows 20 min, should be 0 (overstated by 20 — 31 earlier-month min not carried forward)","🚩 Balance not carried forward — shows 20, should be 0 (overstated +20)",OK - CALCULATED
77641287,24354895187,Convo Now,live,Convo Now: Access Complimentary,22917218199,2026-09-21,2026-10-21,30.0,30 days,Calculated 30-day,2.0,2,"Sep 2026, Oct 2026",Sep 2026 (bal 4.0) · Oct 2026 (bal 20.0),0.0,16.0,20,20.0,4.0,16.0,4.0,24.0,"shows 20 min, should be 4 (overstated by 16 — 16 earlier-month min not carried forward)","🚩 Balance not carried forward — shows 20, should be 4 (overstated +16)",OK - CALCULATED
37015350,24354895189,Convo Now,live,Convo Now: Access Complimentary,22908464194,2026-09-21,2026-10-21,30.0,30 days,Calculated 30-day,2.0,2,"Sep 2026, Oct 2026",Sep 2026 (bal 7.0) · Oct 2026 (bal 14.0),0.0,19.0,20,14.0,1.0,13.0,1.0,21.0,"shows 14 min, should be 1 (overstated by 13 — 13 earlier-month min not carried forward)","🚩 Balance not carried forward — shows 14, should be 1 (overstated +13)",OK - CALCULATED
66650333,24355027737,Convo Now,live,Convo Now: Access Complimentary,22911371417,2026-09-20,2026-10-20,30.0,30 days,Calculated 30-day,2.0,2,"Sep 2026, Oct 2026",Sep 2026 (bal -1.0) · Oct 2026 (bal 14.0),0.0,27.0,20,14.0,0.0,14.0,0.0,13.0,"shows 14 min, should be 0 (overstated by 14 — 21 earlier-month min not carried forward)","🚩 Balance not carried forward — shows 14, should be 0 (overstated +14)",OK - CALCULATED
30424366,24355029386,Convo Now,live,Convo Now: Access Complimentary,22906945913,2026-09-21,2026-10-21,30.0,30 days,Calculated 30-day,2.0,2,"Sep 2026, Oct 2026",Sep 2026 (bal 13.0) · Oct 2026 (bal 20.0),0.0,7.0,20,20.0,13.0,7.0,13.0,33.0,"shows 20 min, should be 13 (overstated by 7 — 7 earlier-month min not carried forward)","🚩 Balance not carried forward — shows 20, should be 13 (overstated +7)",OK - CALCULATED
42520950,24355029542,Convo Now,live,Convo Now: Access Complimentary,22916512932,2026-09-10,2026-10-10,30.0,30 days,Calculated 30-day,2.0,2,"Sep 2026, Oct 2026",Sep 2026 (bal -133.0) · Oct 2026 (bal 20.0),0.0,153.0,20,20.0,0.0,20.0,0.0,-113.0,"shows 20 min, should be 0 (overstated by 20 — 153 earlier-month min not carried forward)","🚩 Balance not carried forward — shows 20, should be 0 (overstated +20)",OK - CALCULATED
71712540,24355029557,Convo Now,live,Convo Now: Access Complimentary,22917176453,2026-09-21,2026-10-21,30.0,30 days,Calculated 30-day,2.0,2,"Sep 2026, Oct 2026",Sep 2026 (bal 17.0) · Oct 2026 (bal 20.0),0.0,3.0,20,20.0,17.0,3.0,17.0,37.0,"shows 20 min, should be 17 (overstated by 3 — 3 earlier-month min not carried forward)","🚩 Balance not carried forward — shows 20, should be 17 (overstated +3)",OK - CALCULATED
62459544,24355029560,Convo Now,live,Convo Now: Access Complimentary,22906640742,2026-09-30,2026-10-30,30.0,30 days,Calculated 30-day,2.0,2,"Sep 2026, Oct 2026",Sep 2026 (bal 10.0) · Oct 2026 (bal 20.0),0.0,10.0,20,20.0,10.0,10.0,10.0,30.0,"shows 20 min, should be 10 (overstated by 10 — 10 earlier-month min not carried forward)","🚩 Balance not carried forward — shows 20, should be 10 (overstated +10)",OK - CALCULATED
28182824,24355029671,Convo Now,live,Convo Now: Access Complimentary,22908317291,2026-09-12,2026-10-12,30.0,30 days,Calculated 30-day,2.0,2,"Sep 2026, Oct 2026",Sep 2026 (bal 16.0) · Oct 2026 (bal 11.0),0.0,13.0,20,11.0,7.0,4.0,7.0,27.0,"shows 11 min, should be 7 (overstated by 4 — 4 earlier-month min not carried forward)","🚩 Balance not carried forward — shows 11, should be 7 (overstated +4)",OK - CALCULATED
27081369,24355029672,Convo Now,live,Convo Now: Access Complimentary,22916619536,2026-09-21,2026-10-21,30.0,30 days,Calculated 30-day,2.0,2,"Sep 2026, Oct 2026",Sep 2026 (bal 11.0) · Oct 2026 (bal 20.0),0.0,9.0,20,20.0,11.0,9.0,11.0,31.0,"shows 20 min, should be 11 (overstated by 9 — 9 earlier-month min not carried forward)","🚩 Balance not carried forward — shows 20, should be 11 (overstated +9)",OK - CALCULATED
43772797,24355029826,Convo Now,live,Convo Now: Access Complimentary,22917084560,2026-09-13,2026-10-13,30.0,30 days,Calculated 30-day,2.0,2,"Sep 2026, Oct 2026",Sep 2026 (bal 10.0) · Oct 2026 (bal 20.0),0.0,10.0,20,20.0,10.0,10.0,10.0,30.0,"shows 20 min, should be 10 (overstated by 10 — 10 earlier-month min not carried forward)","🚩 Balance not carried forward — shows 20, should be 10 (overstated +10)",OK - CALCULATED
14056201,24355030188,Convo Now,live,Convo Now: Access Complimentary,22910135400,2026-09-29,2026-10-29,30.0,30 days,Calculated 30-day,2.0,2,"Sep 2026, Oct 2026",Sep 2026 (bal -17.0) · Oct 2026 (bal 20.0),0.0,37.0,20,20.0,0.0,20.0,0.0,3.0,"shows 20 min, should be 0 (overstated by 20 — 37 earlier-month min not carried forward)","🚩 Balance not carried forward — shows 20, should be 0 (overstated +20)",OK - CALCULATED
70655358,24355030327,Convo Now,live,Convo Now: Access Complimentary,22913888343,2026-09-23,2026-10-23,30.0,30 days,Calculated 30-day,2.0,2,"Sep 2026, Oct 2026",Sep 2026 (bal 2.0) · Oct 2026 (bal 13.0),0.0,25.0,20,13.0,0.0,13.0,0.0,15.0,"shows 13 min, should be 0 (overstated by 13 — 18 earlier-month min not carried forward)","🚩 Balance not carried forward — shows 13, should be 0 (overstated +13)",OK - CALCULATED
25836072,24355049241,Convo Now,live,Convo Now: Access Complimentary,22916513032,2026-09-10,2026-10-10,30.0,30 days,Calculated 30-day,2.0,2,"Sep 2026, Oct 2026",Sep 2026 (bal 19.0) · Oct 2026 (bal 20.0),0.0,1.0,20,20.0,19.0,1.0,19.0,39.0,"shows 20 min, should be 19 (overstated by 1 — 1 earlier-month min not carried forward)","🚩 Balance not carried forward — shows 20, should be 19 (overstated +1)",OK - CALCULATED
29100908,24355049400,Convo Now,live,Convo Now: Access Complimentary,22916554245,2026-09-29,2026-10-29,30.0,30 days,Calculated 30-day,2.0,2,"Sep 2026, Oct 2026",Sep 2026 (bal 0.0) · Oct 2026 (bal 20.0),0.0,20.0,20,20.0,0.0,20.0,0.0,20.0,"shows 20 min, should be 0 (overstated by 20 — 20 earlier-month min not carried forward)","🚩 Balance not carried forward — shows 20, should be 0 (overstated +20)",OK - CALCULATED
31350168,24355049649,Convo Now,live,Convo Now: Access Complimentary,22914402441,2026-09-15,2026-10-15,30.0,30 days,Calculated 30-day,2.0,2,"Sep 2026, Oct 2026",Sep 2026 (bal 5.0) · Oct 2026 (bal 18.0),0.0,17.0,20,18.0,3.0,15.0,3.0,23.0,"shows 18 min, should be 3 (overstated by 15 — 15 earlier-month min not carried forward)","🚩 Balance not carried forward — shows 18, should be 3 (overstated +15)",OK - CALCULATED
14671117,24355488106,Convo Now,live,Convo Now: Access Complimentary,22917176442,2026-09-21,2026-10-21,30.0,30 days,Calculated 30-day,2.0,2,"Sep 2026, Oct 2026",Sep 2026 (bal 17.0) · Oct 2026 (bal 20.0),0.0,3.0,20,20.0,17.0,3.0,17.0,37.0,"shows 20 min, should be 17 (overstated by 3 — 3 earlier-month min not carried forward)","🚩 Balance not carried forward — shows 20, should be 17 (overstated +3)",OK - CALCULATED
54233514,24355488175,Convo Now,live,Convo Now: Access Complimentary,22964193115,2026-09-21,2026-10-21,30.0,30 days,Calculated 30-day,2.0,2,"Sep 2026, Oct 2026",Sep 2026 (bal -28.0) · Oct 2026 (bal 20.0),0.0,48.0,20,20.0,0.0,20.0,0.0,-8.0,"shows 20 min, should be 0 (overstated by 20 — 48 earlier-month min not carried forward)","🚩 Balance not carried forward — shows 20, should be 0 (overstated +20)",OK - CALCULATED
86796321,24355489122,Convo Now,live,Convo Now: Access Complimentary,22910135378,2026-09-29,2026-10-29,30.0,30 days,Calculated 30-day,2.0,2,"Sep 2026, Oct 2026",Sep 2026 (bal -12.0) · Oct 2026 (bal 20.0),0.0,32.0,20,20.0,0.0,20.0,0.0,8.0,"shows 20 min, should be 0 (overstated by 20 — 32 earlier-month min not carried forward)","🚩 Balance not carried forward — shows 20, should be 0 (overstated +20)",OK - CALCULATED
53345594,24355489171,Convo Now,live,Convo Now: Access Complimentary,22917723434,2026-09-21,2026-10-21,30.0,30 days,Calculated 30-day,2.0,2,"Sep 2026, Oct 2026",Sep 2026 (bal -45.0) · Oct 2026 (bal 20.0),0.0,65.0,20,20.0,0.0,20.0,0.0,-25.0,"shows 20 min, should be 0 (overstated by 20 — 65 earlier-month min not carried forward)","🚩 Balance not carried forward — shows 20, should be 0 (overstated +20)",OK - CALCULATED
97054797,24355489194,Convo Now,live,Convo Now: Access Complimentary,22917089914,2026-09-21,2026-10-21,30.0,30 days,Calculated 30-day,2.0,2,"Sep 2026, Oct 2026",Sep 2026 (bal 5.0) · Oct 2026 (bal 20.0),0.0,15.0,20,20.0,5.0,15.0,5.0,25.0,"shows 20 min, should be 5 (overstated by 15 — 15 earlier-month min not carried forward)","🚩 Balance not carried forward — shows 20, should be 5 (overstated +15)",OK - CALCULATED
61879057,24355489668,Convo Now,live,Convo Now: Access Complimentary,22917352535,2026-09-21,2026-10-21,30.0,30 days,Calculated 30-day,2.0,2,"Sep 2026, Oct 2026",Sep 2026 (bal -2.0) · Oct 2026 (bal 20.0),0.0,22.0,20,20.0,0.0,20.0,0.0,18.0,"shows 20 min, should be 0 (overstated by 20 — 22 earlier-month min not carried forward)","🚩 Balance not carried forward — shows 20, should be 0 (overstated +20)",OK - CALCULATED
14053042,24355490396,Convo Now,live,Convo Now: Access Complimentary,22907620398,2026-09-23,2026-10-23,30.0,30 days,Calculated 30-day,2.0,2,"Sep 2026, Oct 2026",Sep 2026 (bal 15.0) · Oct 2026 (bal 20.0),0.0,5.0,20,20.0,15.0,5.0,15.0,35.0,"shows 20 min, should be 15 (overstated by 5 — 5 earlier-month min not carried forward)","🚩 Balance not carried forward — shows 20, should be 15 (overstated +5)",OK - CALCULATED
54103506,24355508300,Convo Now,live,Convo Now: Access Complimentary,22964193128,2026-09-21,2026-10-21,30.0,30 days,Calculated 30-day,2.0,2,"Sep 2026, Oct 2026",Sep 2026 (bal -4.0) · Oct 2026 (bal 20.0),0.0,24.0,20,20.0,0.0,20.0,0.0,16.0,"shows 20 min, should be 0 (overstated by 20 — 24 earlier-month min not carried forward)","🚩 Balance not carried forward — shows 20, should be 0 (overstated +20)",OK - CALCULATED
85661819,24355508323,Convo Now,live,Convo Now: Access Complimentary,24347441216,2026-09-13,2026-10-13,30.0,30 days,Calculated 30-day,2.0,2,"Sep 2026, Oct 2026",Sep 2026 (bal -2.0) · Oct 2026 (bal 20.0),0.0,22.0,20,20.0,0.0,20.0,0.0,18.0,"shows 20 min, should be 0 (overstated by 20 — 22 earlier-month min not carried forward)","🚩 Balance not carried forward — shows 20, should be 0 (overstated +20)",OK - CALCULATED
55716559,24355508510,Convo Now,live,Convo Now: Access Complimentary,22884059809,2026-09-10,2026-10-10,30.0,30 days,Calculated 30-day,2.0,2,"Sep 2026, Oct 2026",Sep 2026 (bal -91.0) · Oct 2026 (bal 20.0),0.0,111.0,20,20.0,0.0,20.0,0.0,-71.0,"shows 20 min, should be 0 (overstated by 20 — 111 earlier-month min not carried forward)","🚩 Balance not carried forward — shows 20, should be 0 (overstated +20)",OK - CALCULATED
99286161,24355508615,Convo Now,live,Convo Now: Access Complimentary,22908461442,2026-09-07,2026-10-07,30.0,30 days,Calculated 30-day,2.0,2,"Sep 2026, Oct 2026",Sep 2026 (bal 15.0) · Oct 2026 (bal 20.0),0.0,5.0,20,20.0,15.0,5.0,15.0,35.0,"shows 20 min, should be 15 (overstated by 5 — 5 earlier-month min not carried forward)","🚩 Balance not carried forward — shows 20, should be 15 (overstated +5)",OK - CALCULATED
94033747,24355643053,Convo Now,live,Convo Now: Access Complimentary,22917089846,2026-09-21,2026-10-21,30.0,30 days,Calculated 30-day,2.0,2,"Sep 2026, Oct 2026",Sep 2026 (bal 9.0) · Oct 2026 (bal 20.0),0.0,11.0,20,20.0,9.0,11.0,9.0,29.0,"shows 20 min, should be 9 (overstated by 11 — 11 earlier-month min not carried forward)","🚩 Balance not carried forward — shows 20, should be 9 (overstated +11)",OK - CALCULATED
79417152,24355643142,Convo Now,live,Convo Now: Access Complimentary,22916740197,2026-09-21,2026-10-21,30.0,30 days,Calculated 30-day,2.0,2,"Sep 2026, Oct 2026",Sep 2026 (bal -34.0) · Oct 2026 (bal 20.0),0.0,54.0,20,20.0,0.0,20.0,0.0,-14.0,"shows 20 min, should be 0 (overstated by 20 — 54 earlier-month min not carried forward)","🚩 Balance not carried forward — shows 20, should be 0 (overstated +20)",OK - CALCULATED
55101031,24355644191,Convo Now,live,Convo Now: Access Complimentary,22917352502,2026-09-21,2026-10-21,30.0,30 days,Calculated 30-day,2.0,2,"Sep 2026, Oct 2026",Sep 2026 (bal 2.0) · Oct 2026 (bal 20.0),0.0,18.0,20,20.0,2.0,18.0,2.0,22.0,"shows 20 min, should be 2 (overstated by 18 — 18 earlier-month min not carried forward)","🚩 Balance not carried forward — shows 20, should be 2 (overstated +18)",OK - CALCULATED
15354524,24355644812,Convo Now,live,Convo Now: Access Complimentary,22916513054,2026-09-09,2026-10-09,30.0,30 days,Calculated 30-day,2.0,2,"Sep 2026, Oct 2026",Sep 2026 (bal 0.0) · Oct 2026 (bal 20.0),0.0,20.0,20,20.0,0.0,20.0,0.0,20.0,"shows 20 min, should be 0 (overstated by 20 — 20 earlier-month min not carried forward)","🚩 Balance not carried forward — shows 20, should be 0 (overstated +20)",OK - CALCULATED
33006023,24355644998,Convo Now,live,Convo Now: Access Complimentary,24287655772,2026-09-12,2026-10-12,30.0,30 days,Calculated 30-day,2.0,2,"Sep 2026, Oct 2026",Sep 2026 (bal 3.0) · Oct 2026 (bal 20.0),0.0,17.0,20,20.0,3.0,17.0,3.0,23.0,"shows 20 min, should be 3 (overstated by 17 — 17 earlier-month min not carried forward)","🚩 Balance not carried forward — shows 20, should be 3 (overstated +17)",OK - CALCULATED
82216001,24355645053,Convo Now,live,Convo Now: Access Complimentary,22908464250,2026-09-21,2026-10-21,30.0,30 days,Calculated 30-day,2.0,2,"Sep 2026, Oct 2026",Sep 2026 (bal -15.0) · Oct 2026 (bal 20.0),0.0,35.0,20,20.0,0.0,20.0,0.0,5.0,"shows 20 min, should be 0 (overstated by 20 — 35 earlier-month min not carried forward)","🚩 Balance not carried forward — shows 20, should be 0 (overstated +20)",OK - CALCULATED
35763144,24355645055,Convo Now,live,Convo Now: Access Complimentary,22908461575,2026-09-07,2026-10-07,30.0,30 days,Calculated 30-day,2.0,2,"Sep 2026, Oct 2026",Sep 2026 (bal 4.0) · Oct 2026 (bal 20.0),0.0,16.0,20,20.0,4.0,16.0,4.0,24.0,"shows 20 min, should be 4 (overstated by 16 — 16 earlier-month min not carried forward)","🚩 Balance not carried forward — shows 20, should be 4 (overstated +16)",OK - CALCULATED
62389674,24355645455,Convo Now,live,Convo Now: Access Complimentary,22917929479,2026-09-21,2026-10-21,30.0,30 days,Calculated 30-day,2.0,2,"Sep 2026, Oct 2026",Sep 2026 (bal -15.0) · Oct 2026 (bal 20.0),0.0,35.0,20,20.0,0.0,20.0,0.0,5.0,"shows 20 min, should be 0 (overstated by 20 — 35 earlier-month min not carried forward)","🚩 Balance not carried forward — shows 20, should be 0 (overstated +20)",OK - CALCULATED
80872091,24355663775,Convo Now,live,Convo Now: Access Complimentary,22906541202,2026-09-26,2026-10-26,30.0,30 days,Calculated 30-day,2.0,2,"Sep 2026, Oct 2026",Sep 2026 (bal 6.0) · Oct 2026 (bal 20.0),0.0,14.0,20,20.0,6.0,14.0,6.0,26.0,"shows 20 min, should be 6 (overstated by 14 — 14 earlier-month min not carried forward)","🚩 Balance not carried forward — shows 20, should be 6 (overstated +14)",OK - CALCULATED
66518554,24355663782,Convo Now,live,Convo Now: Access Complimentary,22914535779,2026-09-25,2026-10-25,30.0,30 days,Calculated 30-day,2.0,2,"Sep 2026, Oct 2026",Sep 2026 (bal 6.0) · Oct 2026 (bal 9.0),0.0,25.0,20,9.0,0.0,9.0,0.0,15.0,"shows 9 min, should be 0 (overstated by 9 — 14 earlier-month min not carried forward)","🚩 Balance not carried forward — shows 9, should be 0 (overstated +9)",OK - CALCULATED
72088267,24355664257,Convo Now,live,Convo Now: Access Complimentary,22915206550,2026-09-12,2026-10-12,30.0,30 days,Calculated 30-day,2.0,2,"Sep 2026, Oct 2026",Sep 2026 (bal 16.0) · Oct 2026 (bal 20.0),0.0,4.0,20,20.0,16.0,4.0,16.0,36.0,"shows 20 min, should be 16 (overstated by 4 — 4 earlier-month min not carried forward)","🚩 Balance not carried forward — shows 20, should be 16 (overstated +4)",OK - CALCULATED
15924307,24355664461,Convo Now,live,Convo Now: Access Complimentary,22917141515,2026-09-21,2026-10-21,30.0,30 days,Calculated 30-day,2.0,2,"Sep 2026, Oct 2026",Sep 2026 (bal 5.0) · Oct 2026 (bal 16.0),0.0,19.0,20,16.0,1.0,15.0,1.0,21.0,"shows 16 min, should be 1 (overstated by 15 — 15 earlier-month min not carried forward)","🚩 Balance not carried forward — shows 16, should be 1 (overstated +15)",OK - CALCULATED
59465042,24356013428,Convo Now,live,Convo Now: Access Complimentary,22914535830,2026-09-25,2026-10-25,30.0,30 days,Calculated 30-day,2.0,2,"Sep 2026, Oct 2026",Sep 2026 (bal -12.0) · Oct 2026 (bal 20.0),0.0,32.0,20,20.0,0.0,20.0,0.0,8.0,"shows 20 min, should be 0 (overstated by 20 — 32 earlier-month min not carried forward)","🚩 Balance not carried forward — shows 20, should be 0 (overstated +20)",OK - CALCULATED
82863949,24356015199,Convo Now,live,Convo Now: Access Complimentary,22964193140,2026-09-21,2026-10-21,30.0,30 days,Calculated 30-day,2.0,2,"Sep 2026, Oct 2026",Sep 2026 (bal 14.0) · Oct 2026 (bal 15.0),0.0,11.0,20,15.0,9.0,6.0,9.0,29.0,"shows 15 min, should be 9 (overstated by 6 — 6 earlier-month min not carried forward)","🚩 Balance not carried forward — shows 15, should be 9 (overstated +6)",OK - CALCULATED
94976075,24356015203,Convo Now,live,Convo Now: Access Complimentary,22916619547,2026-09-21,2026-10-21,30.0,30 days,Calculated 30-day,2.0,2,"Sep 2026, Oct 2026",Sep 2026 (bal -74.0) · Oct 2026 (bal 20.0),0.0,94.0,20,20.0,0.0,20.0,0.0,-54.0,"shows 20 min, should be 0 (overstated by 20 — 94 earlier-month min not carried forward)","🚩 Balance not carried forward — shows 20, should be 0 (overstated +20)",OK - CALCULATED
94468167,24356015285,Convo Now,live,Convo Now: Access Complimentary,22910085640,2026-09-28,2026-10-28,30.0,30 days,Calculated 30-day,2.0,2,"Sep 2026, Oct 2026",Sep 2026 (bal -3.0) · Oct 2026 (bal 20.0),0.0,23.0,20,20.0,0.0,20.0,0.0,17.0,"shows 20 min, should be 0 (overstated by 20 — 23 earlier-month min not carried forward)","🚩 Balance not carried forward — shows 20, should be 0 (overstated +20)",OK - CALCULATED
37893719,24356169544,Convo Now,live,Convo Now: Access Complimentary,22906541185,2026-09-27,2026-10-27,30.0,30 days,Calculated 30-day,2.0,2,"Sep 2026, Oct 2026",Sep 2026 (bal 2.0) · Oct 2026 (bal 20.0),0.0,18.0,20,20.0,2.0,18.0,2.0,22.0,"shows 20 min, should be 2 (overstated by 18 — 18 earlier-month min not carried forward)","🚩 Balance not carried forward — shows 20, should be 2 (overstated +18)",OK - CALCULATED
52349602,24356169886,Convo Now,live,Convo Now: Access Complimentary,22908068789,2026-09-22,2026-10-22,30.0,30 days,Calculated 30-day,2.0,2,"Sep 2026, Oct 2026",Sep 2026 (bal -14.0) · Oct 2026 (bal 20.0),0.0,34.0,20,20.0,0.0,20.0,0.0,6.0,"shows 20 min, should be 0 (overstated by 20 — 34 earlier-month min not carried forward)","🚩 Balance not carried forward — shows 20, should be 0 (overstated +20)",OK - CALCULATED
86480446,24356170865,Convo Now,live,Convo Now: Access Complimentary,22910133539,2026-09-26,2026-10-26,30.0,30 days,Calculated 30-day,2.0,2,"Sep 2026, Oct 2026",Sep 2026 (bal 10.0) · Oct 2026 (bal 20.0),0.0,10.0,20,20.0,10.0,10.0,10.0,30.0,"shows 20 min, should be 10 (overstated by 10 — 10 earlier-month min not carried forward)","🚩 Balance not carried forward — shows 20, should be 10 (overstated +10)",OK - CALCULATED
66282647,24356170869,Convo Now,live,Convo Now: Access Complimentary,23284618006,2026-09-21,2026-10-21,30.0,30 days,Calculated 30-day,2.0,2,"Sep 2026, Oct 2026",Sep 2026 (bal 11.0) · Oct 2026 (bal 20.0),0.0,9.0,20,20.0,11.0,9.0,11.0,31.0,"shows 20 min, should be 11 (overstated by 9 — 9 earlier-month min not carried forward)","🚩 Balance not carried forward — shows 20, should be 11 (overstated +9)",OK - CALCULATED
12171624,24356171156,Convo Now,live,Convo Now: Access Complimentary,22906945894,2026-09-21,2026-10-21,30.0,30 days,Calculated 30-day,2.0,2,"Sep 2026, Oct 2026",Sep 2026 (bal 5.0) · Oct 2026 (bal 12.0),0.0,23.0,20,12.0,0.0,12.0,0.0,17.0,"shows 12 min, should be 0 (overstated by 12 — 15 earlier-month min not carried forward)","🚩 Balance not carried forward — shows 12, should be 0 (overstated +12)",OK - CALCULATED
22627870,24356188328,Convo Now,live,Convo Now: Access Complimentary,22915664259,2026-09-30,2026-10-30,30.0,30 days,Calculated 30-day,2.0,2,"Sep 2026, Oct 2026",Sep 2026 (bal 15.0) · Oct 2026 (bal 20.0),0.0,5.0,20,20.0,15.0,5.0,15.0,35.0,"shows 20 min, should be 15 (overstated by 5 — 5 earlier-month min not carried forward)","🚩 Balance not carried forward — shows 20, should be 15 (overstated +5)",OK - CALCULATED
28562118,24356188797,Convo Now,live,Convo Now: Access Complimentary,22917230752,2026-09-24,2026-10-24,30.0,30 days,Calculated 30-day,2.0,2,"Sep 2026, Oct 2026",Sep 2026 (bal 4.0) · Oct 2026 (bal 20.0),0.0,16.0,20,20.0,4.0,16.0,4.0,24.0,"shows 20 min, should be 4 (overstated by 16 — 16 earlier-month min not carried forward)","🚩 Balance not carried forward — shows 20, should be 4 (overstated +16)",OK - CALCULATED
48108488,24356189090,Convo Now,live,Convo Now: Access Complimentary,22916870290,2026-09-21,2026-10-21,30.0,30 days,Calculated 30-day,2.0,2,"Sep 2026, Oct 2026",Sep 2026 (bal 3.0) · Oct 2026 (bal 12.0),0.0,25.0,20,12.0,0.0,12.0,0.0,15.0,"shows 12 min, should be 0 (overstated by 12 — 17 earlier-month min not carried forward)","🚩 Balance not carried forward — shows 12, should be 0 (overstated +12)",OK - CALCULATED
62894081,24356189111,Convo Now,live,Convo Now: Access Complimentary,22906664355,2026-09-26,2026-10-26,30.0,30 days,Calculated 30-day,2.0,2,"Sep 2026, Oct 2026",Sep 2026 (bal 11.0) · Oct 2026 (bal 8.0),0.0,21.0,20,8.0,0.0,8.0,0.0,19.0,"shows 8 min, should be 0 (overstated by 8 — 9 earlier-month min not carried forward)","🚩 Balance not carried forward — shows 8, should be 0 (overstated +8)",OK - CALCULATED
27344159,24356633694,Convo Now,live,Convo Now: Access Complimentary,22884059730,2026-09-10,2026-10-10,30.0,30 days,Calculated 30-day,2.0,2,"Sep 2026, Oct 2026",Sep 2026 (bal -24.0) · Oct 2026 (bal 20.0),0.0,44.0,20,20.0,0.0,20.0,0.0,-4.0,"shows 20 min, should be 0 (overstated by 20 — 44 earlier-month min not carried forward)","🚩 Balance not carried forward — shows 20, should be 0 (overstated +20)",OK - CALCULATED
85849653,24356633781,Convo Now,live,Convo Now: Access Complimentary,22913888274,2026-09-22,2026-10-22,30.0,30 days,Calculated 30-day,2.0,2,"Sep 2026, Oct 2026",Sep 2026 (bal 3.0) · Oct 2026 (bal 20.0),0.0,17.0,20,20.0,3.0,17.0,3.0,23.0,"shows 20 min, should be 3 (overstated by 17 — 17 earlier-month min not carried forward)","🚩 Balance not carried forward — shows 20, should be 3 (overstated +17)",OK - CALCULATED
74581221,24356635245,Convo Now,live,Convo Now: Access Complimentary,22917219113,2026-09-21,2026-10-21,30.0,30 days,Calculated 30-day,2.0,2,"Sep 2026, Oct 2026",Sep 2026 (bal 16.0) · Oct 2026 (bal 20.0),0.0,4.0,20,20.0,16.0,4.0,16.0,36.0,"shows 20 min, should be 16 (overstated by 4 — 4 earlier-month min not carried forward)","🚩 Balance not carried forward — shows 20, should be 16 (overstated +4)",OK - CALCULATED
66887355,24356635246,Convo Now,live,Convo Now: Access Complimentary,22916574380,2026-09-21,2026-10-21,30.0,30 days,Calculated 30-day,2.0,2,"Sep 2026, Oct 2026",Sep 2026 (bal 6.0) · Oct 2026 (bal 20.0),0.0,14.0,20,20.0,6.0,14.0,6.0,26.0,"shows 20 min, should be 6 (overstated by 14 — 14 earlier-month min not carried forward)","🚩 Balance not carried forward — shows 20, should be 6 (overstated +14)",OK - CALCULATED
77293442,24356635703,Convo Now,live,Convo Now: Access Complimentary,22906532387,2026-09-21,2026-10-21,30.0,30 days,Calculated 30-day,2.0,2,"Sep 2026, Oct 2026",Sep 2026 (bal 8.0) · Oct 2026 (bal 20.0),0.0,12.0,20,20.0,8.0,12.0,8.0,28.0,"shows 20 min, should be 8 (overstated by 12 — 12 earlier-month min not carried forward)","🚩 Balance not carried forward — shows 20, should be 8 (overstated +12)",OK - CALCULATED
93468466,24356635910,Convo Now,live,Convo Now: Access Complimentary,22906071640,2026-09-30,2026-10-30,30.0,30 days,Calculated 30-day,2.0,2,"Sep 2026, Oct 2026",Sep 2026 (bal 2.0) · Oct 2026 (bal 20.0),0.0,18.0,20,20.0,2.0,18.0,2.0,22.0,"shows 20 min, should be 2 (overstated by 18 — 18 earlier-month min not carried forward)","🚩 Balance not carried forward — shows 20, should be 2 (overstated +18)",OK - CALCULATED
85093780,24356654995,Convo Now,live,Convo Now: Access Complimentary,22917141576,2026-09-21,2026-10-21,30.0,30 days,Calculated 30-day,2.0,2,"Sep 2026, Oct 2026",Sep 2026 (bal 5.0) · Oct 2026 (bal 10.0),0.0,25.0,20,10.0,0.0,10.0,0.0,15.0,"shows 10 min, should be 0 (overstated by 10 — 15 earlier-month min not carried forward)","🚩 Balance not carried forward — shows 10, should be 0 (overstated +10)",OK - CALCULATED
94378039,24356655167,Convo Now,live,Convo Now: Access Complimentary,22906541194,2026-09-26,2026-10-26,30.0,30 days,Calculated 30-day,2.0,2,"Sep 2026, Oct 2026",Sep 2026 (bal 9.0) · Oct 2026 (bal 20.0),0.0,11.0,20,20.0,9.0,11.0,9.0,29.0,"shows 20 min, should be 9 (overstated by 11 — 11 earlier-month min not carried forward)","🚩 Balance not carried forward — shows 20, should be 9 (overstated +11)",OK - CALCULATED
37992406,24356655184,Convo Now,live,Convo Now: Access Complimentary,22918835214,2026-09-21,2026-10-21,30.0,30 days,Calculated 30-day,2.0,2,"Sep 2026, Oct 2026",Sep 2026 (bal 17.0) · Oct 2026 (bal 20.0),0.0,3.0,20,20.0,17.0,3.0,17.0,37.0,"shows 20 min, should be 17 (overstated by 3 — 3 earlier-month min not carried forward)","🚩 Balance not carried forward — shows 20, should be 17 (overstated +3)",OK - CALCULATED
97357022,24356655189,Convo Now,live,Convo Now: Access Complimentary,22908885260,2026-09-14,2026-10-14,30.0,30 days,Calculated 30-day,2.0,2,"Sep 2026, Oct 2026",Sep 2026 (bal -27.0) · Oct 2026 (bal 20.0),0.0,47.0,20,20.0,0.0,20.0,0.0,-7.0,"shows 20 min, should be 0 (overstated by 20 — 47 earlier-month min not carried forward)","🚩 Balance not carried forward — shows 20, should be 0 (overstated +20)",OK - CALCULATED
68340966,24356655423,Convo Now,live,Convo Now: Access Complimentary,22964193146,2026-09-21,2026-10-21,30.0,30 days,Calculated 30-day,2.0,2,"Sep 2026, Oct 2026",Sep 2026 (bal 15.0) · Oct 2026 (bal 20.0),0.0,5.0,20,20.0,15.0,5.0,15.0,35.0,"shows 20 min, should be 15 (overstated by 5 — 5 earlier-month min not carried forward)","🚩 Balance not carried forward — shows 20, should be 15 (overstated +5)",OK - CALCULATED
37072834,24356655433,Convo Now,live,Convo Now: Access Complimentary,22916870295,2026-09-21,2026-10-21,30.0,30 days,Calculated 30-day,2.0,2,"Sep 2026, Oct 2026",Sep 2026 (bal 0.0) · Oct 2026 (bal 20.0),0.0,20.0,20,20.0,0.0,20.0,0.0,20.0,"shows 20 min, should be 0 (overstated by 20 — 20 earlier-month min not carried forward)","🚩 Balance not carried forward — shows 20, should be 0 (overstated +20)",OK - CALCULATED
21977457,24356942463,Convo Now,live,Convo Now: Access Complimentary,22917929340,2026-09-21,2026-10-21,30.0,30 days,Calculated 30-day,2.0,2,"Sep 2026, Oct 2026",Sep 2026 (bal 9.0) · Oct 2026 (bal 20.0),0.0,11.0,20,20.0,9.0,11.0,9.0,29.0,"shows 20 min, should be 9 (overstated by 11 — 11 earlier-month min not carried forward)","🚩 Balance not carried forward — shows 20, should be 9 (overstated +11)",OK - CALCULATED
72665332,24356942512,Convo Now,live,Convo Now: Access Complimentary,22906639228,2026-09-28,2026-10-28,30.0,30 days,Calculated 30-day,2.0,2,"Sep 2026, Oct 2026",Sep 2026 (bal 19.0) · Oct 2026 (bal 20.0),0.0,1.0,20,20.0,19.0,1.0,19.0,39.0,"shows 20 min, should be 19 (overstated by 1 — 1 earlier-month min not carried forward)","🚩 Balance not carried forward — shows 20, should be 19 (overstated +1)",OK - CALCULATED
25276590,24356943274,Convo Now,live,Convo Now: Access Complimentary,22906445429,2026-09-21,2026-10-21,30.0,30 days,Calculated 30-day,2.0,2,"Sep 2026, Oct 2026",Sep 2026 (bal 2.0) · Oct 2026 (bal 20.0),0.0,18.0,20,20.0,2.0,18.0,2.0,22.0,"shows 20 min, should be 2 (overstated by 18 — 18 earlier-month min not carried forward)","🚩 Balance not carried forward — shows 20, should be 2 (overstated +18)",OK - CALCULATED
33021023,24356943368,Convo Now,live,Convo Now: Access Complimentary,22906640793,2026-09-30,2026-10-30,30.0,30 days,Calculated 30-day,2.0,2,"Sep 2026, Oct 2026",Sep 2026 (bal -7.0) · Oct 2026 (bal 15.0),0.0,32.0,20,15.0,0.0,15.0,0.0,8.0,"shows 15 min, should be 0 (overstated by 15 — 27 earlier-month min not carried forward)","🚩 Balance not carried forward — shows 15, should be 0 (overstated +15)",OK - CALCULATED
45621854,24356943472,Convo Now,live,Convo Now: Access Complimentary,22919401338,2026-09-21,2026-10-21,30.0,30 days,Calculated 30-day,2.0,2,"Sep 2026, Oct 2026",Sep 2026 (bal 10.0) · Oct 2026 (bal 20.0),0.0,10.0,20,20.0,10.0,10.0,10.0,30.0,"shows 20 min, should be 10 (overstated by 10 — 10 earlier-month min not carried forward)","🚩 Balance not carried forward — shows 20, should be 10 (overstated +10)",OK - CALCULATED
54095341,24356943618,Convo Now,live,Convo Now: Access Complimentary,22919072531,2026-09-21,2026-10-21,30.0,30 days,Calculated 30-day,2.0,2,"Sep 2026, Oct 2026",Sep 2026 (bal 3.0) · Oct 2026 (bal 20.0),0.0,17.0,20,20.0,3.0,17.0,3.0,23.0,"shows 20 min, should be 3 (overstated by 17 — 17 earlier-month min not carried forward)","🚩 Balance not carried forward — shows 20, should be 3 (overstated +17)",OK - CALCULATED
75594130,24356943624,Convo Now,live,Convo Now: Access Complimentary,22906664348,2026-09-27,2026-10-27,30.0,30 days,Calculated 30-day,2.0,2,"Sep 2026, Oct 2026",Sep 2026 (bal 17.0) · Oct 2026 (bal 20.0),0.0,3.0,20,20.0,17.0,3.0,17.0,37.0,"shows 20 min, should be 17 (overstated by 3 — 3 earlier-month min not carried forward)","🚩 Balance not carried forward — shows 20, should be 17 (overstated +3)",OK - CALCULATED
15392636,24356944184,Convo Now,live,Convo Now: Access Complimentary,22914402451,2026-09-15,2026-10-15,30.0,30 days,Calculated 30-day,2.0,2,"Sep 2026, Oct 2026",Sep 2026 (bal 1.0) · Oct 2026 (bal 20.0),0.0,19.0,20,20.0,1.0,19.0,1.0,21.0,"shows 20 min, should be 1 (overstated by 19 — 19 earlier-month min not carried forward)","🚩 Balance not carried forward — shows 20, should be 1 (overstated +19)",OK - CALCULATED
81904989,24356944241,Convo Now,live,Convo Now: Access Complimentary,22907620425,2026-09-23,2026-10-23,30.0,30 days,Calculated 30-day,2.0,2,"Sep 2026, Oct 2026",Sep 2026 (bal 18.0) · Oct 2026 (bal 20.0),0.0,2.0,20,20.0,18.0,2.0,18.0,38.0,"shows 20 min, should be 18 (overstated by 2 — 2 earlier-month min not carried forward)","🚩 Balance not carried forward — shows 20, should be 18 (overstated +2)",OK - CALCULATED
56556699,24356944387,Convo Now,live,Convo Now: Access Complimentary,22913732511,2026-09-27,2026-10-27,30.0,30 days,Calculated 30-day,2.0,2,"Sep 2026, Oct 2026",Sep 2026 (bal 10.0) · Oct 2026 (bal 17.0),0.0,13.0,20,17.0,7.0,10.0,7.0,27.0,"shows 17 min, should be 7 (overstated by 10 — 10 earlier-month min not carried forward)","🚩 Balance not carried forward — shows 17, should be 7 (overstated +10)",OK - CALCULATED
73076445,24356944998,Convo Now,live,Convo Now: Access Complimentary,22915206489,2026-09-12,2026-10-12,30.0,30 days,Calculated 30-day,2.0,2,"Sep 2026, Oct 2026",Sep 2026 (bal 9.0) · Oct 2026 (bal 20.0),0.0,11.0,20,20.0,9.0,11.0,9.0,29.0,"shows 20 min, should be 9 (overstated by 11 — 11 earlier-month min not carried forward)","🚩 Balance not carried forward — shows 20, should be 9 (overstated +11)",OK - CALCULATED
47892433,24356945003,Convo Now,live,Convo Now: Access Complimentary,22906639231,2026-09-22,2026-10-22,30.0,30 days,Calculated 30-day,2.0,2,"Sep 2026, Oct 2026",Sep 2026 (bal 3.0) · Oct 2026 (bal 20.0),0.0,17.0,20,20.0,3.0,17.0,3.0,23.0,"shows 20 min, should be 3 (overstated by 17 — 17 earlier-month min not carried forward)","🚩 Balance not carried forward — shows 20, should be 3 (overstated +17)",OK - CALCULATED
68851151,24356945043,Convo Now,live,Convo Now: Access Complimentary,22914080554,2026-09-17,2026-10-17,30.0,30 days,Calculated 30-day,2.0,2,"Sep 2026, Oct 2026",Sep 2026 (bal -13.0) · Oct 2026 (bal 20.0),0.0,33.0,20,20.0,0.0,20.0,0.0,7.0,"shows 20 min, should be 0 (overstated by 20 — 33 earlier-month min not carried forward)","🚩 Balance not carried forward — shows 20, should be 0 (overstated +20)",OK - CALCULATED
20752353,24356963362,Convo Now,live,Convo Now: Access Complimentary,22906445423,2026-09-21,2026-10-21,30.0,30 days,Calculated 30-day,2.0,2,"Sep 2026, Oct 2026",Sep 2026 (bal 13.0) · Oct 2026 (bal 20.0),0.0,7.0,20,20.0,13.0,7.0,13.0,33.0,"shows 20 min, should be 13 (overstated by 7 — 7 earlier-month min not carried forward)","🚩 Balance not carried forward — shows 20, should be 13 (overstated +7)",OK - CALCULATED
38722680,24356963427,Convo Now,live,Convo Now: Access Complimentary,22908461453,2026-09-07,2026-10-07,30.0,30 days,Calculated 30-day,2.0,2,"Sep 2026, Oct 2026",Sep 2026 (bal 16.0) · Oct 2026 (bal 20.0),0.0,4.0,20,20.0,16.0,4.0,16.0,36.0,"shows 20 min, should be 16 (overstated by 4 — 4 earlier-month min not carried forward)","🚩 Balance not carried forward — shows 20, should be 16 (overstated +4)",OK - CALCULATED
65024087,24356963457,Convo Now,live,Convo Now: Access Complimentary,22917275820,2026-09-21,2026-10-21,30.0,30 days,Calculated 30-day,2.0,2,"Sep 2026, Oct 2026",Sep 2026 (bal 14.0) · Oct 2026 (bal 20.0),0.0,6.0,20,20.0,14.0,6.0,14.0,34.0,"shows 20 min, should be 14 (overstated by 6 — 6 earlier-month min not carried forward)","🚩 Balance not carried forward — shows 20, should be 14 (overstated +6)",OK - CALCULATED
19547209,24356963485,Convo Now,live,Convo Now: Access Complimentary,22917352477,2026-09-21,2026-10-21,30.0,30 days,Calculated 30-day,2.0,2,"Sep 2026, Oct 2026",Sep 2026 (bal 4.0) · Oct 2026 (bal 20.0),0.0,16.0,20,20.0,4.0,16.0,4.0,24.0,"shows 20 min, should be 4 (overstated by 16 — 16 earlier-month min not carried forward)","🚩 Balance not carried forward — shows 20, should be 4 (overstated +16)",OK - CALCULATED
58328464,24356963490,Convo Now,live,Convo Now: Access Complimentary,22919401329,2026-09-21,2026-10-21,30.0,30 days,Calculated 30-day,2.0,2,"Sep 2026, Oct 2026",Sep 2026 (bal -36.0) · Oct 2026 (bal 20.0),0.0,56.0,20,20.0,0.0,20.0,0.0,-16.0,"shows 20 min, should be 0 (overstated by 20 — 56 earlier-month min not carried forward)","🚩 Balance not carried forward — shows 20, should be 0 (overstated +20)",OK - CALCULATED
17005901,24356963598,Convo Now,live,Convo Now: Access Complimentary,22916740202,2026-09-21,2026-10-21,30.0,30 days,Calculated 30-day,2.0,2,"Sep 2026, Oct 2026",Sep 2026 (bal -8.0) · Oct 2026 (bal 20.0),0.0,28.0,20,20.0,0.0,20.0,0.0,12.0,"shows 20 min, should be 0 (overstated by 20 — 28 earlier-month min not carried forward)","🚩 Balance not carried forward — shows 20, should be 0 (overstated +20)",OK - CALCULATED
43770121,24357405023,Convo Now,live,Convo Now: Access Complimentary,22917218197,2026-07-23,2026-08-22,30.0,30 days,Calculated 30-day,2.0,2,"Jul 2026, Aug 2026",Jul 2026 (bal 11.0) · Aug 2026 (bal 20.0),0.0,9.0,20,20.0,11.0,9.0,11.0,31.0,"shows 20 min, should be 11 (overstated by 9 — 9 earlier-month min not carried forward)","🚩 Balance not carried forward — shows 20, should be 11 (overstated +9)",OK - CALCULATED
54041779,24357406984,Convo Now,live,Convo Now: Access Complimentary,22916621860,2026-09-21,2026-10-21,30.0,30 days,Calculated 30-day,2.0,2,"Sep 2026, Oct 2026",Sep 2026 (bal 1.0) · Oct 2026 (bal 20.0),0.0,19.0,20,20.0,1.0,19.0,1.0,21.0,"shows 20 min, should be 1 (overstated by 19 — 19 earlier-month min not carried forward)","🚩 Balance not carried forward — shows 20, should be 1 (overstated +19)",OK - CALCULATED
49508963,24357407146,Convo Now,live,Convo Now: Access Complimentary,22917723436,2026-09-21,2026-10-21,30.0,30 days,Calculated 30-day,2.0,2,"Sep 2026, Oct 2026",Sep 2026 (bal 5.0) · Oct 2026 (bal 20.0),0.0,15.0,20,20.0,5.0,15.0,5.0,25.0,"shows 20 min, should be 5 (overstated by 15 — 15 earlier-month min not carried forward)","🚩 Balance not carried forward — shows 20, should be 5 (overstated +15)",OK - CALCULATED
87652849,24357407238,Convo Now,live,Convo Now: Access Complimentary,22908074060,2026-09-17,2026-10-17,30.0,30 days,Calculated 30-day,2.0,2,"Sep 2026, Oct 2026",Sep 2026 (bal 18.0) · Oct 2026 (bal 20.0),0.0,2.0,20,20.0,18.0,2.0,18.0,38.0,"shows 20 min, should be 18 (overstated by 2 — 2 earlier-month min not carried forward)","🚩 Balance not carried forward — shows 20, should be 18 (overstated +2)",OK - CALCULATED
79632273,24357407331,Convo Now,live,Convo Now: Access Complimentary,22919072571,2026-09-21,2026-10-21,30.0,30 days,Calculated 30-day,2.0,2,"Sep 2026, Oct 2026",Sep 2026 (bal 3.0) · Oct 2026 (bal 20.0),0.0,17.0,20,20.0,3.0,17.0,3.0,23.0,"shows 20 min, should be 3 (overstated by 17 — 17 earlier-month min not carried forward)","🚩 Balance not carried forward — shows 20, should be 3 (overstated +17)",OK - CALCULATED
28983747,24357427206,Convo Now,live,Convo Now: Access Complimentary,22911371413,2026-09-21,2026-10-21,30.0,30 days,Calculated 30-day,2.0,2,"Sep 2026, Oct 2026",Sep 2026 (bal 12.0) · Oct 2026 (bal 20.0),0.0,8.0,20,20.0,12.0,8.0,12.0,32.0,"shows 20 min, should be 12 (overstated by 8 — 8 earlier-month min not carried forward)","🚩 Balance not carried forward — shows 20, should be 12 (overstated +8)",OK - CALCULATED
93762648,24357427268,Convo Now,live,Convo Now: Access Complimentary,22906569789,2026-09-07,2026-10-07,30.0,30 days,Calculated 30-day,2.0,2,"Sep 2026, Oct 2026",Sep 2026 (bal 12.0) · Oct 2026 (bal 20.0),0.0,8.0,20,20.0,12.0,8.0,12.0,32.0,"shows 20 min, should be 12 (overstated by 8 — 8 earlier-month min not carried forward)","🚩 Balance not carried forward — shows 20, should be 12 (overstated +8)",OK - CALCULATED
99902506,24357427321,Convo Now,live,Convo Now: Access Complimentary,22916740209,2026-09-21,2026-10-21,30.0,30 days,Calculated 30-day,2.0,2,"Sep 2026, Oct 2026",Sep 2026 (bal 9.0) · Oct 2026 (bal 20.0),0.0,11.0,20,20.0,9.0,11.0,9.0,29.0,"shows 20 min, should be 9 (overstated by 11 — 11 earlier-month min not carried forward)","🚩 Balance not carried forward — shows 20, should be 9 (overstated +11)",OK - CALCULATED
43800785,24357427474,Convo Now,live,Convo Now: Access Complimentary,22906541219,2026-09-25,2026-10-25,30.0,30 days,Calculated 30-day,2.0,2,"Sep 2026, Oct 2026",Sep 2026 (bal 17.0) · Oct 2026 (bal 20.0),0.0,3.0,20,20.0,17.0,3.0,17.0,37.0,"shows 20 min, should be 17 (overstated by 3 — 3 earlier-month min not carried forward)","🚩 Balance not carried forward — shows 20, should be 17 (overstated +3)",OK - CALCULATED
96764338,24361986185,Convo Now,live,Convo Now: Access Complimentary,22906945970,2026-09-21,2026-10-21,30.0,30 days,Calculated 30-day,2.0,2,"Sep 2026, Oct 2026",Sep 2026 (bal 2.0) · Oct 2026 (bal 20.0),0.0,18.0,20,20.0,2.0,18.0,2.0,22.0,"shows 20 min, should be 2 (overstated by 18 — 18 earlier-month min not carried forward)","🚩 Balance not carried forward — shows 20, should be 2 (overstated +18)",OK - CALCULATED
93767735,24361986316,Convo Now,live,Convo Now: Access Complimentary,22919072536,2026-09-21,2026-10-21,30.0,30 days,Calculated 30-day,2.0,2,"Sep 2026, Oct 2026",Sep 2026 (bal 0.0) · Oct 2026 (bal 12.0),0.0,28.0,20,12.0,0.0,12.0,0.0,12.0,"shows 12 min, should be 0 (overstated by 12 — 20 earlier-month min not carried forward)","🚩 Balance not carried forward — shows 12, should be 0 (overstated +12)",OK - CALCULATED
84931289,24361987383,Convo Now,live,Convo Now: Access Complimentary,22919072532,2026-09-21,2026-10-21,30.0,30 days,Calculated 30-day,2.0,2,"Sep 2026, Oct 2026",Sep 2026 (bal -36.0) · Oct 2026 (bal 20.0),0.0,56.0,20,20.0,0.0,20.0,0.0,-16.0,"shows 20 min, should be 0 (overstated by 20 — 56 earlier-month min not carried forward)","🚩 Balance not carried forward — shows 20, should be 0 (overstated +20)",OK - CALCULATED
13357652,24361987699,Convo Now,live,Convo Now: Access Complimentary,22916512899,2026-09-10,2026-10-10,30.0,30 days,Calculated 30-day,2.0,2,"Sep 2026, Oct 2026",Sep 2026 (bal 17.0) · Oct 2026 (bal 20.0),0.0,3.0,20,20.0,17.0,3.0,17.0,37.0,"shows 20 min, should be 17 (overstated by 3 — 3 earlier-month min not carried forward)","🚩 Balance not carried forward — shows 20, should be 17 (overstated +3)",OK - CALCULATED
40483820,24361987966,Convo Now,live,Convo Now: Access Complimentary,22906541216,2026-09-26,2026-10-26,30.0,30 days,Calculated 30-day,2.0,2,"Sep 2026, Oct 2026",Sep 2026 (bal 16.0) · Oct 2026 (bal 20.0),0.0,4.0,20,20.0,16.0,4.0,16.0,36.0,"shows 20 min, should be 16 (overstated by 4 — 4 earlier-month min not carried forward)","🚩 Balance not carried forward — shows 20, should be 16 (overstated +4)",OK - CALCULATED
17351083,24361988728,Convo Now,live,Convo Now: Access Complimentary,22917929376,2026-09-21,2026-10-21,30.0,30 days,Calculated 30-day,2.0,2,"Sep 2026, Oct 2026",Sep 2026 (bal 8.0) · Oct 2026 (bal 20.0),0.0,12.0,20,20.0,8.0,12.0,8.0,28.0,"shows 20 min, should be 8 (overstated by 12 — 12 earlier-month min not carried forward)","🚩 Balance not carried forward — shows 20, should be 8 (overstated +12)",OK - CALCULATED
45735250,24362006408,Convo Now,live,Convo Now: Access Complimentary,22912521481,2026-09-22,2026-10-22,30.0,30 days,Calculated 30-day,2.0,2,"Sep 2026, Oct 2026",Sep 2026 (bal 14.0) · Oct 2026 (bal 20.0),0.0,6.0,20,20.0,14.0,6.0,14.0,34.0,"shows 20 min, should be 14 (overstated by 6 — 6 earlier-month min not carried forward)","🚩 Balance not carried forward — shows 20, should be 14 (overstated +6)",OK - CALCULATED
64896434,24362006410,Convo Now,live,Convo Now: Access Complimentary,22917230762,2026-09-24,2026-10-24,30.0,30 days,Calculated 30-day,2.0,2,"Sep 2026, Oct 2026",Sep 2026 (bal -45.0) · Oct 2026 (bal 20.0),0.0,65.0,20,20.0,0.0,20.0,0.0,-25.0,"shows 20 min, should be 0 (overstated by 20 — 65 earlier-month min not carried forward)","🚩 Balance not carried forward — shows 20, should be 0 (overstated +20)",OK - CALCULATED
87476930,24362888466,Convo Now,live,Convo Now: Access Complimentary,22916512898,2026-09-13,2026-10-13,30.0,30 days,Calculated 30-day,2.0,2,"Sep 2026, Oct 2026",Sep 2026 (bal -5.0) · Oct 2026 (bal 18.0),0.0,27.0,20,18.0,0.0,18.0,0.0,13.0,"shows 18 min, should be 0 (overstated by 18 — 25 earlier-month min not carried forward)","🚩 Balance not carried forward — shows 18, should be 0 (overstated +18)",OK - CALCULATED
64638162,24362888530,Convo Now,live,Convo Now: Access Complimentary,22908464222,2026-09-21,2026-10-21,30.0,30 days,Calculated 30-day,2.0,2,"Sep 2026, Oct 2026",Sep 2026 (bal 8.0) · Oct 2026 (bal 20.0),0.0,12.0,20,20.0,8.0,12.0,8.0,28.0,"shows 20 min, should be 8 (overstated by 12 — 12 earlier-month min not carried forward)","🚩 Balance not carried forward — shows 20, should be 8 (overstated +12)",OK - CALCULATED
92033759,24362888716,Convo Now,live,Convo Now: Access Complimentary,22908464212,2026-09-21,2026-10-21,30.0,30 days,Calculated 30-day,2.0,2,"Sep 2026, Oct 2026",Sep 2026 (bal 7.0) · Oct 2026 (bal 20.0),0.0,13.0,20,20.0,7.0,13.0,7.0,27.0,"shows 20 min, should be 7 (overstated by 13 — 13 earlier-month min not carried forward)","🚩 Balance not carried forward — shows 20, should be 7 (overstated +13)",OK - CALCULATED
45601726,24362889218,Convo Now,live,Convo Now: Access Complimentary,22917219134,2026-09-21,2026-10-21,30.0,30 days,Calculated 30-day,2.0,2,"Sep 2026, Oct 2026",Sep 2026 (bal -21.0) · Oct 2026 (bal 20.0),0.0,41.0,20,20.0,0.0,20.0,0.0,-1.0,"shows 20 min, should be 0 (overstated by 20 — 41 earlier-month min not carried forward)","🚩 Balance not carried forward — shows 20, should be 0 (overstated +20)",OK - CALCULATED
72454953,24362889220,Convo Now,live,Convo Now: Access Complimentary,22917089856,2026-09-21,2026-10-21,30.0,30 days,Calculated 30-day,2.0,2,"Sep 2026, Oct 2026",Sep 2026 (bal -69.0) · Oct 2026 (bal 11.0),0.0,98.0,20,11.0,0.0,11.0,0.0,-58.0,"shows 11 min, should be 0 (overstated by 11 — 89 earlier-month min not carried forward)","🚩 Balance not carried forward — shows 11, should be 0 (overstated +11)",OK - CALCULATED
63417898,24362889498,Convo Now,live,Convo Now: Access Complimentary,22916740233,2026-08-22,2026-09-21,30.0,30 days,Calculated 30-day,2.0,2,"Aug 2026, Sep 2026",Aug 2026 (bal 1.0) · Sep 2026 (bal 13.0),0.0,26.0,20,13.0,0.0,13.0,0.0,14.0,"shows 13 min, should be 0 (overstated by 13 — 19 earlier-month min not carried forward)","🚩 Balance not carried forward — shows 13, should be 0 (overstated +13)",OK - CALCULATED
73596341,24362889547,Convo Now,live,Convo Now: Access Complimentary,22914080437,2026-09-16,2026-10-16,30.0,30 days,Calculated 30-day,2.0,2,"Sep 2026, Oct 2026",Sep 2026 (bal -30.0) · Oct 2026 (bal 17.0),0.0,53.0,20,17.0,0.0,17.0,0.0,-13.0,"shows 17 min, should be 0 (overstated by 17 — 50 earlier-month min not carried forward)","🚩 Balance not carried forward — shows 17, should be 0 (overstated +17)",OK - CALCULATED
81170345,24362889592,Convo Now,live,Convo Now: Access Complimentary,22917352461,2026-09-21,2026-10-21,30.0,30 days,Calculated 30-day,2.0,2,"Sep 2026, Oct 2026",Sep 2026 (bal -49.0) · Oct 2026 (bal 20.0),0.0,69.0,20,20.0,0.0,20.0,0.0,-29.0,"shows 20 min, should be 0 (overstated by 20 — 69 earlier-month min not carried forward)","🚩 Balance not carried forward — shows 20, should be 0 (overstated +20)",OK - CALCULATED
62055405,24362889828,Convo Now,live,Convo Now: Access Complimentary,22912725896,2026-09-19,2026-10-19,30.0,30 days,Calculated 30-day,2.0,2,"Sep 2026, Oct 2026",Sep 2026 (bal 15.0) · Oct 2026 (bal 20.0),0.0,5.0,20,20.0,15.0,5.0,15.0,35.0,"shows 20 min, should be 15 (overstated by 5 — 5 earlier-month min not carried forward)","🚩 Balance not carried forward — shows 20, should be 15 (overstated +5)",OK - CALCULATED
51201823,24362908461,Convo Now,live,Convo Now: Access Complimentary,22908464183,2026-09-21,2026-10-21,30.0,30 days,Calculated 30-day,2.0,2,"Sep 2026, Oct 2026",Sep 2026 (bal 15.0) · Oct 2026 (bal 20.0),0.0,5.0,20,20.0,15.0,5.0,15.0,35.0,"shows 20 min, should be 15 (overstated by 5 — 5 earlier-month min not carried forward)","🚩 Balance not carried forward — shows 20, should be 15 (overstated +5)",OK - CALCULATED
69748797,24362908467,Convo Now,live,Convo Now: Access Complimentary,23330041963,2026-09-22,2026-10-22,30.0,30 days,Calculated 30-day,2.0,2,"Sep 2026, Oct 2026",Sep 2026 (bal -43.0) · Oct 2026 (bal 20.0),0.0,63.0,20,20.0,0.0,20.0,0.0,-23.0,"shows 20 min, should be 0 (overstated by 20 — 63 earlier-month min not carried forward)","🚩 Balance not carried forward — shows 20, should be 0 (overstated +20)",OK - CALCULATED
67031067,24362908856,Convo Now,live,Convo Now: Access Complimentary,23376210961,2026-09-23,2026-10-23,30.0,30 days,Calculated 30-day,2.0,2,"Sep 2026, Oct 2026",Sep 2026 (bal -37.0) · Oct 2026 (bal 20.0),0.0,57.0,20,20.0,0.0,20.0,0.0,-17.0,"shows 20 min, should be 0 (overstated by 20 — 57 earlier-month min not carried forward)","🚩 Balance not carried forward — shows 20, should be 0 (overstated +20)",OK - CALCULATED
38355553,24362908944,Convo Now,live,Convo Now: Access Complimentary,22906664304,2026-09-27,2026-10-27,30.0,30 days,Calculated 30-day,2.0,2,"Sep 2026, Oct 2026",Sep 2026 (bal 12.0) · Oct 2026 (bal 13.0),0.0,15.0,20,13.0,5.0,8.0,5.0,25.0,"shows 13 min, should be 5 (overstated by 8 — 8 earlier-month min not carried forward)","🚩 Balance not carried forward — shows 13, should be 5 (overstated +8)",OK - CALCULATED
72334772,24362909193,Convo Now,live,Convo Now: Access Complimentary,22915664239,2026-09-29,2026-10-29,30.0,30 days,Calculated 30-day,2.0,2,"Sep 2026, Oct 2026",Sep 2026 (bal -2.0) · Oct 2026 (bal 20.0),0.0,22.0,20,20.0,0.0,20.0,0.0,18.0,"shows 20 min, should be 0 (overstated by 20 — 22 earlier-month min not carried forward)","🚩 Balance not carried forward — shows 20, should be 0 (overstated +20)",OK - CALCULATED
29623157,24362909195,Convo Now,live,Convo Now: Access Complimentary,22917275937,2026-09-21,2026-10-21,30.0,30 days,Calculated 30-day,2.0,2,"Sep 2026, Oct 2026",Sep 2026 (bal 16.0) · Oct 2026 (bal 20.0),0.0,4.0,20,20.0,16.0,4.0,16.0,36.0,"shows 20 min, should be 16 (overstated by 4 — 4 earlier-month min not carried forward)","🚩 Balance not carried forward — shows 20, should be 16 (overstated +4)",OK - CALCULATED
59112724,24364843620,Convo Now,live,Convo Now: Access Complimentary,22917141546,2026-09-21,2026-10-21,30.0,30 days,Calculated 30-day,2.0,2,"Sep 2026, Oct 2026",Sep 2026 (bal 11.0) · Oct 2026 (bal 18.0),0.0,11.0,20,18.0,9.0,9.0,9.0,29.0,"shows 18 min, should be 9 (overstated by 9 — 9 earlier-month min not carried forward)","🚩 Balance not carried forward — shows 18, should be 9 (overstated +9)",OK - CALCULATED
11272253,24364845094,Convo Now,live,Convo Now: Access Complimentary,22916513047,2026-09-09,2026-10-09,30.0,30 days,Calculated 30-day,2.0,2,"Sep 2026, Oct 2026",Sep 2026 (bal 11.0) · Oct 2026 (bal 20.0),0.0,9.0,20,20.0,11.0,9.0,11.0,31.0,"shows 20 min, should be 11 (overstated by 9 — 9 earlier-month min not carried forward)","🚩 Balance not carried forward — shows 20, should be 11 (overstated +9)",OK - CALCULATED
66463952,24365579866,Convo Now,live,Convo Now: Access Complimentary,22916513037,2026-09-09,2026-10-09,30.0,30 days,Calculated 30-day,2.0,2,"Sep 2026, Oct 2026",Sep 2026 (bal 3.0) · Oct 2026 (bal 18.0),0.0,19.0,20,18.0,1.0,17.0,1.0,21.0,"shows 18 min, should be 1 (overstated by 17 — 17 earlier-month min not carried forward)","🚩 Balance not carried forward — shows 18, should be 1 (overstated +17)",OK - CALCULATED
19659342,24365581428,Convo Now,live,Convo Now: Access Complimentary,22917218318,2026-09-21,2026-10-21,30.0,30 days,Calculated 30-day,2.0,2,"Sep 2026, Oct 2026",Sep 2026 (bal -18.0) · Oct 2026 (bal 20.0),0.0,38.0,20,20.0,0.0,20.0,0.0,2.0,"shows 20 min, should be 0 (overstated by 20 — 38 earlier-month min not carried forward)","🚩 Balance not carried forward — shows 20, should be 0 (overstated +20)",OK - CALCULATED
51670223,24365581435,Convo Now,live,Convo Now: Access Complimentary,22916871602,2026-09-21,2026-10-21,30.0,30 days,Calculated 30-day,2.0,2,"Sep 2026, Oct 2026",Sep 2026 (bal 1.0) · Oct 2026 (bal 19.0),0.0,20.0,20,19.0,0.0,19.0,0.0,20.0,"shows 19 min, should be 0 (overstated by 19 — 19 earlier-month min not carried forward)","🚩 Balance not carried forward — shows 19, should be 0 (overstated +19)",OK - CALCULATED
27053813,24365890187,Convo Now,live,Convo Now: Access Complimentary,22904357759,2026-09-29,2026-10-29,30.0,30 days,Calculated 30-day,2.0,2,"Sep 2026, Oct 2026",Sep 2026 (bal -112.0) · Oct 2026 (bal 20.0),0.0,132.0,20,20.0,0.0,20.0,0.0,-92.0,"shows 20 min, should be 0 (overstated by 20 — 132 earlier-month min not carried forward)","🚩 Balance not carried forward — shows 20, should be 0 (overstated +20)",OK - CALCULATED
30111242,24365890982,Convo Now,live,Convo Now: Access Complimentary,22917218325,2026-09-21,2026-10-21,30.0,30 days,Calculated 30-day,2.0,2,"Sep 2026, Oct 2026",Sep 2026 (bal 5.0) · Oct 2026 (bal 19.0),0.0,16.0,20,19.0,4.0,15.0,4.0,24.0,"shows 19 min, should be 4 (overstated by 15 — 15 earlier-month min not carried forward)","🚩 Balance not carried forward — shows 19, should be 4 (overstated +15)",OK - CALCULATED
56184833,24365891237,Convo Now,live,Convo Now: Access Complimentary,22918835115,2026-09-21,2026-10-21,30.0,30 days,Calculated 30-day,2.0,2,"Sep 2026, Oct 2026",Sep 2026 (bal -3.0) · Oct 2026 (bal 20.0),0.0,23.0,20,20.0,0.0,20.0,0.0,17.0,"shows 20 min, should be 0 (overstated by 20 — 23 earlier-month min not carried forward)","🚩 Balance not carried forward — shows 20, should be 0 (overstated +20)",OK - CALCULATED
79915489,24365891953,Convo Now,live,Convo Now: Access Complimentary,22914535812,2026-09-25,2026-10-25,30.0,30 days,Calculated 30-day,2.0,2,"Sep 2026, Oct 2026",Sep 2026 (bal 17.0) · Oct 2026 (bal 20.0),0.0,3.0,20,20.0,17.0,3.0,17.0,37.0,"shows 20 min, should be 17 (overstated by 3 — 3 earlier-month min not carried forward)","🚩 Balance not carried forward — shows 20, should be 17 (overstated +3)",OK - CALCULATED
69474098,24365909376,Convo Now,live,Convo Now: Access Complimentary,22964193105,2026-09-21,2026-10-21,30.0,30 days,Calculated 30-day,2.0,2,"Sep 2026, Oct 2026",Sep 2026 (bal -1.0) · Oct 2026 (bal 20.0),0.0,21.0,20,20.0,0.0,20.0,0.0,19.0,"shows 20 min, should be 0 (overstated by 20 — 21 earlier-month min not carried forward)","🚩 Balance not carried forward — shows 20, should be 0 (overstated +20)",OK - CALCULATED
67325922,24365909831,Convo Now,live,Convo Now: Access Complimentary,22917219136,2026-09-21,2026-10-21,30.0,30 days,Calculated 30-day,2.0,2,"Sep 2026, Oct 2026",Sep 2026 (bal 1.0) · Oct 2026 (bal 14.0),0.0,25.0,20,14.0,0.0,14.0,0.0,15.0,"shows 14 min, should be 0 (overstated by 14 — 19 earlier-month min not carried forward)","🚩 Balance not carried forward — shows 14, should be 0 (overstated +14)",OK - CALCULATED
41599276,24366043057,Convo Now,live,Convo Now: Access Complimentary,22917723430,2026-09-21,2026-10-21,30.0,30 days,Calculated 30-day,2.0,2,"Sep 2026, Oct 2026",Sep 2026 (bal 12.0) · Oct 2026 (bal 20.0),0.0,8.0,20,20.0,12.0,8.0,12.0,32.0,"shows 20 min, should be 12 (overstated by 8 — 8 earlier-month min not carried forward)","🚩 Balance not carried forward — shows 20, should be 12 (overstated +8)",OK - CALCULATED
23693410,24366043209,Convo Now,live,Convo Now: Access Complimentary,22906664350,2026-09-26,2026-10-26,30.0,30 days,Calculated 30-day,2.0,2,"Sep 2026, Oct 2026",Sep 2026 (bal -29.0) · Oct 2026 (bal 20.0),0.0,49.0,20,20.0,0.0,20.0,0.0,-9.0,"shows 20 min, should be 0 (overstated by 20 — 49 earlier-month min not carried forward)","🚩 Balance not carried forward — shows 20, should be 0 (overstated +20)",OK - CALCULATED
92404454,24366043798,Convo Now,live,Convo Now: Access Complimentary,22917929363,2026-09-21,2026-10-21,30.0,30 days,Calculated 30-day,2.0,2,"Sep 2026, Oct 2026",Sep 2026 (bal 10.0) · Oct 2026 (bal 20.0),0.0,10.0,20,20.0,10.0,10.0,10.0,30.0,"shows 20 min, should be 10 (overstated by 10 — 10 earlier-month min not carried forward)","🚩 Balance not carried forward — shows 20, should be 10 (overstated +10)",OK - CALCULATED
29196244,24366044089,Convo Now,live,Convo Now: Access Complimentary,22914402409,2026-09-14,2026-10-14,30.0,30 days,Calculated 30-day,2.0,2,"Sep 2026, Oct 2026",Sep 2026 (bal -13.0) · Oct 2026 (bal 20.0),0.0,33.0,20,20.0,0.0,20.0,0.0,7.0,"shows 20 min, should be 0 (overstated by 20 — 33 earlier-month min not carried forward)","🚩 Balance not carried forward — shows 20, should be 0 (overstated +20)",OK - CALCULATED
13779212,24366044444,Convo Now,live,Convo Now: Access Complimentary,22917309862,2026-09-21,2026-10-21,30.0,30 days,Calculated 30-day,2.0,2,"Sep 2026, Oct 2026",Sep 2026 (bal 18.0) · Oct 2026 (bal 20.0),0.0,2.0,20,20.0,18.0,2.0,18.0,38.0,"shows 20 min, should be 18 (overstated by 2 — 2 earlier-month min not carried forward)","🚩 Balance not carried forward — shows 20, should be 18 (overstated +2)",OK - CALCULATED
33293103,24366044686,Convo Now,live,Convo Now: Access Complimentary,22917723444,2026-09-21,2026-10-21,30.0,30 days,Calculated 30-day,2.0,2,"Sep 2026, Oct 2026",Sep 2026 (bal 4.0) · Oct 2026 (bal 20.0),0.0,16.0,20,20.0,4.0,16.0,4.0,24.0,"shows 20 min, should be 4 (overstated by 16 — 16 earlier-month min not carried forward)","🚩 Balance not carried forward — shows 20, should be 4 (overstated +16)",OK - CALCULATED
52147970,24366044688,Convo Now,live,Convo Now: Access Complimentary,22908317287,2026-09-16,2026-10-16,30.0,30 days,Calculated 30-day,2.0,2,"Sep 2026, Oct 2026",Sep 2026 (bal 12.0) · Oct 2026 (bal 20.0),0.0,8.0,20,20.0,12.0,8.0,12.0,32.0,"shows 20 min, should be 12 (overstated by 8 — 8 earlier-month min not carried forward)","🚩 Balance not carried forward — shows 20, should be 12 (overstated +8)",OK - CALCULATED
18683767,24366044733,Convo Now,live,Convo Now: Access Complimentary,22916574339,2026-09-21,2026-10-21,30.0,30 days,Calculated 30-day,2.0,2,"Sep 2026, Oct 2026",Sep 2026 (bal 19.0) · Oct 2026 (bal 20.0),0.0,1.0,20,20.0,19.0,1.0,19.0,39.0,"shows 20 min, should be 19 (overstated by 1 — 1 earlier-month min not carried forward)","🚩 Balance not carried forward — shows 20, should be 19 (overstated +1)",OK - CALCULATED
67717310,24366045070,Convo Now,live,Convo Now: Access Complimentary,22916871601,2026-09-21,2026-10-21,30.0,30 days,Calculated 30-day,2.0,2,"Sep 2026, Oct 2026",Sep 2026 (bal -12.0) · Oct 2026 (bal 20.0),0.0,32.0,20,20.0,0.0,20.0,0.0,8.0,"shows 20 min, should be 0 (overstated by 20 — 32 earlier-month min not carried forward)","🚩 Balance not carried forward — shows 20, should be 0 (overstated +20)",OK - CALCULATED
51507409,24366063755,Convo Now,live,Convo Now: Access Complimentary,22884059756,2026-09-10,2026-10-10,30.0,30 days,Calculated 30-day,2.0,2,"Sep 2026, Oct 2026",Sep 2026 (bal 18.0) · Oct 2026 (bal 20.0),0.0,2.0,20,20.0,18.0,2.0,18.0,38.0,"shows 20 min, should be 18 (overstated by 2 — 2 earlier-month min not carried forward)","🚩 Balance not carried forward — shows 20, should be 18 (overstated +2)",OK - CALCULATED
17293333,24366063957,Convo Now,live,Convo Now: Access Complimentary,22874912052,2026-09-10,2026-10-10,30.0,30 days,Calculated 30-day,2.0,2,"Sep 2026, Oct 2026",Sep 2026 (bal 14.0) · Oct 2026 (bal 20.0),0.0,6.0,20,20.0,14.0,6.0,14.0,34.0,"shows 20 min, should be 14 (overstated by 6 — 6 earlier-month min not carried forward)","🚩 Balance not carried forward — shows 20, should be 14 (overstated +6)",OK - CALCULATED
79174596,24366064189,Convo Now,live,Convo Now: Access Complimentary,22907620411,2026-09-22,2026-10-22,30.0,30 days,Calculated 30-day,2.0,2,"Sep 2026, Oct 2026",Sep 2026 (bal -44.0) · Oct 2026 (bal 20.0),0.0,64.0,20,20.0,0.0,20.0,0.0,-24.0,"shows 20 min, should be 0 (overstated by 20 — 64 earlier-month min not carried forward)","🚩 Balance not carried forward — shows 20, should be 0 (overstated +20)",OK - CALCULATED
55493607,24366197550,Convo Now,live,Convo Now: Access Complimentary,22918874208,2026-09-21,2026-10-21,30.0,30 days,Calculated 30-day,2.0,2,"Sep 2026, Oct 2026",Sep 2026 (bal 18.0) · Oct 2026 (bal 20.0),0.0,2.0,20,20.0,18.0,2.0,18.0,38.0,"shows 20 min, should be 18 (overstated by 2 — 2 earlier-month min not carried forward)","🚩 Balance not carried forward — shows 20, should be 18 (overstated +2)",OK - CALCULATED
93048943,24366197563,Convo Now,live,Convo Now: Access Complimentary,22906639198,2026-09-28,2026-10-28,30.0,30 days,Calculated 30-day,2.0,2,"Sep 2026, Oct 2026",Sep 2026 (bal -28.0) · Oct 2026 (bal 20.0),0.0,48.0,20,20.0,0.0,20.0,0.0,-8.0,"shows 20 min, should be 0 (overstated by 20 — 48 earlier-month min not carried forward)","🚩 Balance not carried forward — shows 20, should be 0 (overstated +20)",OK - CALCULATED
37920263,24366197883,Convo Now,live,Convo Now: Access Complimentary,22917176437,2026-09-21,2026-10-21,30.0,30 days,Calculated 30-day,2.0,2,"Sep 2026, Oct 2026",Sep 2026 (bal -32.0) · Oct 2026 (bal 20.0),0.0,52.0,20,20.0,0.0,20.0,0.0,-12.0,"shows 20 min, should be 0 (overstated by 20 — 52 earlier-month min not carried forward)","🚩 Balance not carried forward — shows 20, should be 0 (overstated +20)",OK - CALCULATED
93076925,24366197885,Convo Now,live,Convo Now: Access Complimentary,22919378990,2026-09-21,2026-10-21,30.0,30 days,Calculated 30-day,2.0,2,"Sep 2026, Oct 2026",Sep 2026 (bal 19.0) · Oct 2026 (bal 20.0),0.0,1.0,20,20.0,19.0,1.0,19.0,39.0,"shows 20 min, should be 19 (overstated by 1 — 1 earlier-month min not carried forward)","🚩 Balance not carried forward — shows 20, should be 19 (overstated +1)",OK - CALCULATED
49829933,24366199321,Convo Now,live,Convo Now: Access Complimentary,22908317288,2026-09-16,2026-10-16,30.0,30 days,Calculated 30-day,2.0,2,"Sep 2026, Oct 2026",Sep 2026 (bal 15.0) · Oct 2026 (bal 20.0),0.0,5.0,20,20.0,15.0,5.0,15.0,35.0,"shows 20 min, should be 15 (overstated by 5 — 5 earlier-month min not carried forward)","🚩 Balance not carried forward — shows 20, should be 15 (overstated +5)",OK - CALCULATED
31606884,24366199437,Convo Now,live,Convo Now: Access Complimentary,22910133568,2026-09-26,2026-10-26,30.0,30 days,Calculated 30-day,2.0,2,"Sep 2026, Oct 2026",Sep 2026 (bal -4.0) · Oct 2026 (bal 20.0),0.0,24.0,20,20.0,0.0,20.0,0.0,16.0,"shows 20 min, should be 0 (overstated by 20 — 24 earlier-month min not carried forward)","🚩 Balance not carried forward — shows 20, should be 0 (overstated +20)",OK - CALCULATED
48470693,24366199459,Convo Now,live,Convo Now: Access Complimentary,22908461434,2026-09-06,2026-10-06,30.0,30 days,Calculated 30-day,2.0,2,"Sep 2026, Oct 2026",Sep 2026 (bal -4.0) · Oct 2026 (bal 20.0),0.0,24.0,20,20.0,0.0,20.0,0.0,16.0,"shows 20 min, should be 0 (overstated by 20 — 24 earlier-month min not carried forward)","🚩 Balance not carried forward — shows 20, should be 0 (overstated +20)",OK - CALCULATED
14266181,24366199610,Convo Now,live,Convo Now: Access Complimentary,22916870400,2026-09-21,2026-10-21,30.0,30 days,Calculated 30-day,2.0,2,"Sep 2026, Oct 2026",Sep 2026 (bal 2.0) · Oct 2026 (bal 16.0),0.0,22.0,20,16.0,0.0,16.0,0.0,18.0,"shows 16 min, should be 0 (overstated by 16 — 18 earlier-month min not carried forward)","🚩 Balance not carried forward — shows 16, should be 0 (overstated +16)",OK - CALCULATED
62073532,24366218254,Convo Now,live,Convo Now: Access Complimentary,22908317276,2026-09-17,2026-10-17,30.0,30 days,Calculated 30-day,2.0,2,"Sep 2026, Oct 2026",Sep 2026 (bal -15.0) · Oct 2026 (bal 20.0),0.0,35.0,20,20.0,0.0,20.0,0.0,5.0,"shows 20 min, should be 0 (overstated by 20 — 35 earlier-month min not carried forward)","🚩 Balance not carried forward — shows 20, should be 0 (overstated +20)",OK - CALCULATED
40769431,24366218322,Convo Now,live,Convo Now: Access Complimentary,22917352470,2026-09-21,2026-10-21,30.0,30 days,Calculated 30-day,2.0,2,"Sep 2026, Oct 2026",Sep 2026 (bal 10.0) · Oct 2026 (bal 12.0),0.0,18.0,20,12.0,2.0,10.0,2.0,22.0,"shows 12 min, should be 2 (overstated by 10 — 10 earlier-month min not carried forward)","🚩 Balance not carried forward — shows 12, should be 2 (overstated +10)",OK - CALCULATED
83757152,24366218328,Convo Now,live,Convo Now: Access Complimentary,22916512906,2026-09-10,2026-10-10,30.0,30 days,Calculated 30-day,2.0,2,"Sep 2026, Oct 2026",Sep 2026 (bal 15.0) · Oct 2026 (bal 20.0),0.0,5.0,20,20.0,15.0,5.0,15.0,35.0,"shows 20 min, should be 15 (overstated by 5 — 5 earlier-month min not carried forward)","🚩 Balance not carried forward — shows 20, should be 15 (overstated +5)",OK - CALCULATED
49620806,24366218334,Convo Now,live,Convo Now: Access Complimentary,22908055890,2026-09-28,2026-10-28,30.0,30 days,Calculated 30-day,2.0,2,"Sep 2026, Oct 2026",Sep 2026 (bal -1.0) · Oct 2026 (bal 20.0),0.0,21.0,20,20.0,0.0,20.0,0.0,19.0,"shows 20 min, should be 0 (overstated by 20 — 21 earlier-month min not carried forward)","🚩 Balance not carried forward — shows 20, should be 0 (overstated +20)",OK - CALCULATED
82656766,24366218647,Convo Now,live,Convo Now: Access Complimentary,22917219165,2026-09-21,2026-10-21,30.0,30 days,Calculated 30-day,2.0,2,"Sep 2026, Oct 2026",Sep 2026 (bal 13.0) · Oct 2026 (bal 4.0),0.0,23.0,20,4.0,0.0,4.0,0.0,17.0,"shows 4 min, should be 0 (overstated by 4 — 7 earlier-month min not carried forward)","🚩 Balance not carried forward — shows 4, should be 0 (overstated +4)",OK - CALCULATED
22696617,24366508102,Convo Now,live,Convo Now: Access Complimentary,22917929389,2026-09-21,2026-10-21,30.0,30 days,Calculated 30-day,2.0,2,"Sep 2026, Oct 2026",Sep 2026 (bal 10.0) · Oct 2026 (bal 20.0),0.0,10.0,20,20.0,10.0,10.0,10.0,30.0,"shows 20 min, should be 10 (overstated by 10 — 10 earlier-month min not carried forward)","🚩 Balance not carried forward — shows 20, should be 10 (overstated +10)",OK - CALCULATED
65436964,24366508427,Convo Now,live,Convo Now: Access Complimentary,22916740195,2026-09-21,2026-10-21,30.0,30 days,Calculated 30-day,2.0,2,"Sep 2026, Oct 2026",Sep 2026 (bal -10.0) · Oct 2026 (bal 20.0),0.0,30.0,20,20.0,0.0,20.0,0.0,10.0,"shows 20 min, should be 0 (overstated by 20 — 30 earlier-month min not carried forward)","🚩 Balance not carried forward — shows 20, should be 0 (overstated +20)",OK - CALCULATED
82794581,24366509341,Convo Now,live,Convo Now: Access Complimentary,22913941546,2026-09-24,2026-10-24,30.0,30 days,Calculated 30-day,2.0,2,"Sep 2026, Oct 2026",Sep 2026 (bal -4.0) · Oct 2026 (bal 20.0),0.0,24.0,20,20.0,0.0,20.0,0.0,16.0,"shows 20 min, should be 0 (overstated by 20 — 24 earlier-month min not carried forward)","🚩 Balance not carried forward — shows 20, should be 0 (overstated +20)",OK - CALCULATED
48107058,24366509346,Convo Now,live,Convo Now: Access Complimentary,22908885288,2026-09-14,2026-10-14,30.0,30 days,Calculated 30-day,2.0,2,"Sep 2026, Oct 2026",Sep 2026 (bal -112.0) · Oct 2026 (bal 20.0),0.0,132.0,20,20.0,0.0,20.0,0.0,-92.0,"shows 20 min, should be 0 (overstated by 20 — 132 earlier-month min not carried forward)","🚩 Balance not carried forward — shows 20, should be 0 (overstated +20)",OK - CALCULATED
52349363,24366671727,Convo Now,live,Convo Now: Access Complimentary,22916621825,2026-09-21,2026-10-21,30.0,30 days,Calculated 30-day,2.0,2,"Sep 2026, Oct 2026",Sep 2026 (bal 4.0) · Oct 2026 (bal 20.0),0.0,16.0,20,20.0,4.0,16.0,4.0,24.0,"shows 20 min, should be 4 (overstated by 16 — 16 earlier-month min not carried forward)","🚩 Balance not carried forward — shows 20, should be 4 (overstated +16)",OK - CALCULATED
43840808,24366672022,Convo Now,live,Convo Now: Access Complimentary,22874912117,2026-09-09,2026-10-09,30.0,30 days,Calculated 30-day,2.0,2,"Sep 2026, Oct 2026",Sep 2026 (bal -25.0) · Oct 2026 (bal 20.0),0.0,45.0,20,20.0,0.0,20.0,0.0,-5.0,"shows 20 min, should be 0 (overstated by 20 — 45 earlier-month min not carried forward)","🚩 Balance not carried forward — shows 20, should be 0 (overstated +20)",OK - CALCULATED
90007578,24366672028,Convo Now,live,Convo Now: Access Complimentary,22910133428,2026-09-26,2026-10-26,30.0,30 days,Calculated 30-day,2.0,2,"Sep 2026, Oct 2026",Sep 2026 (bal 18.0) · Oct 2026 (bal 20.0),0.0,2.0,20,20.0,18.0,2.0,18.0,38.0,"shows 20 min, should be 18 (overstated by 2 — 2 earlier-month min not carried forward)","🚩 Balance not carried forward — shows 20, should be 18 (overstated +2)",OK - CALCULATED
57925308,24366672235,Convo Now,live,Convo Now: Access Complimentary,22913888325,2026-09-21,2026-10-21,30.0,30 days,Calculated 30-day,2.0,2,"Sep 2026, Oct 2026",Sep 2026 (bal -2.0) · Oct 2026 (bal 20.0),0.0,22.0,20,20.0,0.0,20.0,0.0,18.0,"shows 20 min, should be 0 (overstated by 20 — 22 earlier-month min not carried forward)","🚩 Balance not carried forward — shows 20, should be 0 (overstated +20)",OK - CALCULATED
48283801,24366672245,Convo Now,live,Convo Now: Access Complimentary,22917141555,2026-09-21,2026-10-21,30.0,30 days,Calculated 30-day,2.0,2,"Sep 2026, Oct 2026",Sep 2026 (bal 19.0) · Oct 2026 (bal 20.0),0.0,1.0,20,20.0,19.0,1.0,19.0,39.0,"shows 20 min, should be 19 (overstated by 1 — 1 earlier-month min not carried forward)","🚩 Balance not carried forward — shows 20, should be 19 (overstated +1)",OK - CALCULATED
79523491,24366672257,Convo Now,live,Convo Now: Access Complimentary,23347474740,2026-09-22,2026-10-22,30.0,30 days,Calculated 30-day,2.0,2,"Sep 2026, Oct 2026",Sep 2026 (bal 18.0) · Oct 2026 (bal 20.0),0.0,2.0,20,20.0,18.0,2.0,18.0,38.0,"shows 20 min, should be 18 (overstated by 2 — 2 earlier-month min not carried forward)","🚩 Balance not carried forward — shows 20, should be 18 (overstated +2)",OK - CALCULATED
94343303,24366672263,Convo Now,live,Convo Now: Access Complimentary,22874912081,2026-09-10,2026-10-10,30.0,30 days,Calculated 30-day,2.0,2,"Sep 2026, Oct 2026",Sep 2026 (bal -1.0) · Oct 2026 (bal 20.0),0.0,21.0,20,20.0,0.0,20.0,0.0,19.0,"shows 20 min, should be 0 (overstated by 20 — 21 earlier-month min not carried forward)","🚩 Balance not carried forward — shows 20, should be 0 (overstated +20)",OK - CALCULATED
63142930,24366672272,Convo Now,live,Convo Now: Access Complimentary,22915206493,2026-09-12,2026-10-12,30.0,30 days,Calculated 30-day,2.0,2,"Sep 2026, Oct 2026",Sep 2026 (bal 12.0) · Oct 2026 (bal 20.0),0.0,8.0,20,20.0,12.0,8.0,12.0,32.0,"shows 20 min, should be 12 (overstated by 8 — 8 earlier-month min not carried forward)","🚩 Balance not carried forward — shows 20, should be 12 (overstated +8)",OK - CALCULATED
17270298,24366672309,Convo Now,live,Convo Now: Access Complimentary,22913388144,2026-09-06,2026-10-06,30.0,30 days,Calculated 30-day,2.0,2,"Sep 2026, Oct 2026",Sep 2026 (bal -6.0) · Oct 2026 (bal 20.0),0.0,26.0,20,20.0,0.0,20.0,0.0,14.0,"shows 20 min, should be 0 (overstated by 20 — 26 earlier-month min not carried forward)","🚩 Balance not carried forward — shows 20, should be 0 (overstated +20)",OK - CALCULATED
32691705,24366672413,Convo Now,live,Convo Now: Access Complimentary,22913888292,2026-09-22,2026-10-22,30.0,30 days,Calculated 30-day,2.0,2,"Sep 2026, Oct 2026",Sep 2026 (bal -8.0) · Oct 2026 (bal 20.0),0.0,28.0,20,20.0,0.0,20.0,0.0,12.0,"shows 20 min, should be 0 (overstated by 20 — 28 earlier-month min not carried forward)","🚩 Balance not carried forward — shows 20, should be 0 (overstated +20)",OK - CALCULATED
27413799,24370811201,Convo Now,live,Convo Now: Access Complimentary,22910085529,2026-09-27,2026-10-27,30.0,30 days,Calculated 30-day,2.0,2,"Sep 2026, Oct 2026",Sep 2026 (bal 19.0) · Oct 2026 (bal 20.0),0.0,1.0,20,20.0,19.0,1.0,19.0,39.0,"shows 20 min, should be 19 (overstated by 1 — 1 earlier-month min not carried forward)","🚩 Balance not carried forward — shows 20, should be 19 (overstated +1)",OK - CALCULATED
42260467,24370811263,Convo Now,live,Convo Now: Access Complimentary,22917929364,2026-09-21,2026-10-21,30.0,30 days,Calculated 30-day,2.0,2,"Sep 2026, Oct 2026",Sep 2026 (bal 9.0) · Oct 2026 (bal 20.0),0.0,11.0,20,20.0,9.0,11.0,9.0,29.0,"shows 20 min, should be 9 (overstated by 11 — 11 earlier-month min not carried forward)","🚩 Balance not carried forward — shows 20, should be 9 (overstated +11)",OK - CALCULATED
71882012,24370831108,Convo Now,live,Convo Now: Access Complimentary,22906541189,2026-09-26,2026-10-26,30.0,30 days,Calculated 30-day,2.0,2,"Sep 2026, Oct 2026",Sep 2026 (bal 10.0) · Oct 2026 (bal 20.0),0.0,10.0,20,20.0,10.0,10.0,10.0,30.0,"shows 20 min, should be 10 (overstated by 10 — 10 earlier-month min not carried forward)","🚩 Balance not carried forward — shows 20, should be 10 (overstated +10)",OK - CALCULATED
97862139,24370831178,Convo Now,live,Convo Now: Access Complimentary,22917352516,2026-09-21,2026-10-21,30.0,30 days,Calculated 30-day,2.0,2,"Sep 2026, Oct 2026",Sep 2026 (bal -31.0) · Oct 2026 (bal 20.0),0.0,51.0,20,20.0,0.0,20.0,0.0,-11.0,"shows 20 min, should be 0 (overstated by 20 — 51 earlier-month min not carried forward)","🚩 Balance not carried forward — shows 20, should be 0 (overstated +20)",OK - CALCULATED
90075276,24371117970,Convo Now,live,Convo Now: Access Complimentary,22916619533,2026-09-21,2026-10-21,30.0,30 days,Calculated 30-day,2.0,2,"Sep 2026, Oct 2026",Sep 2026 (bal -7.0) · Oct 2026 (bal 13.0),0.0,34.0,20,13.0,0.0,13.0,0.0,6.0,"shows 13 min, should be 0 (overstated by 13 — 27 earlier-month min not carried forward)","🚩 Balance not carried forward — shows 13, should be 0 (overstated +13)",OK - CALCULATED
43794292,24371119693,Convo Now,live,Convo Now: Access Complimentary,22919072548,2026-09-21,2026-10-21,30.0,30 days,Calculated 30-day,2.0,2,"Sep 2026, Oct 2026",Sep 2026 (bal 14.0) · Oct 2026 (bal 20.0),0.0,6.0,20,20.0,14.0,6.0,14.0,34.0,"shows 20 min, should be 14 (overstated by 6 — 6 earlier-month min not carried forward)","🚩 Balance not carried forward — shows 20, should be 14 (overstated +6)",OK - CALCULATED
22375181,24371119955,Convo Now,live,Convo Now: Access Complimentary,22908885144,2026-09-15,2026-10-15,30.0,30 days,Calculated 30-day,2.0,2,"Sep 2026, Oct 2026",Sep 2026 (bal 3.0) · Oct 2026 (bal 20.0),0.0,17.0,20,20.0,3.0,17.0,3.0,23.0,"shows 20 min, should be 3 (overstated by 17 — 17 earlier-month min not carried forward)","🚩 Balance not carried forward — shows 20, should be 3 (overstated +17)",OK - CALCULATED
78838236,24371119958,Convo Now,live,Convo Now: Access Complimentary,22917089867,2026-09-21,2026-10-21,30.0,30 days,Calculated 30-day,2.0,2,"Sep 2026, Oct 2026",Sep 2026 (bal 11.0) · Oct 2026 (bal 20.0),0.0,9.0,20,20.0,11.0,9.0,11.0,31.0,"shows 20 min, should be 11 (overstated by 9 — 9 earlier-month min not carried forward)","🚩 Balance not carried forward — shows 20, should be 11 (overstated +9)",OK - CALCULATED
97408497,24371120160,Convo Now,live,Convo Now: Access Complimentary,22906445387,2026-09-21,2026-10-21,30.0,30 days,Calculated 30-day,2.0,2,"Sep 2026, Oct 2026",Sep 2026 (bal -9.0) · Oct 2026 (bal 20.0),0.0,29.0,20,20.0,0.0,20.0,0.0,11.0,"shows 20 min, should be 0 (overstated by 20 — 29 earlier-month min not carried forward)","🚩 Balance not carried forward — shows 20, should be 0 (overstated +20)",OK - CALCULATED
48813432,24371120192,Convo Now,live,Convo Now: Access Complimentary,22917089820,2026-09-21,2026-10-21,30.0,30 days,Calculated 30-day,2.0,2,"Sep 2026, Oct 2026",Sep 2026 (bal -67.0) · Oct 2026 (bal 20.0),0.0,87.0,20,20.0,0.0,20.0,0.0,-47.0,"shows 20 min, should be 0 (overstated by 20 — 87 earlier-month min not carried forward)","🚩 Balance not carried forward — shows 20, should be 0 (overstated +20)",OK - CALCULATED
61910859,24371139087,Convo Now,live,Convo Now: Access Complimentary,22917089825,2026-09-21,2026-10-21,30.0,30 days,Calculated 30-day,2.0,2,"Sep 2026, Oct 2026",Sep 2026 (bal -4.0) · Oct 2026 (bal 20.0),0.0,24.0,20,20.0,0.0,20.0,0.0,16.0,"shows 20 min, should be 0 (overstated by 20 — 24 earlier-month min not carried forward)","🚩 Balance not carried forward — shows 20, should be 0 (overstated +20)",OK - CALCULATED
41640293,24371273043,Convo Now,live,Convo Now: Access Complimentary,22908250428,2026-09-10,2026-10-10,30.0,30 days,Calculated 30-day,2.0,2,"Sep 2026, Oct 2026",Sep 2026 (bal -52.0) · Oct 2026 (bal 20.0),0.0,72.0,20,20.0,0.0,20.0,0.0,-32.0,"shows 20 min, should be 0 (overstated by 20 — 72 earlier-month min not carried forward)","🚩 Balance not carried forward — shows 20, should be 0 (overstated +20)",OK - CALCULATED
48730718,24371273488,Convo Now,live,Convo Now: Access Complimentary,22908295249,2026-09-08,2026-10-08,30.0,30 days,Calculated 30-day,2.0,2,"Sep 2026, Oct 2026",Sep 2026 (bal -26.0) · Oct 2026 (bal 20.0),0.0,46.0,20,20.0,0.0,20.0,0.0,-6.0,"shows 20 min, should be 0 (overstated by 20 — 46 earlier-month min not carried forward)","🚩 Balance not carried forward — shows 20, should be 0 (overstated +20)",OK - CALCULATED
33439178,24371273806,Convo Now,live,Convo Now: Access Complimentary,22911371407,2026-09-21,2026-10-21,30.0,30 days,Calculated 30-day,2.0,2,"Sep 2026, Oct 2026",Sep 2026 (bal 5.0) · Oct 2026 (bal 19.0),0.0,16.0,20,19.0,4.0,15.0,4.0,24.0,"shows 19 min, should be 4 (overstated by 15 — 15 earlier-month min not carried forward)","🚩 Balance not carried forward — shows 19, should be 4 (overstated +15)",OK - CALCULATED
51534425,24371273898,Convo Now,live,Convo Now: Access Complimentary,22919401356,2026-09-21,2026-10-21,30.0,30 days,Calculated 30-day,2.0,2,"Sep 2026, Oct 2026",Sep 2026 (bal 16.0) · Oct 2026 (bal 7.0),0.0,17.0,20,7.0,3.0,4.0,3.0,23.0,"shows 7 min, should be 3 (overstated by 4 — 4 earlier-month min not carried forward)","🚩 Balance not carried forward — shows 7, should be 3 (overstated +4)",OK - CALCULATED
29552244,24371274336,Convo Now,live,Convo Now: Access Complimentary,22917218219,2026-09-21,2026-10-21,30.0,30 days,Calculated 30-day,2.0,2,"Sep 2026, Oct 2026",Sep 2026 (bal -2.0) · Oct 2026 (bal 20.0),0.0,22.0,20,20.0,0.0,20.0,0.0,18.0,"shows 20 min, should be 0 (overstated by 20 — 22 earlier-month min not carried forward)","🚩 Balance not carried forward — shows 20, should be 0 (overstated +20)",OK - CALCULATED
21402074,24371274340,Convo Now,live,Convo Now: Access Complimentary,22908068764,2026-09-11,2026-10-11,30.0,30 days,Calculated 30-day,2.0,2,"Sep 2026, Oct 2026",Sep 2026 (bal 1.0) · Oct 2026 (bal 20.0),0.0,19.0,20,20.0,1.0,19.0,1.0,21.0,"shows 20 min, should be 1 (overstated by 19 — 19 earlier-month min not carried forward)","🚩 Balance not carried forward — shows 20, should be 1 (overstated +19)",OK - CALCULATED
18241734,24371292459,Convo Now,live,Convo Now: Access Complimentary,22911371535,2026-09-23,2026-10-23,30.0,30 days,Calculated 30-day,2.0,2,"Sep 2026, Oct 2026",Sep 2026 (bal 13.0) · Oct 2026 (bal 20.0),0.0,7.0,20,20.0,13.0,7.0,13.0,33.0,"shows 20 min, should be 13 (overstated by 7 — 7 earlier-month min not carried forward)","🚩 Balance not carried forward — shows 20, should be 13 (overstated +7)",OK - CALCULATED
57351775,24371292532,Convo Now,live,Convo Now: Access Complimentary,22917230745,2026-09-24,2026-10-24,30.0,30 days,Calculated 30-day,2.0,2,"Sep 2026, Oct 2026",Sep 2026 (bal 9.0) · Oct 2026 (bal 20.0),0.0,11.0,20,20.0,9.0,11.0,9.0,29.0,"shows 20 min, should be 9 (overstated by 11 — 11 earlier-month min not carried forward)","🚩 Balance not carried forward — shows 20, should be 9 (overstated +11)",OK - CALCULATED
97442919,24371704179,Convo Now,live,Convo Now: Access Complimentary,22908885269,2026-09-13,2026-10-13,30.0,30 days,Calculated 30-day,2.0,2,"Sep 2026, Oct 2026",Sep 2026 (bal 3.0) · Oct 2026 (bal 16.0),0.0,21.0,20,16.0,0.0,16.0,0.0,19.0,"shows 16 min, should be 0 (overstated by 16 — 17 earlier-month min not carried forward)","🚩 Balance not carried forward — shows 16, should be 0 (overstated +16)",OK - CALCULATED
77183285,24371704211,Convo Now,live,Convo Now: Access Complimentary,22919379027,2026-09-21,2026-10-21,30.0,30 days,Calculated 30-day,2.0,2,"Sep 2026, Oct 2026",Sep 2026 (bal 18.0) · Oct 2026 (bal 20.0),0.0,2.0,20,20.0,18.0,2.0,18.0,38.0,"shows 20 min, should be 18 (overstated by 2 — 2 earlier-month min not carried forward)","🚩 Balance not carried forward — shows 20, should be 18 (overstated +2)",OK - CALCULATED
23609788,24371704367,Convo Now,live,Convo Now: Access Complimentary,22916621705,2026-09-21,2026-10-21,30.0,30 days,Calculated 30-day,2.0,2,"Sep 2026, Oct 2026",Sep 2026 (bal 7.0) · Oct 2026 (bal 17.0),0.0,16.0,20,17.0,4.0,13.0,4.0,24.0,"shows 17 min, should be 4 (overstated by 13 — 13 earlier-month min not carried forward)","🚩 Balance not carried forward — shows 17, should be 4 (overstated +13)",OK - CALCULATED
52010421,24371704403,Convo Now,live,Convo Now: Access Complimentary,22913732645,2026-09-28,2026-10-28,30.0,30 days,Calculated 30-day,2.0,2,"Sep 2026, Oct 2026",Sep 2026 (bal 17.0) · Oct 2026 (bal 20.0),0.0,3.0,20,20.0,17.0,3.0,17.0,37.0,"shows 20 min, should be 17 (overstated by 3 — 3 earlier-month min not carried forward)","🚩 Balance not carried forward — shows 20, should be 17 (overstated +3)",OK - CALCULATED
69363273,24371723066,Convo Now,live,Convo Now: Access Complimentary,22908068773,2026-09-11,2026-10-11,30.0,30 days,Calculated 30-day,2.0,2,"Sep 2026, Oct 2026",Sep 2026 (bal -4.0) · Oct 2026 (bal 20.0),0.0,24.0,20,20.0,0.0,20.0,0.0,16.0,"shows 20 min, should be 0 (overstated by 20 — 24 earlier-month min not carried forward)","🚩 Balance not carried forward — shows 20, should be 0 (overstated +20)",OK - CALCULATED
67247587,24371855763,Convo Now,live,Convo Now: Access Complimentary,22906532376,2026-09-17,2026-10-17,30.0,30 days,Calculated 30-day,2.0,2,"Sep 2026, Oct 2026",Sep 2026 (bal -5.0) · Oct 2026 (bal 20.0),0.0,25.0,20,20.0,0.0,20.0,0.0,15.0,"shows 20 min, should be 0 (overstated by 20 — 25 earlier-month min not carried forward)","🚩 Balance not carried forward — shows 20, should be 0 (overstated +20)",OK - CALCULATED
27628669,24371855898,Convo Now,live,Convo Now: Access Complimentary,22906600006,2026-09-10,2026-10-10,30.0,30 days,Calculated 30-day,2.0,2,"Sep 2026, Oct 2026",Sep 2026 (bal 12.0) · Oct 2026 (bal 20.0),0.0,8.0,20,20.0,12.0,8.0,12.0,32.0,"shows 20 min, should be 12 (overstated by 8 — 8 earlier-month min not carried forward)","🚩 Balance not carried forward — shows 20, should be 12 (overstated +8)",OK - CALCULATED
31369843,24371855954,Convo Now,live,Convo Now: Access Complimentary,22919401262,2026-09-21,2026-10-21,30.0,30 days,Calculated 30-day,2.0,2,"Sep 2026, Oct 2026",Sep 2026 (bal 7.0) · Oct 2026 (bal 20.0),0.0,13.0,20,20.0,7.0,13.0,7.0,27.0,"shows 20 min, should be 7 (overstated by 13 — 13 earlier-month min not carried forward)","🚩 Balance not carried forward — shows 20, should be 7 (overstated +13)",OK - CALCULATED
21436039,24371856267,Convo Now,live,Convo Now: Access Complimentary,22912521399,2026-09-23,2026-10-23,30.0,30 days,Calculated 30-day,2.0,2,"Sep 2026, Oct 2026",Sep 2026 (bal -40.0) · Oct 2026 (bal 20.0),0.0,60.0,20,20.0,0.0,20.0,0.0,-20.0,"shows 20 min, should be 0 (overstated by 20 — 60 earlier-month min not carried forward)","🚩 Balance not carried forward — shows 20, should be 0 (overstated +20)",OK - CALCULATED
24668752,24371856658,Convo Now,live,Convo Now: Access Complimentary,22908317337,2026-09-16,2026-10-16,30.0,30 days,Calculated 30-day,2.0,2,"Sep 2026, Oct 2026",Sep 2026 (bal -17.0) · Oct 2026 (bal 20.0),0.0,37.0,20,20.0,0.0,20.0,0.0,3.0,"shows 20 min, should be 0 (overstated by 20 — 37 earlier-month min not carried forward)","🚩 Balance not carried forward — shows 20, should be 0 (overstated +20)",OK - CALCULATED
26966403,24371856932,Convo Now,live,Convo Now: Access Complimentary,22913888368,2026-09-23,2026-10-23,30.0,30 days,Calculated 30-day,2.0,2,"Sep 2026, Oct 2026",Sep 2026 (bal 10.0) · Oct 2026 (bal 20.0),0.0,10.0,20,20.0,10.0,10.0,10.0,30.0,"shows 20 min, should be 10 (overstated by 10 — 10 earlier-month min not carried forward)","🚩 Balance not carried forward — shows 20, should be 10 (overstated +10)",OK - CALCULATED
33175953,24371858015,Convo Now,live,Convo Now: Access Complimentary,22917929367,2026-09-21,2026-10-21,30.0,30 days,Calculated 30-day,2.0,2,"Sep 2026, Oct 2026",Sep 2026 (bal -17.0) · Oct 2026 (bal 20.0),0.0,37.0,20,20.0,0.0,20.0,0.0,3.0,"shows 20 min, should be 0 (overstated by 20 — 37 earlier-month min not carried forward)","🚩 Balance not carried forward — shows 20, should be 0 (overstated +20)",OK - CALCULATED
49239818,24372071839,Convo Now,live,Convo Now: Access Complimentary,22917084535,2026-09-13,2026-10-13,30.0,30 days,Calculated 30-day,2.0,2,"Sep 2026, Oct 2026",Sep 2026 (bal 19.0) · Oct 2026 (bal 20.0),0.0,1.0,20,20.0,19.0,1.0,19.0,39.0,"shows 20 min, should be 19 (overstated by 1 — 1 earlier-month min not carried forward)","🚩 Balance not carried forward — shows 20, should be 19 (overstated +1)",OK - CALCULATED
63811895,24372071956,Convo Now,live,Convo Now: Access Complimentary,22913732534,2026-09-28,2026-10-28,30.0,30 days,Calculated 30-day,2.0,2,"Sep 2026, Oct 2026",Sep 2026 (bal 0.0) · Oct 2026 (bal 20.0),0.0,20.0,20,20.0,0.0,20.0,0.0,20.0,"shows 20 min, should be 0 (overstated by 20 — 20 earlier-month min not carried forward)","🚩 Balance not carried forward — shows 20, should be 0 (overstated +20)",OK - CALCULATED
88525682,24372071960,Convo Now,live,Convo Now: Access Complimentary,22917089844,2026-09-21,2026-10-21,30.0,30 days,Calculated 30-day,2.0,2,"Sep 2026, Oct 2026",Sep 2026 (bal -41.0) · Oct 2026 (bal 20.0),0.0,61.0,20,20.0,0.0,20.0,0.0,-21.0,"shows 20 min, should be 0 (overstated by 20 — 61 earlier-month min not carried forward)","🚩 Balance not carried forward — shows 20, should be 0 (overstated +20)",OK - CALCULATED
94021796,24372072876,Convo Now,live,Convo Now: Access Complimentary,22917219130,2026-09-21,2026-10-21,30.0,30 days,Calculated 30-day,2.0,2,"Sep 2026, Oct 2026",Sep 2026 (bal 9.0) · Oct 2026 (bal 20.0),0.0,11.0,20,20.0,9.0,11.0,9.0,29.0,"shows 20 min, should be 9 (overstated by 11 — 11 earlier-month min not carried forward)","🚩 Balance not carried forward — shows 20, should be 9 (overstated +11)",OK - CALCULATED
16490515,24372073547,Convo Now,live,Convo Now: Access Complimentary,22908250413,2026-09-12,2026-10-12,30.0,30 days,Calculated 30-day,2.0,2,"Sep 2026, Oct 2026",Sep 2026 (bal 10.0) · Oct 2026 (bal 17.0),0.0,13.0,20,17.0,7.0,10.0,7.0,27.0,"shows 17 min, should be 7 (overstated by 10 — 10 earlier-month min not carried forward)","🚩 Balance not carried forward — shows 17, should be 7 (overstated +10)",OK - CALCULATED
77522580,24372074243,Convo Now,live,Convo Now: Access Complimentary,22906445445,2026-09-21,2026-10-21,30.0,30 days,Calculated 30-day,2.0,2,"Sep 2026, Oct 2026",Sep 2026 (bal -11.0) · Oct 2026 (bal 20.0),0.0,31.0,20,20.0,0.0,20.0,0.0,9.0,"shows 20 min, should be 0 (overstated by 20 — 31 earlier-month min not carried forward)","🚩 Balance not carried forward — shows 20, should be 0 (overstated +20)",OK - CALCULATED
80695454,24372074335,Convo Now,live,Convo Now: Access Complimentary,22908074071,2026-09-23,2026-10-23,30.0,30 days,Calculated 30-day,2.0,2,"Sep 2026, Oct 2026",Sep 2026 (bal -4.0) · Oct 2026 (bal 20.0),0.0,24.0,20,20.0,0.0,20.0,0.0,16.0,"shows 20 min, should be 0 (overstated by 20 — 24 earlier-month min not carried forward)","🚩 Balance not carried forward — shows 20, should be 0 (overstated +20)",OK - CALCULATED
26734682,24372227142,Convo Now,live,Convo Now: Access Complimentary,22919072576,2026-09-21,2026-10-21,30.0,30 days,Calculated 30-day,2.0,2,"Sep 2026, Oct 2026",Sep 2026 (bal 8.0) · Oct 2026 (bal 20.0),0.0,12.0,20,20.0,8.0,12.0,8.0,28.0,"shows 20 min, should be 8 (overstated by 12 — 12 earlier-month min not carried forward)","🚩 Balance not carried forward — shows 20, should be 8 (overstated +12)",OK - CALCULATED
71790148,24372227192,Convo Now,live,Convo Now: Access Complimentary,22916574357,2026-09-21,2026-10-21,30.0,30 days,Calculated 30-day,2.0,2,"Sep 2026, Oct 2026",Sep 2026 (bal 13.0) · Oct 2026 (bal 20.0),0.0,7.0,20,20.0,13.0,7.0,13.0,33.0,"shows 20 min, should be 13 (overstated by 7 — 7 earlier-month min not carried forward)","🚩 Balance not carried forward — shows 20, should be 13 (overstated +7)",OK - CALCULATED
56501867,24372227749,Convo Now,live,Convo Now: Access Complimentary,22908250430,2026-09-09,2026-10-09,30.0,30 days,Calculated 30-day,2.0,2,"Sep 2026, Oct 2026",Sep 2026 (bal 15.0) · Oct 2026 (bal 20.0),0.0,5.0,20,20.0,15.0,5.0,15.0,35.0,"shows 20 min, should be 15 (overstated by 5 — 5 earlier-month min not carried forward)","🚩 Balance not carried forward — shows 20, should be 15 (overstated +5)",OK - CALCULATED
53817469,24372228481,Convo Now,live,Convo Now: Access Complimentary,22908295235,2026-09-07,2026-10-07,30.0,30 days,Calculated 30-day,2.0,2,"Sep 2026, Oct 2026",Sep 2026 (bal -35.0) · Oct 2026 (bal 20.0),0.0,55.0,20,20.0,0.0,20.0,0.0,-15.0,"shows 20 min, should be 0 (overstated by 20 — 55 earlier-month min not carried forward)","🚩 Balance not carried forward — shows 20, should be 0 (overstated +20)",OK - CALCULATED
64675626,24372228723,Convo Now,live,Convo Now: Access Complimentary,22913941529,2026-09-22,2026-10-22,30.0,30 days,Calculated 30-day,2.0,2,"Sep 2026, Oct 2026",Sep 2026 (bal 15.0) · Oct 2026 (bal 16.0),0.0,9.0,20,16.0,11.0,5.0,11.0,31.0,"shows 16 min, should be 11 (overstated by 5 — 5 earlier-month min not carried forward)","🚩 Balance not carried forward — shows 16, should be 11 (overstated +5)",OK - CALCULATED
29808991,24372247443,Convo Now,live,Convo Now: Access Complimentary,22916619527,2026-09-21,2026-10-21,30.0,30 days,Calculated 30-day,2.0,2,"Sep 2026, Oct 2026",Sep 2026 (bal -19.0) · Oct 2026 (bal 20.0),0.0,39.0,20,20.0,0.0,20.0,0.0,1.0,"shows 20 min, should be 0 (overstated by 20 — 39 earlier-month min not carried forward)","🚩 Balance not carried forward — shows 20, should be 0 (overstated +20)",OK - CALCULATED
87744609,24372502308,Convo Now,live,Convo Now: Access Complimentary,22917309833,2026-09-21,2026-10-21,30.0,30 days,Calculated 30-day,2.0,2,"Sep 2026, Oct 2026",Sep 2026 (bal 18.0) · Oct 2026 (bal 19.0),0.0,3.0,20,19.0,17.0,2.0,17.0,37.0,"shows 19 min, should be 17 (overstated by 2 — 2 earlier-month min not carried forward)","🚩 Balance not carried forward — shows 19, should be 17 (overstated +2)",OK - CALCULATED
77571731,24372502316,Convo Now,live,Convo Now: Access Complimentary,22916574370,2026-09-21,2026-10-21,30.0,30 days,Calculated 30-day,2.0,2,"Sep 2026, Oct 2026",Sep 2026 (bal -42.0) · Oct 2026 (bal 20.0),0.0,62.0,20,20.0,0.0,20.0,0.0,-22.0,"shows 20 min, should be 0 (overstated by 20 — 62 earlier-month min not carried forward)","🚩 Balance not carried forward — shows 20, should be 0 (overstated +20)",OK - CALCULATED
29716954,24372503108,Convo Now,live,Convo Now: Access Complimentary,22917219152,2026-09-21,2026-10-21,30.0,30 days,Calculated 30-day,2.0,2,"Sep 2026, Oct 2026",Sep 2026 (bal -2.0) · Oct 2026 (bal 20.0),0.0,22.0,20,20.0,0.0,20.0,0.0,18.0,"shows 20 min, should be 0 (overstated by 20 — 22 earlier-month min not carried forward)","🚩 Balance not carried forward — shows 20, should be 0 (overstated +20)",OK - CALCULATED
58310187,24372503117,Convo Now,live,Convo Now: Access Complimentary,22917929480,2026-09-21,2026-10-21,30.0,30 days,Calculated 30-day,2.0,2,"Sep 2026, Oct 2026",Sep 2026 (bal -7.0) · Oct 2026 (bal 20.0),0.0,27.0,20,20.0,0.0,20.0,0.0,13.0,"shows 20 min, should be 0 (overstated by 20 — 27 earlier-month min not carried forward)","🚩 Balance not carried forward — shows 20, should be 0 (overstated +20)",OK - CALCULATED
41235199,24372503179,Convo Now,live,Convo Now: Access Complimentary,22919401344,2026-09-21,2026-10-21,30.0,30 days,Calculated 30-day,2.0,2,"Sep 2026, Oct 2026",Sep 2026 (bal 17.0) · Oct 2026 (bal 16.0),0.0,7.0,20,16.0,13.0,3.0,13.0,33.0,"shows 16 min, should be 13 (overstated by 3 — 3 earlier-month min not carried forward)","🚩 Balance not carried forward — shows 16, should be 13 (overstated +3)",OK - CALCULATED
65593409,24372888193,Convo Now,live,Convo Now: Access Complimentary,22913888356,2026-09-22,2026-10-22,30.0,30 days,Calculated 30-day,2.0,2,"Sep 2026, Oct 2026",Sep 2026 (bal 6.0) · Oct 2026 (bal 11.0),0.0,23.0,20,11.0,0.0,11.0,0.0,17.0,"shows 11 min, should be 0 (overstated by 11 — 14 earlier-month min not carried forward)","🚩 Balance not carried forward — shows 11, should be 0 (overstated +11)",OK - CALCULATED
23850625,24372888212,Convo Now,live,Convo Now: Access Complimentary,22915664281,2026-09-29,2026-10-29,30.0,30 days,Calculated 30-day,2.0,2,"Sep 2026, Oct 2026",Sep 2026 (bal 16.0) · Oct 2026 (bal 20.0),0.0,4.0,20,20.0,16.0,4.0,16.0,36.0,"shows 20 min, should be 16 (overstated by 4 — 4 earlier-month min not carried forward)","🚩 Balance not carried forward — shows 20, should be 16 (overstated +4)",OK - CALCULATED
53863983,24372888341,Convo Now,live,Convo Now: Access Complimentary,22914402383,2026-09-15,2026-10-15,30.0,30 days,Calculated 30-day,2.0,2,"Sep 2026, Oct 2026",Sep 2026 (bal 4.0) · Oct 2026 (bal 20.0),0.0,16.0,20,20.0,4.0,16.0,4.0,24.0,"shows 20 min, should be 4 (overstated by 16 — 16 earlier-month min not carried forward)","🚩 Balance not carried forward — shows 20, should be 4 (overstated +16)",OK - CALCULATED
93452436,24372888460,Convo Now,live,Convo Now: Access Complimentary,22910085524,2026-09-27,2026-10-27,30.0,30 days,Calculated 30-day,2.0,2,"Sep 2026, Oct 2026",Sep 2026 (bal 18.0) · Oct 2026 (bal 20.0),0.0,2.0,20,20.0,18.0,2.0,18.0,38.0,"shows 20 min, should be 18 (overstated by 2 — 2 earlier-month min not carried forward)","🚩 Balance not carried forward — shows 20, should be 18 (overstated +2)",OK - CALCULATED
12378454,24373042037,Convo Now,live,Convo Now: Access Complimentary,22906640762,2026-09-27,2026-10-27,30.0,30 days,Calculated 30-day,2.0,2,"Sep 2026, Oct 2026",Sep 2026 (bal -14.0) · Oct 2026 (bal 20.0),0.0,34.0,20,20.0,0.0,20.0,0.0,6.0,"shows 20 min, should be 0 (overstated by 20 — 34 earlier-month min not carried forward)","🚩 Balance not carried forward — shows 20, should be 0 (overstated +20)",OK - CALCULATED
95300173,24373042231,Convo Now,live,Convo Now: Access Complimentary,22906532409,2026-09-21,2026-10-21,30.0,30 days,Calculated 30-day,2.0,2,"Sep 2026, Oct 2026",Sep 2026 (bal 16.0) · Oct 2026 (bal 20.0),0.0,4.0,20,20.0,16.0,4.0,16.0,36.0,"shows 20 min, should be 16 (overstated by 4 — 4 earlier-month min not carried forward)","🚩 Balance not carried forward — shows 20, should be 16 (overstated +4)",OK - CALCULATED
84953735,24373042350,Convo Now,live,Convo Now: Access Complimentary,22917723463,2026-09-21,2026-10-21,30.0,30 days,Calculated 30-day,2.0,2,"Sep 2026, Oct 2026",Sep 2026 (bal 13.0) · Oct 2026 (bal 17.0),0.0,10.0,20,17.0,10.0,7.0,10.0,30.0,"shows 17 min, should be 10 (overstated by 7 — 7 earlier-month min not carried forward)","🚩 Balance not carried forward — shows 17, should be 10 (overstated +7)",OK - CALCULATED
31355939,24373244999,Convo Now,live,Convo Now: Access Complimentary,22906945930,2026-09-21,2026-10-21,30.0,30 days,Calculated 30-day,2.0,2,"Sep 2026, Oct 2026",Sep 2026 (bal 14.0) · Oct 2026 (bal 20.0),0.0,6.0,20,20.0,14.0,6.0,14.0,34.0,"shows 20 min, should be 14 (overstated by 6 — 6 earlier-month min not carried forward)","🚩 Balance not carried forward — shows 20, should be 14 (overstated +6)",OK - CALCULATED
52807544,24373245010,Convo Now,live,Convo Now: Access Complimentary,22918874210,2026-09-21,2026-10-21,30.0,30 days,Calculated 30-day,2.0,2,"Sep 2026, Oct 2026",Sep 2026 (bal -17.0) · Oct 2026 (bal 20.0),0.0,37.0,20,20.0,0.0,20.0,0.0,3.0,"shows 20 min, should be 0 (overstated by 20 — 37 earlier-month min not carried forward)","🚩 Balance not carried forward — shows 20, should be 0 (overstated +20)",OK - CALCULATED
95380417,24373245194,Convo Now,live,Convo Now: Access Complimentary,22906639187,2026-09-28,2026-10-28,30.0,30 days,Calculated 30-day,2.0,2,"Sep 2026, Oct 2026",Sep 2026 (bal 0.0) · Oct 2026 (bal 20.0),0.0,20.0,20,20.0,0.0,20.0,0.0,20.0,"shows 20 min, should be 0 (overstated by 20 — 20 earlier-month min not carried forward)","🚩 Balance not carried forward — shows 20, should be 0 (overstated +20)",OK - CALCULATED
76318283,24373245240,Convo Now,live,Convo Now: Access Complimentary,22912725857,2026-09-20,2026-10-20,30.0,30 days,Calculated 30-day,2.0,2,"Sep 2026, Oct 2026",Sep 2026 (bal -18.0) · Oct 2026 (bal 20.0),0.0,38.0,20,20.0,0.0,20.0,0.0,2.0,"shows 20 min, should be 0 (overstated by 20 — 38 earlier-month min not carried forward)","🚩 Balance not carried forward — shows 20, should be 0 (overstated +20)",OK - CALCULATED
81851282,24373245347,Convo Now,live,Convo Now: Access Complimentary,22917084545,2026-09-13,2026-10-13,30.0,30 days,Calculated 30-day,2.0,2,"Sep 2026, Oct 2026",Sep 2026 (bal -34.0) · Oct 2026 (bal 20.0),0.0,54.0,20,20.0,0.0,20.0,0.0,-14.0,"shows 20 min, should be 0 (overstated by 20 — 54 earlier-month min not carried forward)","🚩 Balance not carried forward — shows 20, should be 0 (overstated +20)",OK - CALCULATED
36064993,24373399918,Convo Now,live,Convo Now: Access Complimentary,22906076580,2026-09-21,2026-10-21,30.0,30 days,Calculated 30-day,2.0,2,"Sep 2026, Oct 2026",Sep 2026 (bal -72.0) · Oct 2026 (bal 20.0),0.0,92.0,20,20.0,0.0,20.0,0.0,-52.0,"shows 20 min, should be 0 (overstated by 20 — 92 earlier-month min not carried forward)","🚩 Balance not carried forward — shows 20, should be 0 (overstated +20)",OK - CALCULATED
82019378,27831543071,Convo Now,live,Convo Now: Access Complimentary,27811936163,2026-09-06,2026-10-06,30.0,30 days,Calculated 30-day,2.0,2,"Sep 2026, Oct 2026",Sep 2026 (bal 5.0) · Oct 2026 (bal 17.0),0.0,18.0,20,17.0,2.0,15.0,2.0,22.0,"shows 17 min, should be 2 (overstated by 15 — 15 earlier-month min not carried forward)","🚩 Balance not carried forward — shows 17, should be 2 (overstated +15)",OK - CALCULATED
25530923,27853592389,Convo Now,live,Convo Now: Access Complimentary,27850339942,2026-09-07,2026-10-07,30.0,30 days,Calculated 30-day,2.0,2,"Sep 2026, Oct 2026",Sep 2026 (bal 17.0) · Oct 2026 (bal 17.0),0.0,6.0,20,17.0,14.0,3.0,14.0,34.0,"shows 17 min, should be 14 (overstated by 3 — 3 earlier-month min not carried forward)","🚩 Balance not carried forward — shows 17, should be 14 (overstated +3)",OK - CALCULATED
80827089,27864953921,Convo Now,live,Convo Now: Access Complimentary,27870014854,2026-09-07,2026-10-07,30.0,30 days,Calculated 30-day,2.0,2,"Sep 2026, Oct 2026",Sep 2026 (bal 2.0) · Oct 2026 (bal 20.0),0.0,18.0,20,20.0,2.0,18.0,2.0,22.0,"shows 20 min, should be 2 (overstated by 18 — 18 earlier-month min not carried forward)","🚩 Balance not carried forward — shows 20, should be 2 (overstated +18)",OK - CALCULATED
90958392,27868808484,Convo Now,live,Convo Now: Access Complimentary,27851610146,2026-09-07,2026-10-07,30.0,30 days,Calculated 30-day,2.0,2,"Sep 2026, Oct 2026",Sep 2026 (bal 9.0) · Oct 2026 (bal 20.0),0.0,11.0,20,20.0,9.0,11.0,9.0,29.0,"shows 20 min, should be 9 (overstated by 11 — 11 earlier-month min not carried forward)","🚩 Balance not carried forward — shows 20, should be 9 (overstated +11)",OK - CALCULATED
52657352,27897970740,Convo Now,live,Convo Now: Access Complimentary,27900599606,2026-09-07,2026-10-07,30.0,30 days,Calculated 30-day,2.0,2,"Sep 2026, Oct 2026",Sep 2026 (bal 12.0) · Oct 2026 (bal 20.0),0.0,8.0,20,20.0,12.0,8.0,12.0,32.0,"shows 20 min, should be 12 (overstated by 8 — 8 earlier-month min not carried forward)","🚩 Balance not carried forward — shows 20, should be 12 (overstated +8)",OK - CALCULATED
78845893,27905203520,Convo Now,live,Convo Now: Access Complimentary,27902616391,2026-09-07,2026-10-07,30.0,30 days,Calculated 30-day,2.0,2,"Sep 2026, Oct 2026",Sep 2026 (bal 8.0) · Oct 2026 (bal 20.0),0.0,12.0,20,20.0,8.0,12.0,8.0,28.0,"shows 20 min, should be 8 (overstated by 12 — 12 earlier-month min not carried forward)","🚩 Balance not carried forward — shows 20, should be 8 (overstated +12)",OK - CALCULATED
82566806,27977635722,Convo Now,live,Convo Now: Access Complimentary,27951007668,2026-09-08,2026-10-08,30.0,30 days,Calculated 30-day,2.0,2,"Sep 2026, Oct 2026",Sep 2026 (bal 19.0) · Oct 2026 (bal 20.0),0.0,1.0,20,20.0,19.0,1.0,19.0,39.0,"shows 20 min, should be 19 (overstated by 1 — 1 earlier-month min not carried forward)","🚩 Balance not carried forward — shows 20, should be 19 (overstated +1)",OK - CALCULATED
51109075,27978909079,Convo Now,live,Convo Now: Access Complimentary,27973370458,2026-09-08,2026-10-08,30.0,30 days,Calculated 30-day,2.0,2,"Sep 2026, Oct 2026",Sep 2026 (bal -40.0) · Oct 2026 (bal 20.0),0.0,60.0,20,20.0,0.0,20.0,0.0,-20.0,"shows 20 min, should be 0 (overstated by 20 — 60 earlier-month min not carried forward)","🚩 Balance not carried forward — shows 20, should be 0 (overstated +20)",OK - CALCULATED
27060015,27979055751,Convo Now,live,Convo Now: Access Complimentary,27980602509,2026-09-08,2026-10-08,30.0,30 days,Calculated 30-day,2.0,2,"Sep 2026, Oct 2026",Sep 2026 (bal 8.0) · Oct 2026 (bal 15.0),0.0,17.0,20,15.0,3.0,12.0,3.0,23.0,"shows 15 min, should be 3 (overstated by 12 — 12 earlier-month min not carried forward)","🚩 Balance not carried forward — shows 15, should be 3 (overstated +12)",OK - CALCULATED
91327857,28057386315,Convo Now,live,Convo Now: Access Complimentary,28051796573,2026-09-12,2026-10-12,30.0,30 days,Calculated 30-day,2.0,2,"Sep 2026, Oct 2026",Sep 2026 (bal -72.0) · Oct 2026 (bal 20.0),0.0,92.0,20,20.0,0.0,20.0,0.0,-52.0,"shows 20 min, should be 0 (overstated by 20 — 92 earlier-month min not carried forward)","🚩 Balance not carried forward — shows 20, should be 0 (overstated +20)",OK - CALCULATED
10332534,28072456786,Convo Now,live,Convo Now: Access Complimentary,28078099612,2026-09-12,2026-10-12,30.0,30 days,Calculated 30-day,2.0,2,"Sep 2026, Oct 2026",Sep 2026 (bal 4.0) · Oct 2026 (bal 20.0),0.0,16.0,20,20.0,4.0,16.0,4.0,24.0,"shows 20 min, should be 4 (overstated by 16 — 16 earlier-month min not carried forward)","🚩 Balance not carried forward — shows 20, should be 4 (overstated +16)",OK - CALCULATED
98939518,28073941680,Convo Now,live,Convo Now: Access Complimentary,28051730546,2026-09-11,2026-10-11,30.0,30 days,Calculated 30-day,2.0,2,"Sep 2026, Oct 2026",Sep 2026 (bal -14.0) · Oct 2026 (bal 20.0),0.0,34.0,20,20.0,0.0,20.0,0.0,6.0,"shows 20 min, should be 0 (overstated by 20 — 34 earlier-month min not carried forward)","🚩 Balance not carried forward — shows 20, should be 0 (overstated +20)",OK - CALCULATED
22289578,28086646408,Convo Now,live,Convo Now: Access Complimentary,28062805389,2026-09-12,2026-10-12,30.0,30 days,Calculated 30-day,2.0,2,"Sep 2026, Oct 2026",Sep 2026 (bal -59.0) · Oct 2026 (bal 20.0),0.0,79.0,20,20.0,0.0,20.0,0.0,-39.0,"shows 20 min, should be 0 (overstated by 20 — 79 earlier-month min not carried forward)","🚩 Balance not carried forward — shows 20, should be 0 (overstated +20)",OK - CALCULATED
95495618,28112283434,Convo Now,live,Convo Now: Access Complimentary,28097128550,2026-09-12,2026-10-12,30.0,30 days,Calculated 30-day,2.0,2,"Sep 2026, Oct 2026",Sep 2026 (bal 12.0) · Oct 2026 (bal 20.0),0.0,8.0,20,20.0,12.0,8.0,12.0,32.0,"shows 20 min, should be 12 (overstated by 8 — 8 earlier-month min not carried forward)","🚩 Balance not carried forward — shows 20, should be 12 (overstated +8)",OK - CALCULATED
71337707,28125778195,Convo Now,live,Convo Now: Access Complimentary,28170239246,2026-09-13,2026-10-13,30.0,30 days,Calculated 30-day,2.0,2,"Sep 2026, Oct 2026",Sep 2026 (bal 15.0) · Oct 2026 (bal 20.0),0.0,5.0,20,20.0,15.0,5.0,15.0,35.0,"shows 20 min, should be 15 (overstated by 5 — 5 earlier-month min not carried forward)","🚩 Balance not carried forward — shows 20, should be 15 (overstated +5)",OK - CALCULATED
24015923,28211752247,Convo Now,live,Convo Now: Access Complimentary,28168567084,2026-09-14,2026-10-14,30.0,30 days,Calculated 30-day,2.0,2,"Sep 2026, Oct 2026",Sep 2026 (bal 19.0) · Oct 2026 (bal 18.0),0.0,3.0,20,18.0,17.0,1.0,17.0,37.0,"shows 18 min, should be 17 (overstated by 1 — 1 earlier-month min not carried forward)","🚩 Balance not carried forward — shows 18, should be 17 (overstated +1)",OK - CALCULATED
54930108,28213329708,Convo Now,live,Convo Now: Access Complimentary,28169723768,2026-09-14,2026-10-14,30.0,30 days,Calculated 30-day,2.0,2,"Sep 2026, Oct 2026",Sep 2026 (bal 18.0) · Oct 2026 (bal 12.0),0.0,10.0,20,12.0,10.0,2.0,10.0,30.0,"shows 12 min, should be 10 (overstated by 2 — 2 earlier-month min not carried forward)","🚩 Balance not carried forward — shows 12, should be 10 (overstated +2)",OK - CALCULATED
24945638,28314601899,Convo Now,live,Convo Now: Access Complimentary,28325723832,2026-09-15,2026-10-15,30.0,30 days,Calculated 30-day,2.0,2,"Sep 2026, Oct 2026",Sep 2026 (bal 11.0) · Oct 2026 (bal 20.0),0.0,9.0,20,20.0,11.0,9.0,11.0,31.0,"shows 20 min, should be 11 (overstated by 9 — 9 earlier-month min not carried forward)","🚩 Balance not carried forward — shows 20, should be 11 (overstated +9)",OK - CALCULATED
92772814,28379773522,Convo Now,live,Convo Now: Access Complimentary,28325268788,2026-09-15,2026-10-15,30.0,30 days,Calculated 30-day,2.0,2,"Sep 2026, Oct 2026",Sep 2026 (bal -44.0) · Oct 2026 (bal 20.0),0.0,64.0,20,20.0,0.0,20.0,0.0,-24.0,"shows 20 min, should be 0 (overstated by 20 — 64 earlier-month min not carried forward)","🚩 Balance not carried forward — shows 20, should be 0 (overstated +20)",OK - CALCULATED
17378189,28484808627,Convo Now,live,Convo Now: Access Complimentary,28408704148,2026-09-15,2026-10-15,30.0,30 days,Calculated 30-day,2.0,2,"Sep 2026, Oct 2026",Sep 2026 (bal -9.0) · Oct 2026 (bal 20.0),0.0,29.0,20,20.0,0.0,20.0,0.0,11.0,"shows 20 min, should be 0 (overstated by 20 — 29 earlier-month min not carried forward)","🚩 Balance not carried forward — shows 20, should be 0 (overstated +20)",OK - CALCULATED
32879048,28486093369,Convo Now,live,Convo Now: Access Complimentary,28399314332,2026-09-15,2026-10-15,30.0,30 days,Calculated 30-day,2.0,2,"Sep 2026, Oct 2026",Sep 2026 (bal 9.0) · Oct 2026 (bal 20.0),0.0,11.0,20,20.0,9.0,11.0,9.0,29.0,"shows 20 min, should be 9 (overstated by 11 — 11 earlier-month min not carried forward)","🚩 Balance not carried forward — shows 20, should be 9 (overstated +11)",OK - CALCULATED
29593270,28620497057,Convo Now,live,Convo Now: Access Complimentary,28635209057,2026-09-19,2026-10-19,30.0,30 days,Calculated 30-day,2.0,2,"Sep 2026, Oct 2026",Sep 2026 (bal -15.0) · Oct 2026 (bal 1.0),0.0,54.0,20,1.0,0.0,1.0,0.0,-14.0,"shows 1 min, should be 0 (overstated by 1 — 35 earlier-month min not carried forward)","🚩 Balance not carried forward — shows 1, should be 0 (overstated +1)",OK - CALCULATED
17116970,28627825669,Convo Now,live,Convo Now: Access Complimentary,28590509876,2026-09-19,2026-10-19,30.0,30 days,Calculated 30-day,2.0,2,"Sep 2026, Oct 2026",Sep 2026 (bal 18.0) · Oct 2026 (bal 20.0),0.0,2.0,20,20.0,18.0,2.0,18.0,38.0,"shows 20 min, should be 18 (overstated by 2 — 2 earlier-month min not carried forward)","🚩 Balance not carried forward — shows 20, should be 18 (overstated +2)",OK - CALCULATED
68621698,28640286797,Convo Now,live,Convo Now: Access Complimentary,28577133900,2026-09-19,2026-10-19,30.0,30 days,Calculated 30-day,2.0,2,"Sep 2026, Oct 2026",Sep 2026 (bal 3.0) · Oct 2026 (bal 20.0),0.0,17.0,20,20.0,3.0,17.0,3.0,23.0,"shows 20 min, should be 3 (overstated by 17 — 17 earlier-month min not carried forward)","🚩 Balance not carried forward — shows 20, should be 3 (overstated +17)",OK - CALCULATED
58506491,28642244902,Convo Now,live,Convo Now: Access Complimentary,28659509820,2026-09-20,2026-10-20,30.0,30 days,Calculated 30-day,2.0,2,"Sep 2026, Oct 2026",Sep 2026 (bal -22.0) · Oct 2026 (bal 20.0),0.0,42.0,20,20.0,0.0,20.0,0.0,-2.0,"shows 20 min, should be 0 (overstated by 20 — 42 earlier-month min not carried forward)","🚩 Balance not carried forward — shows 20, should be 0 (overstated +20)",OK - CALCULATED
70582505,28707463568,Convo Now,live,Convo Now: Access Complimentary,28642541876,2026-09-20,2026-10-20,30.0,30 days,Calculated 30-day,2.0,2,"Sep 2026, Oct 2026",Sep 2026 (bal 16.0) · Oct 2026 (bal 20.0),0.0,4.0,20,20.0,16.0,4.0,16.0,36.0,"shows 20 min, should be 16 (overstated by 4 — 4 earlier-month min not carried forward)","🚩 Balance not carried forward — shows 20, should be 16 (overstated +4)",OK - CALCULATED
65444603,28720908842,Convo Now,live,Convo Now: Access Complimentary,28729430439,2026-09-20,2026-10-20,30.0,30 days,Calculated 30-day,2.0,2,"Sep 2026, Oct 2026",Sep 2026 (bal 14.0) · Oct 2026 (bal 20.0),0.0,6.0,20,20.0,14.0,6.0,14.0,34.0,"shows 20 min, should be 14 (overstated by 6 — 6 earlier-month min not carried forward)","🚩 Balance not carried forward — shows 20, should be 14 (overstated +6)",OK - CALCULATED
86137974,28758063121,Convo Now,live,Convo Now: Access Complimentary,28729218157,2026-09-21,2026-10-21,30.0,30 days,Calculated 30-day,2.0,2,"Sep 2026, Oct 2026",Sep 2026 (bal 7.0) · Oct 2026 (bal 9.0),0.0,24.0,20,9.0,0.0,9.0,0.0,16.0,"shows 9 min, should be 0 (overstated by 9 — 13 earlier-month min not carried forward)","🚩 Balance not carried forward — shows 9, should be 0 (overstated +9)",OK - CALCULATED
77075286,28759231661,Convo Now,live,Convo Now: Access Complimentary,28760143919,2026-09-21,2026-10-21,30.0,30 days,Calculated 30-day,2.0,2,"Sep 2026, Oct 2026",Sep 2026 (bal 9.0) · Oct 2026 (bal 20.0),0.0,11.0,20,20.0,9.0,11.0,9.0,29.0,"shows 20 min, should be 9 (overstated by 11 — 11 earlier-month min not carried forward)","🚩 Balance not carried forward — shows 20, should be 9 (overstated +11)",OK - CALCULATED
86705233,28849388448,Convo Now,live,Convo Now: Access Complimentary,28843895992,2026-09-22,2026-10-22,30.0,30 days,Calculated 30-day,2.0,2,"Sep 2026, Oct 2026",Sep 2026 (bal 6.0) · Oct 2026 (bal 20.0),0.0,14.0,20,20.0,6.0,14.0,6.0,26.0,"shows 20 min, should be 6 (overstated by 14 — 14 earlier-month min not carried forward)","🚩 Balance not carried forward — shows 20, should be 6 (overstated +14)",OK - CALCULATED
35914234,28870968850,Convo Now,live,Convo Now: Access Complimentary,28871268137,2026-09-22,2026-10-22,30.0,30 days,Calculated 30-day,2.0,2,"Sep 2026, Oct 2026",Sep 2026 (bal 3.0) · Oct 2026 (bal 20.0),0.0,17.0,20,20.0,3.0,17.0,3.0,23.0,"shows 20 min, should be 3 (overstated by 17 — 17 earlier-month min not carried forward)","🚩 Balance not carried forward — shows 20, should be 3 (overstated +17)",OK - CALCULATED
44887213,28871130981,Convo Now,live,Convo Now: Access Complimentary,28862573742,2026-09-22,2026-10-22,30.0,30 days,Calculated 30-day,2.0,2,"Sep 2026, Oct 2026",Sep 2026 (bal -1.0) · Oct 2026 (bal 20.0),0.0,21.0,20,20.0,0.0,20.0,0.0,19.0,"shows 20 min, should be 0 (overstated by 20 — 21 earlier-month min not carried forward)","🚩 Balance not carried forward — shows 20, should be 0 (overstated +20)",OK - CALCULATED
86072851,28929513484,Convo Now,live,Convo Now: Access Complimentary,28927889710,2026-09-25,2026-10-25,30.0,30 days,Calculated 30-day,2.0,2,"Sep 2026, Oct 2026",Sep 2026 (bal -13.0) · Oct 2026 (bal 20.0),0.0,33.0,20,20.0,0.0,20.0,0.0,7.0,"shows 20 min, should be 0 (overstated by 20 — 33 earlier-month min not carried forward)","🚩 Balance not carried forward — shows 20, should be 0 (overstated +20)",OK - CALCULATED
22482476,28938122854,Convo Now,live,Convo Now: Access Complimentary,28927003550,2026-09-25,2026-10-25,30.0,30 days,Calculated 30-day,2.0,2,"Sep 2026, Oct 2026",Sep 2026 (bal 18.0) · Oct 2026 (bal 20.0),0.0,2.0,20,20.0,18.0,2.0,18.0,38.0,"shows 20 min, should be 18 (overstated by 2 — 2 earlier-month min not carried forward)","🚩 Balance not carried forward — shows 20, should be 18 (overstated +2)",OK - CALCULATED
78344000,28940266548,Convo Now,live,Convo Now: Access Complimentary,28943390648,2026-09-25,2026-10-25,30.0,30 days,Calculated 30-day,2.0,2,"Sep 2026, Oct 2026",Sep 2026 (bal 7.0) · Oct 2026 (bal 20.0),0.0,13.0,20,20.0,7.0,13.0,7.0,27.0,"shows 20 min, should be 7 (overstated by 13 — 13 earlier-month min not carried forward)","🚩 Balance not carried forward — shows 20, should be 7 (overstated +13)",OK - CALCULATED
77253414,28942864486,Convo Now,live,Convo Now: Access Complimentary,28941864830,2026-09-25,2026-10-25,30.0,30 days,Calculated 30-day,2.0,2,"Sep 2026, Oct 2026",Sep 2026 (bal -8.0) · Oct 2026 (bal 20.0),0.0,28.0,20,20.0,0.0,20.0,0.0,12.0,"shows 20 min, should be 0 (overstated by 20 — 28 earlier-month min not carried forward)","🚩 Balance not carried forward — shows 20, should be 0 (overstated +20)",OK - CALCULATED
91365945,29040029227,Convo Now,live,Convo Now: Access Complimentary,29059092244,2026-09-26,2026-10-26,30.0,30 days,Calculated 30-day,2.0,2,"Sep 2026, Oct 2026",Sep 2026 (bal 14.0) · Oct 2026 (bal 20.0),0.0,6.0,20,20.0,14.0,6.0,14.0,34.0,"shows 20 min, should be 14 (overstated by 6 — 6 earlier-month min not carried forward)","🚩 Balance not carried forward — shows 20, should be 14 (overstated +6)",OK - CALCULATED
33623098,29048406560,Convo Now,live,Convo Now: Access Complimentary,29052076594,2026-09-27,2026-10-27,30.0,30 days,Calculated 30-day,2.0,2,"Sep 2026, Oct 2026",Sep 2026 (bal 3.0) · Oct 2026 (bal 7.0),0.0,30.0,20,7.0,0.0,7.0,0.0,10.0,"shows 7 min, should be 0 (overstated by 7 — 17 earlier-month min not carried forward)","🚩 Balance not carried forward — shows 7, should be 0 (overstated +7)",OK - CALCULATED
20641511,29048406561,Convo Now,live,Convo Now: Access Complimentary,29061426605,2026-09-27,2026-10-27,30.0,30 days,Calculated 30-day,2.0,2,"Sep 2026, Oct 2026",Sep 2026 (bal -5.0) · Oct 2026 (bal 20.0),0.0,25.0,20,20.0,0.0,20.0,0.0,15.0,"shows 20 min, should be 0 (overstated by 20 — 25 earlier-month min not carried forward)","🚩 Balance not carried forward — shows 20, should be 0 (overstated +20)",OK - CALCULATED
46389496,29056777285,Convo Now,live,Convo Now: Access Complimentary,29059099147,2026-09-26,2026-10-26,30.0,30 days,Calculated 30-day,2.0,2,"Sep 2026, Oct 2026",Sep 2026 (bal 19.0) · Oct 2026 (bal 20.0),0.0,1.0,20,20.0,19.0,1.0,19.0,39.0,"shows 20 min, should be 19 (overstated by 1 — 1 earlier-month min not carried forward)","🚩 Balance not carried forward — shows 20, should be 19 (overstated +1)",OK - CALCULATED
96863168,29057548294,Convo Now,live,Convo Now: Access Complimentary,29055378086,2026-09-26,2026-10-26,30.0,30 days,Calculated 30-day,2.0,2,"Sep 2026, Oct 2026",Sep 2026 (bal 6.0) · Oct 2026 (bal 20.0),0.0,14.0,20,20.0,6.0,14.0,6.0,26.0,"shows 20 min, should be 6 (overstated by 14 — 14 earlier-month min not carried forward)","🚩 Balance not carried forward — shows 20, should be 6 (overstated +14)",OK - CALCULATED
63195450,29058788270,Convo Now,live,Convo Now: Access Complimentary,29051973480,2026-09-26,2026-10-26,30.0,30 days,Calculated 30-day,2.0,2,"Sep 2026, Oct 2026",Sep 2026 (bal -14.0) · Oct 2026 (bal 20.0),0.0,34.0,20,20.0,0.0,20.0,0.0,6.0,"shows 20 min, should be 0 (overstated by 20 — 34 earlier-month min not carried forward)","🚩 Balance not carried forward — shows 20, should be 0 (overstated +20)",OK - CALCULATED
63362485,29058788271,Convo Now,live,Convo Now: Access Complimentary,29043472670,2026-09-26,2026-10-26,30.0,30 days,Calculated 30-day,2.0,2,"Sep 2026, Oct 2026",Sep 2026 (bal -15.0) · Oct 2026 (bal 20.0),0.0,35.0,20,20.0,0.0,20.0,0.0,5.0,"shows 20 min, should be 0 (overstated by 20 — 35 earlier-month min not carried forward)","🚩 Balance not carried forward — shows 20, should be 0 (overstated +20)",OK - CALCULATED
83281630,29088695087,Convo Now,live,Convo Now: Access Complimentary,29092918192,2026-09-27,2026-10-27,30.0,30 days,Calculated 30-day,2.0,2,"Sep 2026, Oct 2026",Sep 2026 (bal -47.0) · Oct 2026 (bal 20.0),0.0,67.0,20,20.0,0.0,20.0,0.0,-27.0,"shows 20 min, should be 0 (overstated by 20 — 67 earlier-month min not carried forward)","🚩 Balance not carried forward — shows 20, should be 0 (overstated +20)",OK - CALCULATED
44201467,29095596977,Convo Now,live,Convo Now: Access Complimentary,29095593567,2026-09-27,2026-10-27,30.0,30 days,Calculated 30-day,2.0,2,"Sep 2026, Oct 2026",Sep 2026 (bal 7.0) · Oct 2026 (bal 20.0),0.0,13.0,20,20.0,7.0,13.0,7.0,27.0,"shows 20 min, should be 7 (overstated by 13 — 13 earlier-month min not carried forward)","🚩 Balance not carried forward — shows 20, should be 7 (overstated +13)",OK - CALCULATED
33966236,29124161376,Convo Now,live,Convo Now: Access Complimentary,29141874474,2026-09-27,2026-10-27,30.0,30 days,Calculated 30-day,2.0,2,"Sep 2026, Oct 2026",Sep 2026 (bal 6.0) · Oct 2026 (bal 20.0),0.0,14.0,20,20.0,6.0,14.0,6.0,26.0,"shows 20 min, should be 6 (overstated by 14 — 14 earlier-month min not carried forward)","🚩 Balance not carried forward — shows 20, should be 6 (overstated +14)",OK - CALCULATED
71953090,29129190427,Convo Now,live,Convo Now: Access Complimentary,29139058991,2026-09-28,2026-10-28,30.0,30 days,Calculated 30-day,2.0,2,"Sep 2026, Oct 2026",Sep 2026 (bal 12.0) · Oct 2026 (bal 20.0),0.0,8.0,20,20.0,12.0,8.0,12.0,32.0,"shows 20 min, should be 12 (overstated by 8 — 8 earlier-month min not carried forward)","🚩 Balance not carried forward — shows 20, should be 12 (overstated +8)",OK - CALCULATED
29017509,29132031014,Convo Now,live,Convo Now: Access Complimentary,29143424894,2026-09-27,2026-10-27,30.0,30 days,Calculated 30-day,2.0,2,"Sep 2026, Oct 2026",Sep 2026 (bal 16.0) · Oct 2026 (bal 20.0),0.0,4.0,20,20.0,16.0,4.0,16.0,36.0,"shows 20 min, should be 16 (overstated by 4 — 4 earlier-month min not carried forward)","🚩 Balance not carried forward — shows 20, should be 16 (overstated +4)",OK - CALCULATED
35228153,29142182202,Convo Now,live,Convo Now: Access Complimentary,29080994059,2026-09-27,2026-10-27,30.0,30 days,Calculated 30-day,2.0,2,"Sep 2026, Oct 2026",Sep 2026 (bal -54.0) · Oct 2026 (bal 3.0),0.0,91.0,20,3.0,0.0,3.0,0.0,-51.0,"shows 3 min, should be 0 (overstated by 3 — 74 earlier-month min not carried forward)","🚩 Balance not carried forward — shows 3, should be 0 (overstated +3)",OK - CALCULATED
31733385,29199793421,Convo Now,live,Convo Now: Access Complimentary,29193483127,2026-09-29,2026-10-29,30.0,30 days,Calculated 30-day,2.0,2,"Sep 2026, Oct 2026",Sep 2026 (bal 6.0) · Oct 2026 (bal 20.0),0.0,14.0,20,20.0,6.0,14.0,6.0,26.0,"shows 20 min, should be 6 (overstated by 14 — 14 earlier-month min not carried forward)","🚩 Balance not carried forward — shows 20, should be 6 (overstated +14)",OK - CALCULATED
50646548,29232856148,Convo Now,live,Convo Now: Access Complimentary,29222511237,2026-09-29,2026-10-29,30.0,30 days,Calculated 30-day,2.0,2,"Sep 2026, Oct 2026",Sep 2026 (bal -5.0) · Oct 2026 (bal 18.0),0.0,27.0,20,18.0,0.0,18.0,0.0,13.0,"shows 18 min, should be 0 (overstated by 18 — 25 earlier-month min not carried forward)","🚩 Balance not carried forward — shows 18, should be 0 (overstated +18)",OK - CALCULATED
74925134,29484328729,Convo Now,live,Convo Now: Access Complimentary,29476838023,2026-09-06,2026-10-06,30.0,30 days,Calculated 30-day,2.0,2,"Sep 2026, Oct 2026",Sep 2026 (bal 15.0) · Oct 2026 (bal 20.0),0.0,5.0,20,20.0,15.0,5.0,15.0,35.0,"shows 20 min, should be 15 (overstated by 5 — 5 earlier-month min not carried forward)","🚩 Balance not carried forward — shows 20, should be 15 (overstated +5)",OK - CALCULATED
79457301,29484667011,Convo Now,live,Convo Now: Access Complimentary,29483692622,2026-09-06,2026-10-06,30.0,30 days,Calculated 30-day,2.0,2,"Sep 2026, Oct 2026",Sep 2026 (bal 19.0) · Oct 2026 (bal 20.0),0.0,1.0,20,20.0,19.0,1.0,19.0,39.0,"shows 20 min, should be 19 (overstated by 1 — 1 earlier-month min not carried forward)","🚩 Balance not carried forward — shows 20, should be 19 (overstated +1)",OK - CALCULATED
49227664,29574525988,Convo Now,live,Convo Now: Access Complimentary,29582252184,2026-09-09,2026-10-09,30.0,30 days,Calculated 30-day,2.0,2,"Sep 2026, Oct 2026",Sep 2026 (bal 12.0) · Oct 2026 (bal 20.0),0.0,8.0,20,20.0,12.0,8.0,12.0,32.0,"shows 20 min, should be 12 (overstated by 8 — 8 earlier-month min not carried forward)","🚩 Balance not carried forward — shows 20, should be 12 (overstated +8)",OK - CALCULATED
35479178,29580409125,Convo Now,live,Convo Now: Access Complimentary,29585601800,2026-09-09,2026-10-09,30.0,30 days,Calculated 30-day,2.0,2,"Sep 2026, Oct 2026",Sep 2026 (bal 5.0) · Oct 2026 (bal 20.0),0.0,15.0,20,20.0,5.0,15.0,5.0,25.0,"shows 20 min, should be 5 (overstated by 15 — 15 earlier-month min not carried forward)","🚩 Balance not carried forward — shows 20, should be 5 (overstated +15)",OK - CALCULATED
40202719,29582779298,Convo Now,live,Convo Now: Access Complimentary,29580615850,2026-09-09,2026-10-09,30.0,30 days,Calculated 30-day,2.0,2,"Sep 2026, Oct 2026",Sep 2026 (bal -71.0) · Oct 2026 (bal 20.0),0.0,91.0,20,20.0,0.0,20.0,0.0,-51.0,"shows 20 min, should be 0 (overstated by 20 — 91 earlier-month min not carried forward)","🚩 Balance not carried forward — shows 20, should be 0 (overstated +20)",OK - CALCULATED
82591869,29616510559,Convo Now,live,Convo Now: Access Complimentary,29629262924,2026-09-10,2026-10-10,30.0,30 days,Calculated 30-day,2.0,2,"Sep 2026, Oct 2026",Sep 2026 (bal 8.0) · Oct 2026 (bal 20.0),0.0,12.0,20,20.0,8.0,12.0,8.0,28.0,"shows 20 min, should be 8 (overstated by 12 — 12 earlier-month min not carried forward)","🚩 Balance not carried forward — shows 20, should be 8 (overstated +12)",OK - CALCULATED
55337272,29620349510,Convo Now,live,Convo Now: Access Complimentary,29624362922,2026-09-10,2026-10-10,30.0,30 days,Calculated 30-day,2.0,2,"Sep 2026, Oct 2026",Sep 2026 (bal 11.0) · Oct 2026 (bal 16.0),0.0,13.0,20,16.0,7.0,9.0,7.0,27.0,"shows 16 min, should be 7 (overstated by 9 — 9 earlier-month min not carried forward)","🚩 Balance not carried forward — shows 16, should be 7 (overstated +9)",OK - CALCULATED
56241387,29620960073,Convo Now,live,Convo Now: Access Complimentary,29633847596,2026-09-10,2026-10-10,30.0,30 days,Calculated 30-day,2.0,2,"Sep 2026, Oct 2026",Sep 2026 (bal 19.0) · Oct 2026 (bal 20.0),0.0,1.0,20,20.0,19.0,1.0,19.0,39.0,"shows 20 min, should be 19 (overstated by 1 — 1 earlier-month min not carried forward)","🚩 Balance not carried forward — shows 20, should be 19 (overstated +1)",OK - CALCULATED
93751298,29622452907,Convo Now,live,Convo Now: Access Complimentary,29625799771,2026-09-10,2026-10-10,30.0,30 days,Calculated 30-day,2.0,2,"Sep 2026, Oct 2026",Sep 2026 (bal 16.0) · Oct 2026 (bal 19.0),0.0,5.0,20,19.0,15.0,4.0,15.0,35.0,"shows 19 min, should be 15 (overstated by 4 — 4 earlier-month min not carried forward)","🚩 Balance not carried forward — shows 19, should be 15 (overstated +4)",OK - CALCULATED
79166484,29626099864,Convo Now,live,Convo Now: Access Complimentary,29626878834,2026-09-10,2026-10-10,30.0,30 days,Calculated 30-day,2.0,2,"Sep 2026, Oct 2026",Sep 2026 (bal 8.0) · Oct 2026 (bal 20.0),0.0,12.0,20,20.0,8.0,12.0,8.0,28.0,"shows 20 min, should be 8 (overstated by 12 — 12 earlier-month min not carried forward)","🚩 Balance not carried forward — shows 20, should be 8 (overstated +12)",OK - CALCULATED
94544860,29626099865,Convo Now,live,Convo Now: Access Complimentary,29620893815,2026-09-10,2026-10-10,30.0,30 days,Calculated 30-day,2.0,2,"Sep 2026, Oct 2026",Sep 2026 (bal 17.0) · Oct 2026 (bal 20.0),0.0,3.0,20,20.0,17.0,3.0,17.0,37.0,"shows 20 min, should be 17 (overstated by 3 — 3 earlier-month min not carried forward)","🚩 Balance not carried forward — shows 20, should be 17 (overstated +3)",OK - CALCULATED
27866560,29632914864,Convo Now,live,Convo Now: Access Complimentary,29624026126,2026-09-10,2026-10-10,30.0,30 days,Calculated 30-day,2.0,2,"Sep 2026, Oct 2026",Sep 2026 (bal 19.0) · Oct 2026 (bal 20.0),0.0,1.0,20,20.0,19.0,1.0,19.0,39.0,"shows 20 min, should be 19 (overstated by 1 — 1 earlier-month min not carried forward)","🚩 Balance not carried forward — shows 20, should be 19 (overstated +1)",OK - CALCULATED
61948816,29670851218,Convo Now,live,Convo Now: Access Complimentary,29690041686,2026-09-11,2026-10-11,30.0,30 days,Calculated 30-day,2.0,2,"Sep 2026, Oct 2026",Sep 2026 (bal 8.0) · Oct 2026 (bal 20.0),0.0,12.0,20,20.0,8.0,12.0,8.0,28.0,"shows 20 min, should be 8 (overstated by 12 — 12 earlier-month min not carried forward)","🚩 Balance not carried forward — shows 20, should be 8 (overstated +12)",OK - CALCULATED
91547660,29866079597,Convo Now,live,Convo Now: Access Complimentary,29871909418,2026-09-16,2026-10-16,30.0,30 days,Calculated 30-day,2.0,2,"Sep 2026, Oct 2026",Sep 2026 (bal -1.0) · Oct 2026 (bal 20.0),0.0,21.0,20,20.0,0.0,20.0,0.0,19.0,"shows 20 min, should be 0 (overstated by 20 — 21 earlier-month min not carried forward)","🚩 Balance not carried forward — shows 20, should be 0 (overstated +20)",OK - CALCULATED
25233558,29867042308,Convo Now,live,Convo Now: Access Complimentary,29866413079,2026-09-16,2026-10-16,30.0,30 days,Calculated 30-day,2.0,2,"Sep 2026, Oct 2026",Sep 2026 (bal -10.0) · Oct 2026 (bal 20.0),0.0,30.0,20,20.0,0.0,20.0,0.0,10.0,"shows 20 min, should be 0 (overstated by 20 — 30 earlier-month min not carried forward)","🚩 Balance not carried forward — shows 20, should be 0 (overstated +20)",OK - CALCULATED
69878034,29916001797,Convo Now,live,Convo Now: Access Complimentary,29917137307,2026-09-17,2026-10-17,30.0,30 days,Calculated 30-day,2.0,2,"Sep 2026, Oct 2026",Sep 2026 (bal -6.0) · Oct 2026 (bal 20.0),0.0,26.0,20,20.0,0.0,20.0,0.0,14.0,"shows 20 min, should be 0 (overstated by 20 — 26 earlier-month min not carried forward)","🚩 Balance not carried forward — shows 20, should be 0 (overstated +20)",OK - CALCULATED
55759064,29940502320,Convo Now,live,Convo Now: Access Complimentary,29954204823,2026-09-18,2026-10-18,30.0,30 days,Calculated 30-day,2.0,2,"Sep 2026, Oct 2026",Sep 2026 (bal 18.0) · Oct 2026 (bal 20.0),0.0,2.0,20,20.0,18.0,2.0,18.0,38.0,"shows 20 min, should be 18 (overstated by 2 — 2 earlier-month min not carried forward)","🚩 Balance not carried forward — shows 20, should be 18 (overstated +2)",OK - CALCULATED
74789546,29943798189,Convo Now,live,Convo Now: Access Complimentary,29952458362,2026-09-18,2026-10-18,30.0,30 days,Calculated 30-day,2.0,2,"Sep 2026, Oct 2026",Sep 2026 (bal 17.0) · Oct 2026 (bal 20.0),0.0,3.0,20,20.0,17.0,3.0,17.0,37.0,"shows 20 min, should be 17 (overstated by 3 — 3 earlier-month min not carried forward)","🚩 Balance not carried forward — shows 20, should be 17 (overstated +3)",OK - CALCULATED
47652833,29949642865,Convo Now,live,Convo Now: Access Complimentary,29949328789,2026-09-18,2026-10-18,30.0,30 days,Calculated 30-day,2.0,2,"Sep 2026, Oct 2026",Sep 2026 (bal 1.0) · Oct 2026 (bal 20.0),0.0,19.0,20,20.0,1.0,19.0,1.0,21.0,"shows 20 min, should be 1 (overstated by 19 — 19 earlier-month min not carried forward)","🚩 Balance not carried forward — shows 20, should be 1 (overstated +19)",OK - CALCULATED
38287339,29977758105,Convo Now,live,Convo Now: Access Complimentary,29981574726,2026-09-19,2026-10-19,30.0,30 days,Calculated 30-day,2.0,2,"Sep 2026, Oct 2026",Sep 2026 (bal -31.0) · Oct 2026 (bal 20.0),0.0,51.0,20,20.0,0.0,20.0,0.0,-11.0,"shows 20 min, should be 0 (overstated by 20 — 51 earlier-month min not carried forward)","🚩 Balance not carried forward — shows 20, should be 0 (overstated +20)",OK - CALCULATED
90389567,29986682389,Convo Now,live,Convo Now: Access Complimentary,29975573134,2026-09-19,2026-10-19,30.0,30 days,Calculated 30-day,2.0,2,"Sep 2026, Oct 2026",Sep 2026 (bal 13.0) · Oct 2026 (bal 20.0),0.0,7.0,20,20.0,13.0,7.0,13.0,33.0,"shows 20 min, should be 13 (overstated by 7 — 7 earlier-month min not carried forward)","🚩 Balance not carried forward — shows 20, should be 13 (overstated +7)",OK - CALCULATED
76846150,30014203697,Convo Now,live,Convo Now: Access Complimentary,30013039458,2026-09-20,2026-10-20,30.0,30 days,Calculated 30-day,2.0,2,"Sep 2026, Oct 2026",Sep 2026 (bal 13.0) · Oct 2026 (bal 20.0),0.0,7.0,20,20.0,13.0,7.0,13.0,33.0,"shows 20 min, should be 13 (overstated by 7 — 7 earlier-month min not carried forward)","🚩 Balance not carried forward — shows 20, should be 13 (overstated +7)",OK - CALCULATED
87054394,30022016170,Convo Now,live,Convo Now: Access Complimentary,30018830886,2026-09-20,2026-10-20,30.0,30 days,Calculated 30-day,2.0,2,"Sep 2026, Oct 2026",Sep 2026 (bal 17.0) · Oct 2026 (bal 20.0),0.0,3.0,20,20.0,17.0,3.0,17.0,37.0,"shows 20 min, should be 17 (overstated by 3 — 3 earlier-month min not carried forward)","🚩 Balance not carried forward — shows 20, should be 17 (overstated +3)",OK - CALCULATED
35836365,30111016242,Convo Now,live,Convo Now: Access Complimentary,30143667979,2026-09-23,2026-10-23,30.0,30 days,Calculated 30-day,2.0,2,"Sep 2026, Oct 2026",Sep 2026 (bal 14.0) · Oct 2026 (bal 20.0),0.0,6.0,20,20.0,14.0,6.0,14.0,34.0,"shows 20 min, should be 14 (overstated by 6 — 6 earlier-month min not carried forward)","🚩 Balance not carried forward — shows 20, should be 14 (overstated +6)",OK - CALCULATED
38794706,30161994312,Convo Now,live,Convo Now: Access Complimentary,30169412177,2026-09-24,2026-10-24,30.0,30 days,Calculated 30-day,2.0,2,"Sep 2026, Oct 2026",Sep 2026 (bal -8.0) · Oct 2026 (bal 20.0),0.0,28.0,20,20.0,0.0,20.0,0.0,12.0,"shows 20 min, should be 0 (overstated by 20 — 28 earlier-month min not carried forward)","🚩 Balance not carried forward — shows 20, should be 0 (overstated +20)",OK - CALCULATED
13082135,30174347288,Convo Now,live,Convo Now: Access Complimentary,30169274274,2026-09-24,2026-10-24,30.0,30 days,Calculated 30-day,2.0,2,"Sep 2026, Oct 2026",Sep 2026 (bal 16.0) · Oct 2026 (bal 20.0),0.0,4.0,20,20.0,16.0,4.0,16.0,36.0,"shows 20 min, should be 16 (overstated by 4 — 4 earlier-month min not carried forward)","🚩 Balance not carried forward — shows 20, should be 16 (overstated +4)",OK - CALCULATED
63785525,30191095220,Convo Now,live,Convo Now: Access Complimentary,30186632080,2026-09-24,2026-10-24,30.0,30 days,Calculated 30-day,2.0,2,"Sep 2026, Oct 2026",Sep 2026 (bal 19.0) · Oct 2026 (bal 17.0),0.0,4.0,20,17.0,16.0,1.0,16.0,36.0,"shows 17 min, should be 16 (overstated by 1 — 1 earlier-month min not carried forward)","🚩 Balance not carried forward — shows 17, should be 16 (overstated +1)",OK - CALCULATED
51731313,30437139856,Convo Now,live,Convo Now: Access Complimentary,30432296120,2026-09-30,2026-10-30,30.0,30 days,Calculated 30-day,2.0,2,"Sep 2026, Oct 2026",Sep 2026 (bal 13.0) · Oct 2026 (bal 20.0),0.0,7.0,20,20.0,13.0,7.0,13.0,33.0,"shows 20 min, should be 13 (overstated by 7 — 7 earlier-month min not carried forward)","🚩 Balance not carried forward — shows 20, should be 13 (overstated +7)",OK - CALCULATED
31801123,30437853071,Convo Now,live,Convo Now: Access Complimentary,30439223644,2026-09-30,2026-10-30,30.0,30 days,Calculated 30-day,2.0,2,"Sep 2026, Oct 2026",Sep 2026 (bal 13.0) · Oct 2026 (bal 20.0),0.0,7.0,20,20.0,13.0,7.0,13.0,33.0,"shows 20 min, should be 13 (overstated by 7 — 7 earlier-month min not carried forward)","🚩 Balance not carried forward — shows 20, should be 13 (overstated +7)",OK - CALCULATED
82670801,30921174141,Convo Now,live,Convo Now: Access Complimentary,30950549162,2026-09-09,2026-10-09,30.0,30 days,Calculated 30-day,2.0,2,"Sep 2026, Oct 2026",Sep 2026 (bal 15.0) · Oct 2026 (bal 20.0),0.0,5.0,20,20.0,15.0,5.0,15.0,35.0,"shows 20 min, should be 15 (overstated by 5 — 5 earlier-month min not carried forward)","🚩 Balance not carried forward — shows 20, should be 15 (overstated +5)",OK - CALCULATED
87079569,31054305368,Convo Now,live,Convo Now: Access Complimentary,31011051637,2026-09-11,2026-10-11,30.0,30 days,Calculated 30-day,2.0,2,"Sep 2026, Oct 2026",Sep 2026 (bal 17.0) · Oct 2026 (bal 20.0),0.0,3.0,20,20.0,17.0,3.0,17.0,37.0,"shows 20 min, should be 17 (overstated by 3 — 3 earlier-month min not carried forward)","🚩 Balance not carried forward — shows 20, should be 17 (overstated +3)",OK - CALCULATED
88116756,31093287974,Convo Now,live,Convo Now: Access Complimentary,31097236037,2026-09-12,2026-10-12,30.0,30 days,Calculated 30-day,2.0,2,"Sep 2026, Oct 2026",Sep 2026 (bal -31.0) · Oct 2026 (bal 20.0),0.0,51.0,20,20.0,0.0,20.0,0.0,-11.0,"shows 20 min, should be 0 (overstated by 20 — 51 earlier-month min not carried forward)","🚩 Balance not carried forward — shows 20, should be 0 (overstated +20)",OK - CALCULATED
73196615,31202287998,Convo Now,live,Convo Now: Access Complimentary,31200258141,2026-09-14,2026-10-14,30.0,30 days,Calculated 30-day,2.0,2,"Sep 2026, Oct 2026",Sep 2026 (bal 16.0) · Oct 2026 (bal 20.0),0.0,4.0,20,20.0,16.0,4.0,16.0,36.0,"shows 20 min, should be 16 (overstated by 4 — 4 earlier-month min not carried forward)","🚩 Balance not carried forward — shows 20, should be 16 (overstated +4)",OK - CALCULATED
97787961,31269406625,Convo Now,live,Convo Now: Access Complimentary,31283544600,2026-09-15,2026-10-15,30.0,30 days,Calculated 30-day,2.0,2,"Sep 2026, Oct 2026",Sep 2026 (bal -13.0) · Oct 2026 (bal 20.0),0.0,33.0,20,20.0,0.0,20.0,0.0,7.0,"shows 20 min, should be 0 (overstated by 20 — 33 earlier-month min not carried forward)","🚩 Balance not carried forward — shows 20, should be 0 (overstated +20)",OK - CALCULATED
55483148,31277238624,Convo Now,live,Convo Now: Access Complimentary,31274297254,2026-09-15,2026-10-15,30.0,30 days,Calculated 30-day,2.0,2,"Sep 2026, Oct 2026",Sep 2026 (bal 19.0) · Oct 2026 (bal 20.0),0.0,1.0,20,20.0,19.0,1.0,19.0,39.0,"shows 20 min, should be 19 (overstated by 1 — 1 earlier-month min not carried forward)","🚩 Balance not carried forward — shows 20, should be 19 (overstated +1)",OK - CALCULATED
28876103,31307303842,Convo Now,live,Convo Now: Access Complimentary,31310866237,2026-09-16,2026-10-16,30.0,30 days,Calculated 30-day,2.0,2,"Sep 2026, Oct 2026",Sep 2026 (bal -7.0) · Oct 2026 (bal 20.0),0.0,27.0,20,20.0,0.0,20.0,0.0,13.0,"shows 20 min, should be 0 (overstated by 20 — 27 earlier-month min not carried forward)","🚩 Balance not carried forward — shows 20, should be 0 (overstated +20)",OK - CALCULATED
19057814,31307303844,Convo Now,live,Convo Now: Access Complimentary,31314248084,2026-09-16,2026-10-16,30.0,30 days,Calculated 30-day,2.0,2,"Sep 2026, Oct 2026",Sep 2026 (bal 5.0) · Oct 2026 (bal 20.0),0.0,15.0,20,20.0,5.0,15.0,5.0,25.0,"shows 20 min, should be 5 (overstated by 15 — 15 earlier-month min not carried forward)","🚩 Balance not carried forward — shows 20, should be 5 (overstated +15)",OK - CALCULATED
84268305,31307963177,Convo Now,live,Convo Now: Access Complimentary,31314868506,2026-09-16,2026-10-16,30.0,30 days,Calculated 30-day,2.0,2,"Sep 2026, Oct 2026",Sep 2026 (bal 10.0) · Oct 2026 (bal 20.0),0.0,10.0,20,20.0,10.0,10.0,10.0,30.0,"shows 20 min, should be 10 (overstated by 10 — 10 earlier-month min not carried forward)","🚩 Balance not carried forward — shows 20, should be 10 (overstated +10)",OK - CALCULATED
25611237,31308232540,Convo Now,live,Convo Now: Access Complimentary,31310211498,2026-09-16,2026-10-16,30.0,30 days,Calculated 30-day,2.0,2,"Sep 2026, Oct 2026",Sep 2026 (bal 14.0) · Oct 2026 (bal 14.0),0.0,12.0,20,14.0,8.0,6.0,8.0,28.0,"shows 14 min, should be 8 (overstated by 6 — 6 earlier-month min not carried forward)","🚩 Balance not carried forward — shows 14, should be 8 (overstated +6)",OK - CALCULATED
80085644,31308697714,Convo Now,live,Convo Now: Access Complimentary,31308847208,2026-09-16,2026-10-16,30.0,30 days,Calculated 30-day,2.0,2,"Sep 2026, Oct 2026",Sep 2026 (bal -4.0) · Oct 2026 (bal 20.0),0.0,24.0,20,20.0,0.0,20.0,0.0,16.0,"shows 20 min, should be 0 (overstated by 20 — 24 earlier-month min not carried forward)","🚩 Balance not carried forward — shows 20, should be 0 (overstated +20)",OK - CALCULATED
77823892,31310987071,Convo Now,live,Convo Now: Access Complimentary,31308059764,2026-09-16,2026-10-16,30.0,30 days,Calculated 30-day,2.0,2,"Sep 2026, Oct 2026",Sep 2026 (bal 3.0) · Oct 2026 (bal 20.0),0.0,17.0,20,20.0,3.0,17.0,3.0,23.0,"shows 20 min, should be 3 (overstated by 17 — 17 earlier-month min not carried forward)","🚩 Balance not carried forward — shows 20, should be 3 (overstated +17)",OK - CALCULATED
39716934,31311929985,Convo Now,live,Convo Now: Access Complimentary,31311768674,2026-09-16,2026-10-16,30.0,30 days,Calculated 30-day,2.0,2,"Sep 2026, Oct 2026",Sep 2026 (bal -2.0) · Oct 2026 (bal 20.0),0.0,22.0,20,20.0,0.0,20.0,0.0,18.0,"shows 20 min, should be 0 (overstated by 20 — 22 earlier-month min not carried forward)","🚩 Balance not carried forward — shows 20, should be 0 (overstated +20)",OK - CALCULATED
83610942,31316426114,Convo Now,live,Convo Now: Access Complimentary,31311917118,2026-09-16,2026-10-16,30.0,30 days,Calculated 30-day,2.0,2,"Sep 2026, Oct 2026",Sep 2026 (bal 7.0) · Oct 2026 (bal 20.0),0.0,13.0,20,20.0,7.0,13.0,7.0,27.0,"shows 20 min, should be 7 (overstated by 13 — 13 earlier-month min not carried forward)","🚩 Balance not carried forward — shows 20, should be 7 (overstated +13)",OK - CALCULATED
58769544,31316628630,Convo Now,live,Convo Now: Access Complimentary,31305536301,2026-09-16,2026-10-16,30.0,30 days,Calculated 30-day,2.0,2,"Sep 2026, Oct 2026",Sep 2026 (bal 16.0) · Oct 2026 (bal 8.0),0.0,16.0,20,8.0,4.0,4.0,4.0,24.0,"shows 8 min, should be 4 (overstated by 4 — 4 earlier-month min not carried forward)","🚩 Balance not carried forward — shows 8, should be 4 (overstated +4)",OK - CALCULATED
82860361,31317076358,Convo Now,live,Convo Now: Access Complimentary,31317234348,2026-09-16,2026-10-16,30.0,30 days,Calculated 30-day,2.0,2,"Sep 2026, Oct 2026",Sep 2026 (bal 17.0) · Oct 2026 (bal 20.0),0.0,3.0,20,20.0,17.0,3.0,17.0,37.0,"shows 20 min, should be 17 (overstated by 3 — 3 earlier-month min not carried forward)","🚩 Balance not carried forward — shows 20, should be 17 (overstated +3)",OK - CALCULATED
25245976,31319090522,Convo Now,live,Convo Now: Access Complimentary,31317693955,2026-09-16,2026-10-16,30.0,30 days,Calculated 30-day,2.0,2,"Sep 2026, Oct 2026",Sep 2026 (bal -39.0) · Oct 2026 (bal 20.0),0.0,59.0,20,20.0,0.0,20.0,0.0,-19.0,"shows 20 min, should be 0 (overstated by 20 — 59 earlier-month min not carried forward)","🚩 Balance not carried forward — shows 20, should be 0 (overstated +20)",OK - CALCULATED
66139801,31348220759,Convo Now,live,Convo Now: Access Complimentary,31344675164,2026-09-17,2026-10-17,30.0,30 days,Calculated 30-day,2.0,2,"Sep 2026, Oct 2026",Sep 2026 (bal 9.0) · Oct 2026 (bal 20.0),0.0,11.0,20,20.0,9.0,11.0,9.0,29.0,"shows 20 min, should be 9 (overstated by 11 — 11 earlier-month min not carried forward)","🚩 Balance not carried forward — shows 20, should be 9 (overstated +11)",OK - CALCULATED
12834569,31393964950,Convo Now,live,Convo Now: Access Complimentary,31403103391,2026-09-17,2026-10-17,30.0,30 days,Calculated 30-day,2.0,2,"Sep 2026, Oct 2026",Sep 2026 (bal 3.0) · Oct 2026 (bal 16.0),0.0,21.0,20,16.0,0.0,16.0,0.0,19.0,"shows 16 min, should be 0 (overstated by 16 — 17 earlier-month min not carried forward)","🚩 Balance not carried forward — shows 16, should be 0 (overstated +16)",OK - CALCULATED
70482857,31395793727,Convo Now,live,Convo Now: Access Complimentary,31387142274,2026-09-17,2026-10-17,30.0,30 days,Calculated 30-day,2.0,2,"Sep 2026, Oct 2026",Sep 2026 (bal 12.0) · Oct 2026 (bal 12.0),0.0,16.0,20,12.0,4.0,8.0,4.0,24.0,"shows 12 min, should be 4 (overstated by 8 — 8 earlier-month min not carried forward)","🚩 Balance not carried forward — shows 12, should be 4 (overstated +8)",OK - CALCULATED
90746640,31396583347,Convo Now,live,Convo Now: Access Complimentary,31410076227,2026-09-17,2026-10-17,30.0,30 days,Calculated 30-day,2.0,2,"Sep 2026, Oct 2026",Sep 2026 (bal 11.0) · Oct 2026 (bal 20.0),0.0,9.0,20,20.0,11.0,9.0,11.0,31.0,"shows 20 min, should be 11 (overstated by 9 — 9 earlier-month min not carried forward)","🚩 Balance not carried forward — shows 20, should be 11 (overstated +9)",OK - CALCULATED
99556578,31400748863,Convo Now,live,Convo Now: Access Complimentary,31395323399,2026-09-17,2026-10-17,30.0,30 days,Calculated 30-day,2.0,2,"Sep 2026, Oct 2026",Sep 2026 (bal 9.0) · Oct 2026 (bal 20.0),0.0,11.0,20,20.0,9.0,11.0,9.0,29.0,"shows 20 min, should be 9 (overstated by 11 — 11 earlier-month min not carried forward)","🚩 Balance not carried forward — shows 20, should be 9 (overstated +11)",OK - CALCULATED
62783738,31401060370,Convo Now,live,Convo Now: Access Complimentary,31392100105,2026-09-17,2026-10-17,30.0,30 days,Calculated 30-day,2.0,2,"Sep 2026, Oct 2026",Sep 2026 (bal 3.0) · Oct 2026 (bal 20.0),0.0,17.0,20,20.0,3.0,17.0,3.0,23.0,"shows 20 min, should be 3 (overstated by 17 — 17 earlier-month min not carried forward)","🚩 Balance not carried forward — shows 20, should be 3 (overstated +17)",OK - CALCULATED
93815293,31403103342,Convo Now,live,Convo Now: Access Complimentary,31386838382,2026-09-17,2026-10-17,30.0,30 days,Calculated 30-day,2.0,2,"Sep 2026, Oct 2026",Sep 2026 (bal -7.0) · Oct 2026 (bal 20.0),0.0,27.0,20,20.0,0.0,20.0,0.0,13.0,"shows 20 min, should be 0 (overstated by 20 — 27 earlier-month min not carried forward)","🚩 Balance not carried forward — shows 20, should be 0 (overstated +20)",OK - CALCULATED
65298680,31571574566,Convo Now,live,Convo Now: Access Complimentary,31574248627,2026-09-21,2026-10-21,30.0,30 days,Calculated 30-day,2.0,2,"Sep 2026, Oct 2026",Sep 2026 (bal 16.0) · Oct 2026 (bal 20.0),0.0,4.0,20,20.0,16.0,4.0,16.0,36.0,"shows 20 min, should be 16 (overstated by 4 — 4 earlier-month min not carried forward)","🚩 Balance not carried forward — shows 20, should be 16 (overstated +4)",OK - CALCULATED
41993550,31681862260,Convo Now,live,Convo Now: Access Complimentary,31690565438,2026-09-23,2026-10-23,30.0,30 days,Calculated 30-day,2.0,2,"Sep 2026, Oct 2026",Sep 2026 (bal 2.0) · Oct 2026 (bal 20.0),0.0,18.0,20,20.0,2.0,18.0,2.0,22.0,"shows 20 min, should be 2 (overstated by 18 — 18 earlier-month min not carried forward)","🚩 Balance not carried forward — shows 20, should be 2 (overstated +18)",OK - CALCULATED
68434495,31754377894,Convo Now,live,Convo Now: Access Complimentary,31719507849,2026-09-24,2026-10-24,30.0,30 days,Calculated 30-day,2.0,2,"Sep 2026, Oct 2026",Sep 2026 (bal 0.0) · Oct 2026 (bal 20.0),0.0,20.0,20,20.0,0.0,20.0,0.0,20.0,"shows 20 min, should be 0 (overstated by 20 — 20 earlier-month min not carried forward)","🚩 Balance not carried forward — shows 20, should be 0 (overstated +20)",OK - CALCULATED
19664718,31793764762,Convo Now,live,Convo Now: Access Complimentary,31793085752,2026-09-25,2026-10-25,30.0,30 days,Calculated 30-day,2.0,2,"Sep 2026, Oct 2026",Sep 2026 (bal 10.0) · Oct 2026 (bal 20.0),0.0,10.0,20,20.0,10.0,10.0,10.0,30.0,"shows 20 min, should be 10 (overstated by 10 — 10 earlier-month min not carried forward)","🚩 Balance not carried forward — shows 20, should be 10 (overstated +10)",OK - CALCULATED
69314054,31798915392,Convo Now,live,Convo Now: Access Complimentary,31800105540,2026-09-25,2026-10-25,30.0,30 days,Calculated 30-day,2.0,2,"Sep 2026, Oct 2026",Sep 2026 (bal 16.0) · Oct 2026 (bal 15.0),0.0,9.0,20,15.0,11.0,4.0,11.0,31.0,"shows 15 min, should be 11 (overstated by 4 — 4 earlier-month min not carried forward)","🚩 Balance not carried forward — shows 15, should be 11 (overstated +4)",OK - CALCULATED
99286007,31946773052,Convo Now,live,Convo Now: Access Complimentary,31958168472,2026-09-28,2026-10-28,30.0,30 days,Calculated 30-day,2.0,2,"Sep 2026, Oct 2026",Sep 2026 (bal -3.0) · Oct 2026 (bal 20.0),0.0,23.0,20,20.0,0.0,20.0,0.0,17.0,"shows 20 min, should be 0 (overstated by 20 — 23 earlier-month min not carried forward)","🚩 Balance not carried forward — shows 20, should be 0 (overstated +20)",OK - CALCULATED
95106092,31971047788,Convo Now,live,Convo Now: Access Complimentary,31979476622,2026-09-28,2026-10-28,30.0,30 days,Calculated 30-day,2.0,2,"Sep 2026, Oct 2026",Sep 2026 (bal 17.0) · Oct 2026 (bal 20.0),0.0,3.0,20,20.0,17.0,3.0,17.0,37.0,"shows 20 min, should be 17 (overstated by 3 — 3 earlier-month min not carried forward)","🚩 Balance not carried forward — shows 20, should be 17 (overstated +3)",OK - CALCULATED
92204184,32047935242,Convo Now,live,Convo Now: Access Complimentary,32061851730,2026-09-29,2026-10-29,30.0,30 days,Calculated 30-day,2.0,2,"Sep 2026, Oct 2026",Sep 2026 (bal -1.0) · Oct 2026 (bal 20.0),0.0,21.0,20,20.0,0.0,20.0,0.0,19.0,"shows 20 min, should be 0 (overstated by 20 — 21 earlier-month min not carried forward)","🚩 Balance not carried forward — shows 20, should be 0 (overstated +20)",OK - CALCULATED
42352572,32104730205,Convo Now,live,Convo Now: Access Complimentary,32094945340,2026-09-30,2026-10-30,30.0,30 days,Calculated 30-day,2.0,2,"Sep 2026, Oct 2026",Sep 2026 (bal 3.0) · Oct 2026 (bal 20.0),0.0,17.0,20,20.0,3.0,17.0,3.0,23.0,"shows 20 min, should be 3 (overstated by 17 — 17 earlier-month min not carried forward)","🚩 Balance not carried forward — shows 20, should be 3 (overstated +17)",OK - CALCULATED
97698849,32109706508,Convo Now,live,Convo Now: Access Complimentary,32112031592,2026-09-30,2026-10-30,30.0,30 days,Calculated 30-day,2.0,2,"Sep 2026, Oct 2026",Sep 2026 (bal 10.0) · Oct 2026 (bal 20.0),0.0,10.0,20,20.0,10.0,10.0,10.0,30.0,"shows 20 min, should be 10 (overstated by 10 — 10 earlier-month min not carried forward)","🚩 Balance not carried forward — shows 20, should be 10 (overstated +10)",OK - CALCULATED
45785568,32112802630,Convo Now,live,Convo Now: Access Complimentary,32113586709,2026-09-30,2026-10-30,30.0,30 days,Calculated 30-day,2.0,2,"Sep 2026, Oct 2026",Sep 2026 (bal 15.0) · Oct 2026 (bal 15.0),0.0,10.0,20,15.0,10.0,5.0,10.0,30.0,"shows 15 min, should be 10 (overstated by 5 — 5 earlier-month min not carried forward)","🚩 Balance not carried forward — shows 15, should be 10 (overstated +5)",OK - CALCULATED
37697863,32115571719,Convo Now,live,Convo Now: Access Complimentary,32095533734,2026-09-30,2026-10-30,30.0,30 days,Calculated 30-day,2.0,2,"Sep 2026, Oct 2026",Sep 2026 (bal 19.0) · Oct 2026 (bal 20.0),0.0,1.0,20,20.0,19.0,1.0,19.0,39.0,"shows 20 min, should be 19 (overstated by 1 — 1 earlier-month min not carried forward)","🚩 Balance not carried forward — shows 20, should be 19 (overstated +1)",OK - CALCULATED
66808952,32692861222,Convo Now,live,Convo Now: Access Complimentary,32693942655,2026-09-07,2026-10-07,30.0,30 days,Calculated 30-day,2.0,2,"Sep 2026, Oct 2026",Sep 2026 (bal -9.0) · Oct 2026 (bal 20.0),0.0,29.0,20,20.0,0.0,20.0,0.0,11.0,"shows 20 min, should be 0 (overstated by 20 — 29 earlier-month min not carried forward)","🚩 Balance not carried forward — shows 20, should be 0 (overstated +20)",OK - CALCULATED
22055215,32715536399,Convo Now,live,Convo Now: Access Complimentary,32677096594,2026-09-07,2026-10-07,30.0,30 days,Calculated 30-day,2.0,2,"Sep 2026, Oct 2026",Sep 2026 (bal 8.0) · Oct 2026 (bal 20.0),0.0,12.0,20,20.0,8.0,12.0,8.0,28.0,"shows 20 min, should be 8 (overstated by 12 — 12 earlier-month min not carried forward)","🚩 Balance not carried forward — shows 20, should be 8 (overstated +12)",OK - CALCULATED
66204801,32777496376,Convo Now,live,Convo Now: Access Complimentary,32770234549,2026-09-08,2026-10-08,30.0,30 days,Calculated 30-day,2.0,2,"Sep 2026, Oct 2026",Sep 2026 (bal -10.0) · Oct 2026 (bal 20.0),0.0,30.0,20,20.0,0.0,20.0,0.0,10.0,"shows 20 min, should be 0 (overstated by 20 — 30 earlier-month min not carried forward)","🚩 Balance not carried forward — shows 20, should be 0 (overstated +20)",OK - CALCULATED
82306493,32834024973,Convo Now,live,Convo Now: Access Complimentary,32773031452,2026-09-08,2026-10-08,30.0,30 days,Calculated 30-day,2.0,2,"Sep 2026, Oct 2026",Sep 2026 (bal -3.0) · Oct 2026 (bal 20.0),0.0,23.0,20,20.0,0.0,20.0,0.0,17.0,"shows 20 min, should be 0 (overstated by 20 — 23 earlier-month min not carried forward)","🚩 Balance not carried forward — shows 20, should be 0 (overstated +20)",OK - CALCULATED
67225110,32914315175,Convo Now,live,Convo Now: Access Complimentary,32926518675,2026-09-09,2026-10-09,30.0,30 days,Calculated 30-day,2.0,2,"Sep 2026, Oct 2026",Sep 2026 (bal 18.0) · Oct 2026 (bal 20.0),0.0,2.0,20,20.0,18.0,2.0,18.0,38.0,"shows 20 min, should be 18 (overstated by 2 — 2 earlier-month min not carried forward)","🚩 Balance not carried forward — shows 20, should be 18 (overstated +2)",OK - CALCULATED
94491613,32945487516,Convo Now,live,Convo Now: Access Complimentary,32940220846,2026-09-09,2026-10-09,30.0,30 days,Calculated 30-day,2.0,2,"Sep 2026, Oct 2026",Sep 2026 (bal 19.0) · Oct 2026 (bal 16.0),0.0,5.0,20,16.0,15.0,1.0,15.0,35.0,"shows 16 min, should be 15 (overstated by 1 — 1 earlier-month min not carried forward)","🚩 Balance not carried forward — shows 16, should be 15 (overstated +1)",OK - CALCULATED
51994625,33066037411,Convo Now,live,Convo Now: Access Complimentary,33065052248,2026-09-12,2026-10-12,30.0,30 days,Calculated 30-day,2.0,2,"Sep 2026, Oct 2026",Sep 2026 (bal 6.0) · Oct 2026 (bal 20.0),0.0,14.0,20,20.0,6.0,14.0,6.0,26.0,"shows 20 min, should be 6 (overstated by 14 — 14 earlier-month min not carried forward)","🚩 Balance not carried forward — shows 20, should be 6 (overstated +14)",OK - CALCULATED
70368576,33080621851,Convo Now,live,Convo Now: Access Complimentary,33074246448,2026-09-12,2026-10-12,30.0,30 days,Calculated 30-day,2.0,2,"Sep 2026, Oct 2026",Sep 2026 (bal 17.0) · Oct 2026 (bal 20.0),0.0,3.0,20,20.0,17.0,3.0,17.0,37.0,"shows 20 min, should be 17 (overstated by 3 — 3 earlier-month min not carried forward)","🚩 Balance not carried forward — shows 20, should be 17 (overstated +3)",OK - CALCULATED
60373550,33164310153,Convo Now,live,Convo Now: Access Complimentary,33159135781,2026-09-13,2026-10-13,30.0,30 days,Calculated 30-day,2.0,2,"Sep 2026, Oct 2026",Sep 2026 (bal 17.0) · Oct 2026 (bal 20.0),0.0,3.0,20,20.0,17.0,3.0,17.0,37.0,"shows 20 min, should be 17 (overstated by 3 — 3 earlier-month min not carried forward)","🚩 Balance not carried forward — shows 20, should be 17 (overstated +3)",OK - CALCULATED
80440442,33169844257,Convo Now,live,Convo Now: Access Complimentary,33151567793,2026-09-14,2026-10-14,30.0,30 days,Calculated 30-day,2.0,2,"Sep 2026, Oct 2026",Sep 2026 (bal 0.0) · Oct 2026 (bal 20.0),0.0,20.0,20,20.0,0.0,20.0,0.0,20.0,"shows 20 min, should be 0 (overstated by 20 — 20 earlier-month min not carried forward)","🚩 Balance not carried forward — shows 20, should be 0 (overstated +20)",OK - CALCULATED
10533131,33231620218,Convo Now,live,Convo Now: Access Complimentary,33178008758,2026-09-14,2026-10-14,30.0,30 days,Calculated 30-day,2.0,2,"Sep 2026, Oct 2026",Sep 2026 (bal 5.0) · Oct 2026 (bal 16.0),0.0,19.0,20,16.0,1.0,15.0,1.0,21.0,"shows 16 min, should be 1 (overstated by 15 — 15 earlier-month min not carried forward)","🚩 Balance not carried forward — shows 16, should be 1 (overstated +15)",OK - CALCULATED
82250754,33384518574,Convo Now,live,Convo Now: Access Complimentary,33386535042,2026-09-16,2026-10-16,30.0,30 days,Calculated 30-day,2.0,2,"Sep 2026, Oct 2026",Sep 2026 (bal 11.0) · Oct 2026 (bal 20.0),0.0,9.0,20,20.0,11.0,9.0,11.0,31.0,"shows 20 min, should be 11 (overstated by 9 — 9 earlier-month min not carried forward)","🚩 Balance not carried forward — shows 20, should be 11 (overstated +9)",OK - CALCULATED
66122565,33453614849,Convo Now,live,Convo Now: Access Complimentary,33468718263,2026-09-19,2026-10-19,30.0,30 days,Calculated 30-day,2.0,2,"Sep 2026, Oct 2026",Sep 2026 (bal 14.0) · Oct 2026 (bal 20.0),0.0,6.0,20,20.0,14.0,6.0,14.0,34.0,"shows 20 min, should be 14 (overstated by 6 — 6 earlier-month min not carried forward)","🚩 Balance not carried forward — shows 20, should be 14 (overstated +6)",OK - CALCULATED
25297830,33500335423,Convo Now,live,Convo Now: Access Complimentary,33479596878,2026-09-19,2026-10-19,30.0,30 days,Calculated 30-day,2.0,2,"Sep 2026, Oct 2026",Sep 2026 (bal 11.0) · Oct 2026 (bal 20.0),0.0,9.0,20,20.0,11.0,9.0,11.0,31.0,"shows 20 min, should be 11 (overstated by 9 — 9 earlier-month min not carried forward)","🚩 Balance not carried forward — shows 20, should be 11 (overstated +9)",OK - CALCULATED
61498488,33525308463,Convo Now,live,Convo Now: Access Complimentary,33544517719,2026-09-19,2026-10-19,30.0,30 days,Calculated 30-day,2.0,2,"Sep 2026, Oct 2026",Sep 2026 (bal 17.0) · Oct 2026 (bal 20.0),0.0,3.0,20,20.0,17.0,3.0,17.0,37.0,"shows 20 min, should be 17 (overstated by 3 — 3 earlier-month min not carried forward)","🚩 Balance not carried forward — shows 20, should be 17 (overstated +3)",OK - CALCULATED
71580426,33534758481,Convo Now,live,Convo Now: Access Complimentary,33557903623,2026-09-20,2026-10-20,30.0,30 days,Calculated 30-day,2.0,2,"Sep 2026, Oct 2026",Sep 2026 (bal 11.0) · Oct 2026 (bal 20.0),0.0,9.0,20,20.0,11.0,9.0,11.0,31.0,"shows 20 min, should be 11 (overstated by 9 — 9 earlier-month min not carried forward)","🚩 Balance not carried forward — shows 20, should be 11 (overstated +9)",OK - CALCULATED
19940899,33534758484,Convo Now,live,Convo Now: Access Complimentary,33522936733,2026-09-20,2026-10-20,30.0,30 days,Calculated 30-day,2.0,2,"Sep 2026, Oct 2026",Sep 2026 (bal 1.0) · Oct 2026 (bal 20.0),0.0,19.0,20,20.0,1.0,19.0,1.0,21.0,"shows 20 min, should be 1 (overstated by 19 — 19 earlier-month min not carried forward)","🚩 Balance not carried forward — shows 20, should be 1 (overstated +19)",OK - CALCULATED
15464248,33580118274,Convo Now,live,Convo Now: Access Complimentary,33513699204,2026-09-20,2026-10-20,30.0,30 days,Calculated 30-day,2.0,2,"Sep 2026, Oct 2026",Sep 2026 (bal 11.0) · Oct 2026 (bal 20.0),0.0,9.0,20,20.0,11.0,9.0,11.0,31.0,"shows 20 min, should be 11 (overstated by 9 — 9 earlier-month min not carried forward)","🚩 Balance not carried forward — shows 20, should be 11 (overstated +9)",OK - CALCULATED
52341273,33592033130,Convo Now,live,Convo Now: Access Complimentary,33583383601,2026-09-20,2026-10-20,30.0,30 days,Calculated 30-day,2.0,2,"Sep 2026, Oct 2026",Sep 2026 (bal 19.0) · Oct 2026 (bal 20.0),0.0,1.0,20,20.0,19.0,1.0,19.0,39.0,"shows 20 min, should be 19 (overstated by 1 — 1 earlier-month min not carried forward)","🚩 Balance not carried forward — shows 20, should be 19 (overstated +1)",OK - CALCULATED
91718132,33655147655,Convo Now,live,Convo Now: Access Complimentary,33636216723,2026-09-21,2026-10-21,30.0,30 days,Calculated 30-day,2.0,2,"Sep 2026, Oct 2026",Sep 2026 (bal 18.0) · Oct 2026 (bal 20.0),0.0,2.0,20,20.0,18.0,2.0,18.0,38.0,"shows 20 min, should be 18 (overstated by 2 — 2 earlier-month min not carried forward)","🚩 Balance not carried forward — shows 20, should be 18 (overstated +2)",OK - CALCULATED
53567785,33797978891,Convo Now,live,Convo Now: Access Complimentary,33799519001,2026-09-23,2026-10-23,30.0,30 days,Calculated 30-day,2.0,2,"Sep 2026, Oct 2026",Sep 2026 (bal -174.0) · Oct 2026 (bal 20.0),0.0,194.0,20,20.0,0.0,20.0,0.0,-154.0,"shows 20 min, should be 0 (overstated by 20 — 194 earlier-month min not carried forward)","🚩 Balance not carried forward — shows 20, should be 0 (overstated +20)",OK - CALCULATED
76885556,33961450623,Convo Now,live,Convo Now: Access Complimentary,33954364023,2026-09-27,2026-10-27,30.0,30 days,Calculated 30-day,2.0,2,"Sep 2026, Oct 2026",Sep 2026 (bal -14.0) · Oct 2026 (bal 20.0),0.0,34.0,20,20.0,0.0,20.0,0.0,6.0,"shows 20 min, should be 0 (overstated by 20 — 34 earlier-month min not carried forward)","🚩 Balance not carried forward — shows 20, should be 0 (overstated +20)",OK - CALCULATED
99027281,33988370041,Convo Now,live,Convo Now: Access Complimentary,34004024703,2026-09-28,2026-10-28,30.0,30 days,Calculated 30-day,2.0,2,"Sep 2026, Oct 2026",Sep 2026 (bal 5.0) · Oct 2026 (bal 20.0),0.0,15.0,20,20.0,5.0,15.0,5.0,25.0,"shows 20 min, should be 5 (overstated by 15 — 15 earlier-month min not carried forward)","🚩 Balance not carried forward — shows 20, should be 5 (overstated +15)",OK - CALCULATED
80541503,34050027655,Convo Now,live,Convo Now: Access Complimentary,34018027055,2026-09-29,2026-10-29,30.0,30 days,Calculated 30-day,2.0,2,"Sep 2026, Oct 2026",Sep 2026 (bal -16.0) · Oct 2026 (bal 20.0),0.0,36.0,20,20.0,0.0,20.0,0.0,4.0,"shows 20 min, should be 0 (overstated by 20 — 36 earlier-month min not carried forward)","🚩 Balance not carried forward — shows 20, should be 0 (overstated +20)",OK - CALCULATED
78485505,34050027657,Convo Now,live,Convo Now: Access Complimentary,34041282380,2026-09-29,2026-10-29,30.0,30 days,Calculated 30-day,2.0,2,"Sep 2026, Oct 2026",Sep 2026 (bal 7.0) · Oct 2026 (bal 20.0),0.0,13.0,20,20.0,7.0,13.0,7.0,27.0,"shows 20 min, should be 7 (overstated by 13 — 13 earlier-month min not carried forward)","🚩 Balance not carried forward — shows 20, should be 7 (overstated +13)",OK - CALCULATED
19285676,34051570530,Convo Now,live,Convo Now: Access Complimentary,34051096992,2026-09-29,2026-10-29,30.0,30 days,Calculated 30-day,2.0,2,"Sep 2026, Oct 2026",Sep 2026 (bal 15.0) · Oct 2026 (bal 20.0),0.0,5.0,20,20.0,15.0,5.0,15.0,35.0,"shows 20 min, should be 15 (overstated by 5 — 5 earlier-month min not carried forward)","🚩 Balance not carried forward — shows 20, should be 15 (overstated +5)",OK - CALCULATED
62381569,34057838104,Convo Now,live,Convo Now: Access Complimentary,34071242308,2026-09-29,2026-10-29,30.0,30 days,Calculated 30-day,2.0,2,"Sep 2026, Oct 2026",Sep 2026 (bal 18.0) · Oct 2026 (bal 20.0),0.0,2.0,20,20.0,18.0,2.0,18.0,38.0,"shows 20 min, should be 18 (overstated by 2 — 2 earlier-month min not carried forward)","🚩 Balance not carried forward — shows 20, should be 18 (overstated +2)",OK - CALCULATED
90588580,34066070602,Convo Now,live,Convo Now: Access Complimentary,34056031492,2026-09-29,2026-10-29,30.0,30 days,Calculated 30-day,2.0,2,"Sep 2026, Oct 2026",Sep 2026 (bal -21.0) · Oct 2026 (bal 20.0),0.0,41.0,20,20.0,0.0,20.0,0.0,-1.0,"shows 20 min, should be 0 (overstated by 20 — 41 earlier-month min not carried forward)","🚩 Balance not carried forward — shows 20, should be 0 (overstated +20)",OK - CALCULATED
46081253,34097340266,Convo Now,live,Convo Now: Access Complimentary,34101371561,2026-09-30,2026-10-30,30.0,30 days,Calculated 30-day,2.0,2,"Sep 2026, Oct 2026",Sep 2026 (bal -4.0) · Oct 2026 (bal 20.0),0.0,24.0,20,20.0,0.0,20.0,0.0,16.0,"shows 20 min, should be 0 (overstated by 20 — 24 earlier-month min not carried forward)","🚩 Balance not carried forward — shows 20, should be 0 (overstated +20)",OK - CALCULATED
29622287,34101802003,Convo Now,live,Convo Now: Access Complimentary,34092624398,2026-09-30,2026-10-30,30.0,30 days,Calculated 30-day,2.0,2,"Sep 2026, Oct 2026",Sep 2026 (bal -87.0) · Oct 2026 (bal 20.0),0.0,107.0,20,20.0,0.0,20.0,0.0,-67.0,"shows 20 min, should be 0 (overstated by 20 — 107 earlier-month min not carried forward)","🚩 Balance not carried forward — shows 20, should be 0 (overstated +20)",OK - CALCULATED
28527077,34337523626,Convo Now,live,Convo Now: Access Complimentary,34337045087,2026-09-06,2026-10-06,30.0,30 days,Calculated 30-day,2.0,2,"Sep 2026, Oct 2026",Sep 2026 (bal 15.0) · Oct 2026 (bal 20.0),0.0,5.0,20,20.0,15.0,5.0,15.0,35.0,"shows 20 min, should be 15 (overstated by 5 — 5 earlier-month min not carried forward)","🚩 Balance not carried forward — shows 20, should be 15 (overstated +5)",OK - CALCULATED
29041170,34367605158,Convo Now,live,Convo Now: Access Complimentary,34366943160,2026-09-07,2026-10-07,30.0,30 days,Calculated 30-day,2.0,2,"Sep 2026, Oct 2026",Sep 2026 (bal 13.0) · Oct 2026 (bal 20.0),0.0,7.0,20,20.0,13.0,7.0,13.0,33.0,"shows 20 min, should be 13 (overstated by 7 — 7 earlier-month min not carried forward)","🚩 Balance not carried forward — shows 20, should be 13 (overstated +7)",OK - CALCULATED
40525229,34369895263,Convo Now,live,Convo Now: Access Complimentary,34343382663,2026-09-07,2026-10-07,30.0,30 days,Calculated 30-day,2.0,2,"Sep 2026, Oct 2026",Sep 2026 (bal 19.0) · Oct 2026 (bal 20.0),0.0,1.0,20,20.0,19.0,1.0,19.0,39.0,"shows 20 min, should be 19 (overstated by 1 — 1 earlier-month min not carried forward)","🚩 Balance not carried forward — shows 20, should be 19 (overstated +1)",OK - CALCULATED
72763869,34470383175,Convo Now,live,Convo Now: Access Complimentary,34465425066,2026-09-10,2026-10-10,30.0,30 days,Calculated 30-day,2.0,2,"Sep 2026, Oct 2026",Sep 2026 (bal -7.0) · Oct 2026 (bal 20.0),0.0,27.0,20,20.0,0.0,20.0,0.0,13.0,"shows 20 min, should be 0 (overstated by 20 — 27 earlier-month min not carried forward)","🚩 Balance not carried forward — shows 20, should be 0 (overstated +20)",OK - CALCULATED
66113273,34474968340,Convo Now,live,Convo Now: Access Complimentary,34479538563,2026-09-10,2026-10-10,30.0,30 days,Calculated 30-day,2.0,2,"Sep 2026, Oct 2026",Sep 2026 (bal 6.0) · Oct 2026 (bal 20.0),0.0,14.0,20,20.0,6.0,14.0,6.0,26.0,"shows 20 min, should be 6 (overstated by 14 — 14 earlier-month min not carried forward)","🚩 Balance not carried forward — shows 20, should be 6 (overstated +14)",OK - CALCULATED
95312400,34485609588,Convo Now,live,Convo Now: Access Complimentary,34484366186,2026-09-10,2026-10-10,30.0,30 days,Calculated 30-day,2.0,2,"Sep 2026, Oct 2026",Sep 2026 (bal 3.0) · Oct 2026 (bal 20.0),0.0,17.0,20,20.0,3.0,17.0,3.0,23.0,"shows 20 min, should be 3 (overstated by 17 — 17 earlier-month min not carried forward)","🚩 Balance not carried forward — shows 20, should be 3 (overstated +17)",OK - CALCULATED
82201706,34493125255,Convo Now,live,Convo Now: Access Complimentary,34487068242,2026-09-10,2026-10-10,30.0,30 days,Calculated 30-day,2.0,2,"Sep 2026, Oct 2026",Sep 2026 (bal -58.0) · Oct 2026 (bal 20.0),0.0,78.0,20,20.0,0.0,20.0,0.0,-38.0,"shows 20 min, should be 0 (overstated by 20 — 78 earlier-month min not carried forward)","🚩 Balance not carried forward — shows 20, should be 0 (overstated +20)",OK - CALCULATED
12752635,34591214858,Convo Now,live,Convo Now: Access Complimentary,34598313310,2026-09-12,2026-10-12,30.0,30 days,Calculated 30-day,2.0,2,"Sep 2026, Oct 2026",Sep 2026 (bal 4.0) · Oct 2026 (bal 20.0),0.0,16.0,20,20.0,4.0,16.0,4.0,24.0,"shows 20 min, should be 4 (overstated by 16 — 16 earlier-month min not carried forward)","🚩 Balance not carried forward — shows 20, should be 4 (overstated +16)",OK - CALCULATED
37837861,34592630354,Convo Now,live,Convo Now: Access Complimentary,34583436454,2026-09-12,2026-10-12,30.0,30 days,Calculated 30-day,2.0,2,"Sep 2026, Oct 2026",Sep 2026 (bal 0.0) · Oct 2026 (bal 20.0),0.0,20.0,20,20.0,0.0,20.0,0.0,20.0,"shows 20 min, should be 0 (overstated by 20 — 20 earlier-month min not carried forward)","🚩 Balance not carried forward — shows 20, should be 0 (overstated +20)",OK - CALCULATED
65751851,34597688961,Convo Now,live,Convo Now: Access Complimentary,34586322817,2026-09-12,2026-10-12,30.0,30 days,Calculated 30-day,2.0,2,"Sep 2026, Oct 2026",Sep 2026 (bal 18.0) · Oct 2026 (bal 20.0),0.0,2.0,20,20.0,18.0,2.0,18.0,38.0,"shows 20 min, should be 18 (overstated by 2 — 2 earlier-month min not carried forward)","🚩 Balance not carried forward — shows 20, should be 18 (overstated +2)",OK - CALCULATED
90758135,34630430024,Convo Now,live,Convo Now: Access Complimentary,34623953016,2026-09-13,2026-10-13,30.0,30 days,Calculated 30-day,2.0,2,"Sep 2026, Oct 2026",Sep 2026 (bal -4.0) · Oct 2026 (bal 20.0),0.0,24.0,20,20.0,0.0,20.0,0.0,16.0,"shows 20 min, should be 0 (overstated by 20 — 24 earlier-month min not carried forward)","🚩 Balance not carried forward — shows 20, should be 0 (overstated +20)",OK - CALCULATED
64503279,34672563468,Convo Now,live,Convo Now: Access Complimentary,34672086350,2026-09-14,2026-10-14,30.0,30 days,Calculated 30-day,2.0,2,"Sep 2026, Oct 2026",Sep 2026 (bal 10.0) · Oct 2026 (bal 20.0),0.0,10.0,20,20.0,10.0,10.0,10.0,30.0,"shows 20 min, should be 10 (overstated by 10 — 10 earlier-month min not carried forward)","🚩 Balance not carried forward — shows 20, should be 10 (overstated +10)",OK - CALCULATED
18177835,34679063105,Convo Now,live,Convo Now: Access Complimentary,34675914909,2026-09-14,2026-10-14,30.0,30 days,Calculated 30-day,2.0,2,"Sep 2026, Oct 2026",Sep 2026 (bal 5.0) · Oct 2026 (bal 16.0),0.0,19.0,20,16.0,1.0,15.0,1.0,21.0,"shows 16 min, should be 1 (overstated by 15 — 15 earlier-month min not carried forward)","🚩 Balance not carried forward — shows 16, should be 1 (overstated +15)",OK - CALCULATED
56637568,34731731780,Convo Now,live,Convo Now: Access Complimentary,34725213212,2026-09-15,2026-10-15,30.0,30 days,Calculated 30-day,2.0,2,"Sep 2026, Oct 2026",Sep 2026 (bal 13.0) · Oct 2026 (bal 20.0),0.0,7.0,20,20.0,13.0,7.0,13.0,33.0,"shows 20 min, should be 13 (overstated by 7 — 7 earlier-month min not carried forward)","🚩 Balance not carried forward — shows 20, should be 13 (overstated +7)",OK - CALCULATED
17446475,34732805981,Convo Now,live,Convo Now: Access Complimentary,34717354817,2026-09-15,2026-10-15,30.0,30 days,Calculated 30-day,2.0,2,"Sep 2026, Oct 2026",Sep 2026 (bal 3.0) · Oct 2026 (bal 20.0),0.0,17.0,20,20.0,3.0,17.0,3.0,23.0,"shows 20 min, should be 3 (overstated by 17 — 17 earlier-month min not carried forward)","🚩 Balance not carried forward — shows 20, should be 3 (overstated +17)",OK - CALCULATED
59040314,34824806452,Convo Now,live,Convo Now: Access Complimentary,34822216841,2026-09-17,2026-10-17,30.0,30 days,Calculated 30-day,2.0,2,"Sep 2026, Oct 2026",Sep 2026 (bal 8.0) · Oct 2026 (bal 20.0),0.0,12.0,20,20.0,8.0,12.0,8.0,28.0,"shows 20 min, should be 8 (overstated by 12 — 12 earlier-month min not carried forward)","🚩 Balance not carried forward — shows 20, should be 8 (overstated +12)",OK - CALCULATED
88473949,34878668971,Convo Now,live,Convo Now: Access Complimentary,34887046328,2026-09-17,2026-10-17,30.0,30 days,Calculated 30-day,2.0,2,"Sep 2026, Oct 2026",Sep 2026 (bal 2.0) · Oct 2026 (bal 20.0),0.0,18.0,20,20.0,2.0,18.0,2.0,22.0,"shows 20 min, should be 2 (overstated by 18 — 18 earlier-month min not carried forward)","🚩 Balance not carried forward — shows 20, should be 2 (overstated +18)",OK - CALCULATED
55580354,35005216418,Convo Now,live,Convo Now: Access Complimentary,34961227266,2026-09-18,2026-10-18,30.0,30 days,Calculated 30-day,2.0,2,"Sep 2026, Oct 2026",Sep 2026 (bal 13.0) · Oct 2026 (bal 20.0),0.0,7.0,20,20.0,13.0,7.0,13.0,33.0,"shows 20 min, should be 13 (overstated by 7 — 7 earlier-month min not carried forward)","🚩 Balance not carried forward — shows 20, should be 13 (overstated +7)",OK - CALCULATED
48654544,35090611593,Convo Now,live,Convo Now: Access Complimentary,35055607159,2026-09-18,2026-10-18,30.0,30 days,Calculated 30-day,2.0,2,"Sep 2026, Oct 2026",Sep 2026 (bal -11.0) · Oct 2026 (bal 18.0),0.0,33.0,20,18.0,0.0,18.0,0.0,7.0,"shows 18 min, should be 0 (overstated by 18 — 31 earlier-month min not carried forward)","🚩 Balance not carried forward — shows 18, should be 0 (overstated +18)",OK - CALCULATED
75917847,35220617497,Convo Now,live,Convo Now: Access Complimentary,35219069815,2026-09-19,2026-10-19,30.0,30 days,Calculated 30-day,2.0,2,"Sep 2026, Oct 2026",Sep 2026 (bal -20.0) · Oct 2026 (bal 20.0),0.0,40.0,20,20.0,0.0,20.0,0.0,0.0,"shows 20 min, should be 0 (overstated by 20 — 40 earlier-month min not carried forward)","🚩 Balance not carried forward — shows 20, should be 0 (overstated +20)",OK - CALCULATED
76731331,35221349163,Convo Now,live,Convo Now: Access Complimentary,35226110019,2026-09-20,2026-10-20,30.0,30 days,Calculated 30-day,2.0,2,"Sep 2026, Oct 2026",Sep 2026 (bal -5.0) · Oct 2026 (bal 20.0),0.0,25.0,20,20.0,0.0,20.0,0.0,15.0,"shows 20 min, should be 0 (overstated by 20 — 25 earlier-month min not carried forward)","🚩 Balance not carried forward — shows 20, should be 0 (overstated +20)",OK - CALCULATED
77986274,35293336165,Convo Now,live,Convo Now: Access Complimentary,35288183154,2026-09-20,2026-10-20,30.0,30 days,Calculated 30-day,2.0,2,"Sep 2026, Oct 2026",Sep 2026 (bal 11.0) · Oct 2026 (bal 20.0),0.0,9.0,20,20.0,11.0,9.0,11.0,31.0,"shows 20 min, should be 11 (overstated by 9 — 9 earlier-month min not carried forward)","🚩 Balance not carried forward — shows 20, should be 11 (overstated +9)",OK - CALCULATED
98224900,35303112715,Convo Now,live,Convo Now: Access Complimentary,35288956166,2026-09-20,2026-10-20,30.0,30 days,Calculated 30-day,2.0,2,"Sep 2026, Oct 2026",Sep 2026 (bal 16.0) · Oct 2026 (bal 20.0),0.0,4.0,20,20.0,16.0,4.0,16.0,36.0,"shows 20 min, should be 16 (overstated by 4 — 4 earlier-month min not carried forward)","🚩 Balance not carried forward — shows 20, should be 16 (overstated +4)",OK - CALCULATED
79808081,35304806174,Convo Now,live,Convo Now: Access Complimentary,35307781547,2026-09-20,2026-10-20,30.0,30 days,Calculated 30-day,2.0,2,"Sep 2026, Oct 2026",Sep 2026 (bal -4.0) · Oct 2026 (bal 20.0),0.0,24.0,20,20.0,0.0,20.0,0.0,16.0,"shows 20 min, should be 0 (overstated by 20 — 24 earlier-month min not carried forward)","🚩 Balance not carried forward — shows 20, should be 0 (overstated +20)",OK - CALCULATED
98788598,35343502424,Convo Now,live,Convo Now: Access Complimentary,35301793976,2026-09-21,2026-10-21,30.0,30 days,Calculated 30-day,2.0,2,"Sep 2026, Oct 2026",Sep 2026 (bal -16.0) · Oct 2026 (bal 20.0),0.0,36.0,20,20.0,0.0,20.0,0.0,4.0,"shows 20 min, should be 0 (overstated by 20 — 36 earlier-month min not carried forward)","🚩 Balance not carried forward — shows 20, should be 0 (overstated +20)",OK - CALCULATED
34109473,35559157127,Convo Now,live,Convo Now: Access Complimentary,35578128798,2026-09-24,2026-10-24,30.0,30 days,Calculated 30-day,2.0,2,"Sep 2026, Oct 2026",Sep 2026 (bal -3.0) · Oct 2026 (bal 20.0),0.0,23.0,20,20.0,0.0,20.0,0.0,17.0,"shows 20 min, should be 0 (overstated by 20 — 23 earlier-month min not carried forward)","🚩 Balance not carried forward — shows 20, should be 0 (overstated +20)",OK - CALCULATED
78196917,35599845905,Convo Now,live,Convo Now: Access Complimentary,35529122715,2026-09-24,2026-10-24,30.0,30 days,Calculated 30-day,2.0,2,"Sep 2026, Oct 2026",Sep 2026 (bal -2.0) · Oct 2026 (bal 20.0),0.0,22.0,20,20.0,0.0,20.0,0.0,18.0,"shows 20 min, should be 0 (overstated by 20 — 22 earlier-month min not carried forward)","🚩 Balance not carried forward — shows 20, should be 0 (overstated +20)",OK - CALCULATED
46027448,35622574606,Convo Now,live,Convo Now: Access Complimentary,35602430012,2026-09-24,2026-10-24,30.0,30 days,Calculated 30-day,2.0,2,"Sep 2026, Oct 2026",Sep 2026 (bal 12.0) · Oct 2026 (bal 20.0),0.0,8.0,20,20.0,12.0,8.0,12.0,32.0,"shows 20 min, should be 12 (overstated by 8 — 8 earlier-month min not carried forward)","🚩 Balance not carried forward — shows 20, should be 12 (overstated +8)",OK - CALCULATED
61530109,35629055812,Convo Now,live,Convo Now: Access Complimentary,35604042907,2026-09-24,2026-10-24,30.0,30 days,Calculated 30-day,2.0,2,"Sep 2026, Oct 2026",Sep 2026 (bal 18.0) · Oct 2026 (bal 20.0),0.0,2.0,20,20.0,18.0,2.0,18.0,38.0,"shows 20 min, should be 18 (overstated by 2 — 2 earlier-month min not carried forward)","🚩 Balance not carried forward — shows 20, should be 18 (overstated +2)",OK - CALCULATED
38296933,35658730934,Convo Now,live,Convo Now: Access Complimentary,35712724660,2026-09-25,2026-10-25,30.0,30 days,Calculated 30-day,2.0,2,"Sep 2026, Oct 2026",Sep 2026 (bal -7.0) · Oct 2026 (bal 20.0),0.0,27.0,20,20.0,0.0,20.0,0.0,13.0,"shows 20 min, should be 0 (overstated by 20 — 27 earlier-month min not carried forward)","🚩 Balance not carried forward — shows 20, should be 0 (overstated +20)",OK - CALCULATED
99441908,35661535002,Convo Now,live,Convo Now: Access Complimentary,35736487732,2026-09-25,2026-10-25,30.0,30 days,Calculated 30-day,2.0,2,"Sep 2026, Oct 2026",Sep 2026 (bal 15.0) · Oct 2026 (bal 19.0),0.0,6.0,20,19.0,14.0,5.0,14.0,34.0,"shows 19 min, should be 14 (overstated by 5 — 5 earlier-month min not carried forward)","🚩 Balance not carried forward — shows 19, should be 14 (overstated +5)",OK - CALCULATED
84508933,35661535004,Convo Now,live,Convo Now: Access Complimentary,35671029873,2026-09-25,2026-10-25,30.0,30 days,Calculated 30-day,2.0,2,"Sep 2026, Oct 2026",Sep 2026 (bal -20.0) · Oct 2026 (bal 20.0),0.0,40.0,20,20.0,0.0,20.0,0.0,0.0,"shows 20 min, should be 0 (overstated by 20 — 40 earlier-month min not carried forward)","🚩 Balance not carried forward — shows 20, should be 0 (overstated +20)",OK - CALCULATED
17282387,35667101607,Convo Now,live,Convo Now: Access Complimentary,35641029904,2026-09-24,2026-10-24,30.0,30 days,Calculated 30-day,2.0,2,"Sep 2026, Oct 2026",Sep 2026 (bal 16.0) · Oct 2026 (bal 5.0),0.0,19.0,20,5.0,1.0,4.0,1.0,21.0,"shows 5 min, should be 1 (overstated by 4 — 4 earlier-month min not carried forward)","🚩 Balance not carried forward — shows 5, should be 1 (overstated +4)",OK - CALCULATED
45994664,35676424330,Convo Now,live,Convo Now: Access Complimentary,35676577037,2026-09-25,2026-10-25,30.0,30 days,Calculated 30-day,2.0,2,"Sep 2026, Oct 2026",Sep 2026 (bal 11.0) · Oct 2026 (bal 20.0),0.0,9.0,20,20.0,11.0,9.0,11.0,31.0,"shows 20 min, should be 11 (overstated by 9 — 9 earlier-month min not carried forward)","🚩 Balance not carried forward — shows 20, should be 11 (overstated +9)",OK - CALCULATED
91721297,35739749760,Convo Now,live,Convo Now: Access Complimentary,35767102393,2026-09-25,2026-10-25,30.0,30 days,Calculated 30-day,2.0,2,"Sep 2026, Oct 2026",Sep 2026 (bal 6.0) · Oct 2026 (bal 18.0),0.0,16.0,20,18.0,4.0,14.0,4.0,24.0,"shows 18 min, should be 4 (overstated by 14 — 14 earlier-month min not carried forward)","🚩 Balance not carried forward — shows 18, should be 4 (overstated +14)",OK - CALCULATED
33747424,35790141763,Convo Now,live,Convo Now: Access Complimentary,35834805839,2026-09-26,2026-10-26,30.0,30 days,Calculated 30-day,2.0,2,"Sep 2026, Oct 2026",Sep 2026 (bal 7.0) · Oct 2026 (bal 20.0),0.0,13.0,20,20.0,7.0,13.0,7.0,27.0,"shows 20 min, should be 7 (overstated by 13 — 13 earlier-month min not carried forward)","🚩 Balance not carried forward — shows 20, should be 7 (overstated +13)",OK - CALCULATED
85803224,35792164433,Convo Now,live,Convo Now: Access Complimentary,35766189092,2026-09-26,2026-10-26,30.0,30 days,Calculated 30-day,2.0,2,"Sep 2026, Oct 2026",Sep 2026 (bal -2.0) · Oct 2026 (bal 20.0),0.0,22.0,20,20.0,0.0,20.0,0.0,18.0,"shows 20 min, should be 0 (overstated by 20 — 22 earlier-month min not carried forward)","🚩 Balance not carried forward — shows 20, should be 0 (overstated +20)",OK - CALCULATED
75745907,35792164435,Convo Now,live,Convo Now: Access Complimentary,35801080430,2026-09-25,2026-10-25,30.0,30 days,Calculated 30-day,2.0,2,"Sep 2026, Oct 2026",Sep 2026 (bal 6.0) · Oct 2026 (bal 20.0),0.0,14.0,20,20.0,6.0,14.0,6.0,26.0,"shows 20 min, should be 6 (overstated by 14 — 14 earlier-month min not carried forward)","🚩 Balance not carried forward — shows 20, should be 6 (overstated +14)",OK - CALCULATED
79202953,35816733479,Convo Now,live,Convo Now: Access Complimentary,35881117870,2026-09-27,2026-10-27,30.0,30 days,Calculated 30-day,2.0,2,"Sep 2026, Oct 2026",Sep 2026 (bal -7.0) · Oct 2026 (bal 20.0),0.0,27.0,20,20.0,0.0,20.0,0.0,13.0,"shows 20 min, should be 0 (overstated by 20 — 27 earlier-month min not carried forward)","🚩 Balance not carried forward — shows 20, should be 0 (overstated +20)",OK - CALCULATED
63716890,35818528135,Convo Now,live,Convo Now: Access Complimentary,35755538213,2026-09-26,2026-10-26,30.0,30 days,Calculated 30-day,2.0,2,"Sep 2026, Oct 2026",Sep 2026 (bal 18.0) · Oct 2026 (bal 20.0),0.0,2.0,20,20.0,18.0,2.0,18.0,38.0,"shows 20 min, should be 18 (overstated by 2 — 2 earlier-month min not carried forward)","🚩 Balance not carried forward — shows 20, should be 18 (overstated +2)",OK - CALCULATED
60078884,35823489868,Convo Now,live,Convo Now: Access Complimentary,35819784886,2026-09-26,2026-10-26,30.0,30 days,Calculated 30-day,2.0,2,"Sep 2026, Oct 2026",Sep 2026 (bal 17.0) · Oct 2026 (bal 20.0),0.0,3.0,20,20.0,17.0,3.0,17.0,37.0,"shows 20 min, should be 17 (overstated by 3 — 3 earlier-month min not carried forward)","🚩 Balance not carried forward — shows 20, should be 17 (overstated +3)",OK - CALCULATED
71937230,35823489874,Convo Now,live,Convo Now: Access Complimentary,35778466084,2026-09-26,2026-10-26,30.0,30 days,Calculated 30-day,2.0,2,"Sep 2026, Oct 2026",Sep 2026 (bal -24.0) · Oct 2026 (bal 20.0),0.0,44.0,20,20.0,0.0,20.0,0.0,-4.0,"shows 20 min, should be 0 (overstated by 20 — 44 earlier-month min not carried forward)","🚩 Balance not carried forward — shows 20, should be 0 (overstated +20)",OK - CALCULATED
58617312,35830273040,Convo Now,live,Convo Now: Access Complimentary,35781968271,2026-09-26,2026-10-26,30.0,30 days,Calculated 30-day,2.0,2,"Sep 2026, Oct 2026",Sep 2026 (bal -2.0) · Oct 2026 (bal 20.0),0.0,22.0,20,20.0,0.0,20.0,0.0,18.0,"shows 20 min, should be 0 (overstated by 20 — 22 earlier-month min not carried forward)","🚩 Balance not carried forward — shows 20, should be 0 (overstated +20)",OK - CALCULATED
78703640,35831711335,Convo Now,live,Convo Now: Access Complimentary,35807952254,2026-09-26,2026-10-26,30.0,30 days,Calculated 30-day,2.0,2,"Sep 2026, Oct 2026",Sep 2026 (bal 12.0) · Oct 2026 (bal 20.0),0.0,8.0,20,20.0,12.0,8.0,12.0,32.0,"shows 20 min, should be 12 (overstated by 8 — 8 earlier-month min not carried forward)","🚩 Balance not carried forward — shows 20, should be 12 (overstated +8)",OK - CALCULATED
64300374,36793760107,Convo Now,live,Convo Now: Access Complimentary,36792058531,2026-09-10,2026-10-10,30.0,30 days,Calculated 30-day,2.0,2,"Sep 2026, Oct 2026",Sep 2026 (bal -2.0) · Oct 2026 (bal 20.0),0.0,22.0,20,20.0,0.0,20.0,0.0,18.0,"shows 20 min, should be 0 (overstated by 20 — 22 earlier-month min not carried forward)","🚩 Balance not carried forward — shows 20, should be 0 (overstated +20)",OK - CALCULATED
82284084,36795467141,Convo Now,live,Convo Now: Access Complimentary,36799503706,2026-09-10,2026-10-10,30.0,30 days,Calculated 30-day,2.0,2,"Sep 2026, Oct 2026",Sep 2026 (bal -6.0) · Oct 2026 (bal 20.0),0.0,26.0,20,20.0,0.0,20.0,0.0,14.0,"shows 20 min, should be 0 (overstated by 20 — 26 earlier-month min not carried forward)","🚩 Balance not carried forward — shows 20, should be 0 (overstated +20)",OK - CALCULATED
86796377,37073186199,Convo Now,live,Convo Now: Access Complimentary,37117061889,2026-09-11,2026-10-11,30.0,30 days,Calculated 30-day,2.0,2,"Sep 2026, Oct 2026",Sep 2026 (bal 15.0) · Oct 2026 (bal 20.0),0.0,5.0,20,20.0,15.0,5.0,15.0,35.0,"shows 20 min, should be 15 (overstated by 5 — 5 earlier-month min not carried forward)","🚩 Balance not carried forward — shows 20, should be 15 (overstated +5)",OK - CALCULATED
63589625,37073207471,Convo Now,live,Convo Now: Access Complimentary,37123870294,2026-09-11,2026-10-11,30.0,30 days,Calculated 30-day,2.0,2,"Sep 2026, Oct 2026",Sep 2026 (bal 15.0) · Oct 2026 (bal 17.0),0.0,8.0,20,17.0,12.0,5.0,12.0,32.0,"shows 17 min, should be 12 (overstated by 5 — 5 earlier-month min not carried forward)","🚩 Balance not carried forward — shows 17, should be 12 (overstated +5)",OK - CALCULATED
77989257,37073207472,Convo Now,live,Convo Now: Access Complimentary,37133930868,2026-09-11,2026-10-11,30.0,30 days,Calculated 30-day,2.0,2,"Sep 2026, Oct 2026",Sep 2026 (bal 8.0) · Oct 2026 (bal 20.0),0.0,12.0,20,20.0,8.0,12.0,8.0,28.0,"shows 20 min, should be 8 (overstated by 12 — 12 earlier-month min not carried forward)","🚩 Balance not carried forward — shows 20, should be 8 (overstated +12)",OK - CALCULATED
56181774,37073207473,Convo Now,live,Convo Now: Access Complimentary,37105600347,2026-09-11,2026-10-11,30.0,30 days,Calculated 30-day,2.0,2,"Sep 2026, Oct 2026",Sep 2026 (bal 16.0) · Oct 2026 (bal 20.0),0.0,4.0,20,20.0,16.0,4.0,16.0,36.0,"shows 20 min, should be 16 (overstated by 4 — 4 earlier-month min not carried forward)","🚩 Balance not carried forward — shows 20, should be 16 (overstated +4)",OK - CALCULATED
87277722,37088755829,Convo Now,live,Convo Now: Access Complimentary,37100021776,2026-09-11,2026-10-11,30.0,30 days,Calculated 30-day,2.0,2,"Sep 2026, Oct 2026",Sep 2026 (bal 8.0) · Oct 2026 (bal 20.0),0.0,12.0,20,20.0,8.0,12.0,8.0,28.0,"shows 20 min, should be 8 (overstated by 12 — 12 earlier-month min not carried forward)","🚩 Balance not carried forward — shows 20, should be 8 (overstated +12)",OK - CALCULATED
19662558,37088755832,Convo Now,live,Convo Now: Access Complimentary,37120770487,2026-09-11,2026-10-11,30.0,30 days,Calculated 30-day,2.0,2,"Sep 2026, Oct 2026",Sep 2026 (bal 6.0) · Oct 2026 (bal 20.0),0.0,14.0,20,20.0,6.0,14.0,6.0,26.0,"shows 20 min, should be 6 (overstated by 14 — 14 earlier-month min not carried forward)","🚩 Balance not carried forward — shows 20, should be 6 (overstated +14)",OK - CALCULATED
25162831,37130530203,Convo Now,live,Convo Now: Access Complimentary,37100329752,2026-09-11,2026-10-11,30.0,30 days,Calculated 30-day,2.0,2,"Sep 2026, Oct 2026",Sep 2026 (bal -17.0) · Oct 2026 (bal 20.0),0.0,37.0,20,20.0,0.0,20.0,0.0,3.0,"shows 20 min, should be 0 (overstated by 20 — 37 earlier-month min not carried forward)","🚩 Balance not carried forward — shows 20, should be 0 (overstated +20)",OK - CALCULATED
80418040,37397289332,Convo Now,live,Convo Now: Access Complimentary,37409909936,2026-09-16,2026-10-16,30.0,30 days,Calculated 30-day,2.0,2,"Sep 2026, Oct 2026",Sep 2026 (bal 14.0) · Oct 2026 (bal 20.0),0.0,6.0,20,20.0,14.0,6.0,14.0,34.0,"shows 20 min, should be 14 (overstated by 6 — 6 earlier-month min not carried forward)","🚩 Balance not carried forward — shows 20, should be 14 (overstated +6)",OK - CALCULATED
71491939,37465081646,Convo Now,live,Convo Now: Access Complimentary,37477360150,2026-09-16,2026-10-16,30.0,30 days,Calculated 30-day,2.0,2,"Sep 2026, Oct 2026",Sep 2026 (bal -20.0) · Oct 2026 (bal 20.0),0.0,40.0,20,20.0,0.0,20.0,0.0,0.0,"shows 20 min, should be 0 (overstated by 20 — 40 earlier-month min not carried forward)","🚩 Balance not carried forward — shows 20, should be 0 (overstated +20)",OK - CALCULATED
75514610,37465287485,Convo Now,live,Convo Now: Access Complimentary,37448045150,2026-09-16,2026-10-16,30.0,30 days,Calculated 30-day,2.0,2,"Sep 2026, Oct 2026",Sep 2026 (bal 3.0) · Oct 2026 (bal 20.0),0.0,17.0,20,20.0,3.0,17.0,3.0,23.0,"shows 20 min, should be 3 (overstated by 17 — 17 earlier-month min not carried forward)","🚩 Balance not carried forward — shows 20, should be 3 (overstated +17)",OK - CALCULATED
13436295,37596229458,Convo Now,live,Convo Now: Access Complimentary,37607198604,2026-09-18,2026-10-18,30.0,30 days,Calculated 30-day,2.0,2,"Sep 2026, Oct 2026",Sep 2026 (bal 19.0) · Oct 2026 (bal 20.0),0.0,1.0,20,20.0,19.0,1.0,19.0,39.0,"shows 20 min, should be 19 (overstated by 1 — 1 earlier-month min not carried forward)","🚩 Balance not carried forward — shows 20, should be 19 (overstated +1)",OK - CALCULATED
79860524,38169748872,Convo Now,live,Convo Now: Access Complimentary,38205431658,2026-09-22,2026-10-22,30.0,30 days,Calculated 30-day,2.0,2,"Sep 2026, Oct 2026",Sep 2026 (bal 19.0) · Oct 2026 (bal 20.0),0.0,1.0,20,20.0,19.0,1.0,19.0,39.0,"shows 20 min, should be 19 (overstated by 1 — 1 earlier-month min not carried forward)","🚩 Balance not carried forward — shows 20, should be 19 (overstated +1)",OK - CALCULATED
30267304,38200475241,Convo Now,live,Convo Now: Access Complimentary,38168415496,2026-09-22,2026-10-22,30.0,30 days,Calculated 30-day,2.0,2,"Sep 2026, Oct 2026",Sep 2026 (bal 1.0) · Oct 2026 (bal 20.0),0.0,19.0,20,20.0,1.0,19.0,1.0,21.0,"shows 20 min, should be 1 (overstated by 19 — 19 earlier-month min not carried forward)","🚩 Balance not carried forward — shows 20, should be 1 (overstated +19)",OK - CALCULATED
86709436,38356133305,Convo Now,live,Convo Now: Access Complimentary,38395852547,2026-09-23,2026-10-23,30.0,30 days,Calculated 30-day,2.0,2,"Sep 2026, Oct 2026",Sep 2026 (bal 10.0) · Oct 2026 (bal 20.0),0.0,10.0,20,20.0,10.0,10.0,10.0,30.0,"shows 20 min, should be 10 (overstated by 10 — 10 earlier-month min not carried forward)","🚩 Balance not carried forward — shows 20, should be 10 (overstated +10)",OK - CALCULATED
69483526,38376817700,Convo Now,live,Convo Now: Access Complimentary,38384935001,2026-09-23,2026-10-23,30.0,30 days,Calculated 30-day,2.0,2,"Sep 2026, Oct 2026",Sep 2026 (bal 10.0) · Oct 2026 (bal 20.0),0.0,10.0,20,20.0,10.0,10.0,10.0,30.0,"shows 20 min, should be 10 (overstated by 10 — 10 earlier-month min not carried forward)","🚩 Balance not carried forward — shows 20, should be 10 (overstated +10)",OK - CALCULATED
26842179,38543068223,Convo Now,live,Convo Now: Access Complimentary,38543058945,2026-09-24,2026-10-24,30.0,30 days,Calculated 30-day,2.0,2,"Sep 2026, Oct 2026",Sep 2026 (bal 5.0) · Oct 2026 (bal 20.0),0.0,15.0,20,20.0,5.0,15.0,5.0,25.0,"shows 20 min, should be 5 (overstated by 15 — 15 earlier-month min not carried forward)","🚩 Balance not carried forward — shows 20, should be 5 (overstated +15)",OK - CALCULATED
34105711,38828812417,Convo Now,live,Convo Now: Access Complimentary,38813684068,2026-09-26,2026-10-26,30.0,30 days,Calculated 30-day,2.0,2,"Sep 2026, Oct 2026",Sep 2026 (bal 10.0) · Oct 2026 (bal 14.0),0.0,16.0,20,14.0,4.0,10.0,4.0,24.0,"shows 14 min, should be 4 (overstated by 10 — 10 earlier-month min not carried forward)","🚩 Balance not carried forward — shows 14, should be 4 (overstated +10)",OK - CALCULATED
24994170,38853070112,Convo Now,live,Convo Now: Access Complimentary,38928097030,2026-09-27,2026-10-27,30.0,30 days,Calculated 30-day,2.0,2,"Sep 2026, Oct 2026",Sep 2026 (bal 13.0) · Oct 2026 (bal 20.0),0.0,7.0,20,20.0,13.0,7.0,13.0,33.0,"shows 20 min, should be 13 (overstated by 7 — 7 earlier-month min not carried forward)","🚩 Balance not carried forward — shows 20, should be 13 (overstated +7)",OK - CALCULATED
89014368,38855899756,Convo Now,live,Convo Now: Access Complimentary,38929198915,2026-09-27,2026-10-27,30.0,30 days,Calculated 30-day,2.0,2,"Sep 2026, Oct 2026",Sep 2026 (bal -15.0) · Oct 2026 (bal 13.0),0.0,42.0,20,13.0,0.0,13.0,0.0,-2.0,"shows 13 min, should be 0 (overstated by 13 — 35 earlier-month min not carried forward)","🚩 Balance not carried forward — shows 13, should be 0 (overstated +13)",OK - CALCULATED
79397280,38925409316,Convo Now,live,Convo Now: Access Complimentary,38948993632,2026-09-27,2026-10-27,30.0,30 days,Calculated 30-day,2.0,2,"Sep 2026, Oct 2026",Sep 2026 (bal 3.0) · Oct 2026 (bal 20.0),0.0,17.0,20,20.0,3.0,17.0,3.0,23.0,"shows 20 min, should be 3 (overstated by 17 — 17 earlier-month min not carried forward)","🚩 Balance not carried forward — shows 20, should be 3 (overstated +17)",OK - CALCULATED
67380658,38942268995,Convo Now,live,Convo Now: Access Complimentary,38851062600,2026-09-27,2026-10-27,30.0,30 days,Calculated 30-day,2.0,2,"Sep 2026, Oct 2026",Sep 2026 (bal -3.0) · Oct 2026 (bal 16.0),0.0,27.0,20,16.0,0.0,16.0,0.0,13.0,"shows 16 min, should be 0 (overstated by 16 — 23 earlier-month min not carried forward)","🚩 Balance not carried forward — shows 16, should be 0 (overstated +16)",OK - CALCULATED
72310077,39086447112,Convo Now,live,Convo Now: Access Complimentary,39189080637,2026-09-30,2026-10-30,30.0,30 days,Calculated 30-day,2.0,2,"Sep 2026, Oct 2026",Sep 2026 (bal 19.0) · Oct 2026 (bal 20.0),0.0,1.0,20,20.0,19.0,1.0,19.0,39.0,"shows 20 min, should be 19 (overstated by 1 — 1 earlier-month min not carried forward)","🚩 Balance not carried forward — shows 20, should be 19 (overstated +1)",OK - CALCULATED
21703495,39221805067,Convo Now,live,Convo Now: Access Complimentary,38928418051,2026-09-27,2026-10-27,30.0,30 days,Calculated 30-day,2.0,2,"Sep 2026, Oct 2026",Sep 2026 (bal 17.0) · Oct 2026 (bal 20.0),0.0,3.0,20,20.0,17.0,3.0,17.0,37.0,"shows 20 min, should be 17 (overstated by 3 — 3 earlier-month min not carried forward)","🚩 Balance not carried forward — shows 20, should be 17 (overstated +3)",OK - CALCULATED
21335621,39323328580,Convo Now,live,Convo Now: Access Complimentary,38939572325,2026-09-27,2026-10-27,30.0,30 days,Calculated 30-day,2.0,2,"Sep 2026, Oct 2026",Sep 2026 (bal -2.0) · Oct 2026 (bal 14.0),0.0,28.0,20,14.0,0.0,14.0,0.0,12.0,"shows 14 min, should be 0 (overstated by 14 — 22 earlier-month min not carried forward)","🚩 Balance not carried forward — shows 14, should be 0 (overstated +14)",OK - CALCULATED
27430912,39335150773,Convo Now,live,Convo Now: Access Complimentary,38948841053,2026-09-27,2026-10-27,30.0,30 days,Calculated 30-day,2.0,2,"Sep 2026, Oct 2026",Sep 2026 (bal 13.0) · Oct 2026 (bal 17.0),0.0,10.0,20,17.0,10.0,7.0,10.0,30.0,"shows 17 min, should be 10 (overstated by 7 — 7 earlier-month min not carried forward)","🚩 Balance not carried forward — shows 17, should be 10 (overstated +7)",OK - CALCULATED
52005727,39853792569,Convo Now,live,Convo Now: Access Complimentary,39871894801,2026-09-07,2026-10-07,30.0,30 days,Calculated 30-day,2.0,2,"Sep 2026, Oct 2026",Sep 2026 (bal 18.0) · Oct 2026 (bal 20.0),0.0,2.0,20,20.0,18.0,2.0,18.0,38.0,"shows 20 min, should be 18 (overstated by 2 — 2 earlier-month min not carried forward)","🚩 Balance not carried forward — shows 20, should be 18 (overstated +2)",OK - CALCULATED
85540857,39877948738,Convo Now,live,Convo Now: Access Complimentary,39863751701,2026-09-07,2026-10-07,30.0,30 days,Calculated 30-day,2.0,2,"Sep 2026, Oct 2026",Sep 2026 (bal 4.0) · Oct 2026 (bal 20.0),0.0,16.0,20,20.0,4.0,16.0,4.0,24.0,"shows 20 min, should be 4 (overstated by 16 — 16 earlier-month min not carried forward)","🚩 Balance not carried forward — shows 20, should be 4 (overstated +16)",OK - CALCULATED
39222285,39936396635,Convo Now,live,Convo Now: Access Complimentary,39934724173,2026-09-08,2026-10-08,30.0,30 days,Calculated 30-day,2.0,2,"Sep 2026, Oct 2026",Sep 2026 (bal 19.0) · Oct 2026 (bal 20.0),0.0,1.0,20,20.0,19.0,1.0,19.0,39.0,"shows 20 min, should be 19 (overstated by 1 — 1 earlier-month min not carried forward)","🚩 Balance not carried forward — shows 20, should be 19 (overstated +1)",OK - CALCULATED
81808775,39949754500,Convo Now,live,Convo Now: Access Complimentary,39952171657,2026-09-08,2026-10-08,30.0,30 days,Calculated 30-day,2.0,2,"Sep 2026, Oct 2026",Sep 2026 (bal -4.0) · Oct 2026 (bal 20.0),0.0,24.0,20,20.0,0.0,20.0,0.0,16.0,"shows 20 min, should be 0 (overstated by 20 — 24 earlier-month min not carried forward)","🚩 Balance not carried forward — shows 20, should be 0 (overstated +20)",OK - CALCULATED
20874314,40468111269,Convo Now,live,Convo Now: Access Complimentary,40467953448,2026-09-13,2026-10-13,30.0,30 days,Calculated 30-day,2.0,2,"Sep 2026, Oct 2026",Sep 2026 (bal 3.0) · Oct 2026 (bal 20.0),0.0,17.0,20,20.0,3.0,17.0,3.0,23.0,"shows 20 min, should be 3 (overstated by 17 — 17 earlier-month min not carried forward)","🚩 Balance not carried forward — shows 20, should be 3 (overstated +17)",OK - CALCULATED
86687368,40472282387,Convo Now,live,Convo Now: Access Complimentary,40304475414,2026-09-13,2026-10-13,30.0,30 days,Calculated 30-day,2.0,2,"Sep 2026, Oct 2026",Sep 2026 (bal -12.0) · Oct 2026 (bal 20.0),0.0,32.0,20,20.0,0.0,20.0,0.0,8.0,"shows 20 min, should be 0 (overstated by 20 — 32 earlier-month min not carried forward)","🚩 Balance not carried forward — shows 20, should be 0 (overstated +20)",OK - CALCULATED
52993371,40577629250,Convo Now,live,Convo Now: Access Complimentary,40507387424,2026-09-13,2026-10-13,30.0,30 days,Calculated 30-day,2.0,2,"Sep 2026, Oct 2026",Sep 2026 (bal 18.0) · Oct 2026 (bal 20.0),0.0,2.0,20,20.0,18.0,2.0,18.0,38.0,"shows 20 min, should be 18 (overstated by 2 — 2 earlier-month min not carried forward)","🚩 Balance not carried forward — shows 20, should be 18 (overstated +2)",OK - CALCULATED
50189082,40656527947,Convo Now,live,Convo Now: Access Complimentary,40662439032,2026-09-14,2026-10-14,30.0,30 days,Calculated 30-day,2.0,2,"Sep 2026, Oct 2026",Sep 2026 (bal 5.0) · Oct 2026 (bal 7.0),0.0,28.0,20,7.0,0.0,7.0,0.0,12.0,"shows 7 min, should be 0 (overstated by 7 — 15 earlier-month min not carried forward)","🚩 Balance not carried forward — shows 7, should be 0 (overstated +7)",OK - CALCULATED
34928233,40661976925,Convo Now,live,Convo Now: Access Complimentary,40587379074,2026-09-14,2026-10-14,30.0,30 days,Calculated 30-day,2.0,2,"Sep 2026, Oct 2026",Sep 2026 (bal 8.0) · Oct 2026 (bal 20.0),0.0,12.0,20,20.0,8.0,12.0,8.0,28.0,"shows 20 min, should be 8 (overstated by 12 — 12 earlier-month min not carried forward)","🚩 Balance not carried forward — shows 20, should be 8 (overstated +12)",OK - CALCULATED
10941649,40710564141,Convo Now,live,Convo Now: Access Complimentary,40727706483,2026-09-15,2026-10-15,30.0,30 days,Calculated 30-day,2.0,2,"Sep 2026, Oct 2026",Sep 2026 (bal -15.0) · Oct 2026 (bal 20.0),0.0,35.0,20,20.0,0.0,20.0,0.0,5.0,"shows 20 min, should be 0 (overstated by 20 — 35 earlier-month min not carried forward)","🚩 Balance not carried forward — shows 20, should be 0 (overstated +20)",OK - CALCULATED
47940118,40713371138,Convo Now,live,Convo Now: Access Complimentary,40708971705,2026-09-15,2026-10-15,30.0,30 days,Calculated 30-day,2.0,2,"Sep 2026, Oct 2026",Sep 2026 (bal 19.0) · Oct 2026 (bal 20.0),0.0,1.0,20,20.0,19.0,1.0,19.0,39.0,"shows 20 min, should be 19 (overstated by 1 — 1 earlier-month min not carried forward)","🚩 Balance not carried forward — shows 20, should be 19 (overstated +1)",OK - CALCULATED
46849696,40732696968,Convo Now,live,Convo Now: Access Complimentary,40724040859,2026-09-15,2026-10-15,30.0,30 days,Calculated 30-day,2.0,2,"Sep 2026, Oct 2026",Sep 2026 (bal 2.0) · Oct 2026 (bal 20.0),0.0,18.0,20,20.0,2.0,18.0,2.0,22.0,"shows 20 min, should be 2 (overstated by 18 — 18 earlier-month min not carried forward)","🚩 Balance not carried forward — shows 20, should be 2 (overstated +18)",OK - CALCULATED
41836083,40801719972,Convo Now,live,Convo Now: Access Complimentary,40793301536,2026-09-16,2026-10-16,30.0,30 days,Calculated 30-day,2.0,2,"Sep 2026, Oct 2026",Sep 2026 (bal -25.0) · Oct 2026 (bal 20.0),0.0,45.0,20,20.0,0.0,20.0,0.0,-5.0,"shows 20 min, should be 0 (overstated by 20 — 45 earlier-month min not carried forward)","🚩 Balance not carried forward — shows 20, should be 0 (overstated +20)",OK - CALCULATED
39760606,40895821097,Convo Now,live,Convo Now: Access Complimentary,40879860741,2026-09-17,2026-10-17,30.0,30 days,Calculated 30-day,2.0,2,"Sep 2026, Oct 2026",Sep 2026 (bal -16.0) · Oct 2026 (bal 20.0),0.0,36.0,20,20.0,0.0,20.0,0.0,4.0,"shows 20 min, should be 0 (overstated by 20 — 36 earlier-month min not carried forward)","🚩 Balance not carried forward — shows 20, should be 0 (overstated +20)",OK - CALCULATED
24056464,41311908624,Convo Now,live,Convo Now: Access Complimentary,41380806791,2026-09-20,2026-10-20,30.0,30 days,Calculated 30-day,2.0,2,"Sep 2026, Oct 2026",Sep 2026 (bal 10.0) · Oct 2026 (bal 20.0),0.0,10.0,20,20.0,10.0,10.0,10.0,30.0,"shows 20 min, should be 10 (overstated by 10 — 10 earlier-month min not carried forward)","🚩 Balance not carried forward — shows 20, should be 10 (overstated +10)",OK - CALCULATED
83135012,41375904536,Convo Now,live,Convo Now: Access Complimentary,41389726555,2026-09-20,2026-10-20,30.0,30 days,Calculated 30-day,2.0,2,"Sep 2026, Oct 2026",Sep 2026 (bal 16.0) · Oct 2026 (bal 14.0),0.0,10.0,20,14.0,10.0,4.0,10.0,30.0,"shows 14 min, should be 10 (overstated by 4 — 4 earlier-month min not carried forward)","🚩 Balance not carried forward — shows 14, should be 10 (overstated +4)",OK - CALCULATED
92874334,41375904538,Convo Now,live,Convo Now: Access Complimentary,41323775002,2026-09-20,2026-10-20,30.0,30 days,Calculated 30-day,2.0,2,"Sep 2026, Oct 2026",Sep 2026 (bal -12.0) · Oct 2026 (bal 20.0),0.0,32.0,20,20.0,0.0,20.0,0.0,8.0,"shows 20 min, should be 0 (overstated by 20 — 32 earlier-month min not carried forward)","🚩 Balance not carried forward — shows 20, should be 0 (overstated +20)",OK - CALCULATED
13586543,41522647939,Convo Now,live,Convo Now: Access Complimentary,41457708643,2026-09-21,2026-10-21,30.0,30 days,Calculated 30-day,2.0,2,"Sep 2026, Oct 2026",Sep 2026 (bal -14.0) · Oct 2026 (bal 20.0),0.0,34.0,20,20.0,0.0,20.0,0.0,6.0,"shows 20 min, should be 0 (overstated by 20 — 34 earlier-month min not carried forward)","🚩 Balance not carried forward — shows 20, should be 0 (overstated +20)",OK - CALCULATED
73808763,41593319960,Convo Now,live,Convo Now: Access Complimentary,41552792465,2026-09-22,2026-10-22,30.0,30 days,Calculated 30-day,2.0,2,"Sep 2026, Oct 2026",Sep 2026 (bal -10.0) · Oct 2026 (bal 20.0),0.0,30.0,20,20.0,0.0,20.0,0.0,10.0,"shows 20 min, should be 0 (overstated by 20 — 30 earlier-month min not carried forward)","🚩 Balance not carried forward — shows 20, should be 0 (overstated +20)",OK - CALCULATED
20509740,42021300068,Convo Now,live,Convo Now: Access Complimentary,42023309133,2026-09-27,2026-10-27,30.0,30 days,Calculated 30-day,2.0,2,"Sep 2026, Oct 2026",Sep 2026 (bal 7.0) · Oct 2026 (bal 20.0),0.0,13.0,20,20.0,7.0,13.0,7.0,27.0,"shows 20 min, should be 7 (overstated by 13 — 13 earlier-month min not carried forward)","🚩 Balance not carried forward — shows 20, should be 7 (overstated +13)",OK - CALCULATED
85154790,42325640610,Convo Now,live,Convo Now: Access Complimentary,42281866932,2026-09-30,2026-10-30,30.0,30 days,Calculated 30-day,2.0,2,"Sep 2026, Oct 2026",Sep 2026 (bal 0.0) · Oct 2026 (bal 20.0),0.0,20.0,20,20.0,0.0,20.0,0.0,20.0,"shows 20 min, should be 0 (overstated by 20 — 20 earlier-month min not carried forward)","🚩 Balance not carried forward — shows 20, should be 0 (overstated +20)",OK - CALCULATED
94195490,42409980978,Convo Now,live,Convo Now: Access Complimentary,42257096545,2026-09-30,2026-10-30,30.0,30 days,Calculated 30-day,2.0,2,"Sep 2026, Oct 2026",Sep 2026 (bal 3.0) · Oct 2026 (bal 20.0),0.0,17.0,20,20.0,3.0,17.0,3.0,23.0,"shows 20 min, should be 3 (overstated by 17 — 17 earlier-month min not carried forward)","🚩 Balance not carried forward — shows 20, should be 3 (overstated +17)",OK - CALCULATED
35930654,42409980981,Convo Now,live,Convo Now: Access Complimentary,42390667558,2026-09-30,2026-10-30,30.0,30 days,Calculated 30-day,2.0,2,"Sep 2026, Oct 2026",Sep 2026 (bal -4.0) · Oct 2026 (bal 20.0),0.0,24.0,20,20.0,0.0,20.0,0.0,16.0,"shows 20 min, should be 0 (overstated by 20 — 24 earlier-month min not carried forward)","🚩 Balance not carried forward — shows 20, should be 0 (overstated +20)",OK - CALCULATED
64917392,42835923548,Convo Now,live,Convo Now: Access Complimentary,42832988993,2026-09-06,2026-10-06,30.0,30 days,Calculated 30-day,2.0,2,"Sep 2026, Oct 2026",Sep 2026 (bal 18.0) · Oct 2026 (bal 20.0),0.0,2.0,20,20.0,18.0,2.0,18.0,38.0,"shows 20 min, should be 18 (overstated by 2 — 2 earlier-month min not carried forward)","🚩 Balance not carried forward — shows 20, should be 18 (overstated +2)",OK - CALCULATED
95867761,42838549104,Convo Now,live,Convo Now: Access Complimentary,42836661868,2026-09-06,2026-10-06,30.0,30 days,Calculated 30-day,2.0,2,"Sep 2026, Oct 2026",Sep 2026 (bal 13.0) · Oct 2026 (bal 13.0),0.0,14.0,20,13.0,6.0,7.0,6.0,26.0,"shows 13 min, should be 6 (overstated by 7 — 7 earlier-month min not carried forward)","🚩 Balance not carried forward — shows 13, should be 6 (overstated +7)",OK - CALCULATED
20513445,42838549105,Convo Now,live,Convo Now: Access Complimentary,42825993608,2026-09-06,2026-10-06,30.0,30 days,Calculated 30-day,2.0,2,"Sep 2026, Oct 2026",Sep 2026 (bal 10.0) · Oct 2026 (bal 20.0),0.0,10.0,20,20.0,10.0,10.0,10.0,30.0,"shows 20 min, should be 10 (overstated by 10 — 10 earlier-month min not carried forward)","🚩 Balance not carried forward — shows 20, should be 10 (overstated +10)",OK - CALCULATED
94744302,42917568912,Convo Now,live,Convo Now: Access Complimentary,42925714028,2026-09-08,2026-10-08,30.0,30 days,Calculated 30-day,2.0,2,"Sep 2026, Oct 2026",Sep 2026 (bal 18.0) · Oct 2026 (bal 20.0),0.0,2.0,20,20.0,18.0,2.0,18.0,38.0,"shows 20 min, should be 18 (overstated by 2 — 2 earlier-month min not carried forward)","🚩 Balance not carried forward — shows 20, should be 18 (overstated +2)",OK - CALCULATED
78338399,42923750992,Convo Now,live,Convo Now: Access Complimentary,42938831530,2026-09-07,2026-10-07,30.0,30 days,Calculated 30-day,2.0,2,"Sep 2026, Oct 2026",Sep 2026 (bal 6.0) · Oct 2026 (bal 20.0),0.0,14.0,20,20.0,6.0,14.0,6.0,26.0,"shows 20 min, should be 6 (overstated by 14 — 14 earlier-month min not carried forward)","🚩 Balance not carried forward — shows 20, should be 6 (overstated +14)",OK - CALCULATED
96058914,43129018738,Convo Now,live,Convo Now: Access Complimentary,43065591435,2026-09-09,2026-10-09,30.0,30 days,Calculated 30-day,2.0,2,"Sep 2026, Oct 2026",Sep 2026 (bal -8.0) · Oct 2026 (bal 20.0),0.0,28.0,20,20.0,0.0,20.0,0.0,12.0,"shows 20 min, should be 0 (overstated by 20 — 28 earlier-month min not carried forward)","🚩 Balance not carried forward — shows 20, should be 0 (overstated +20)",OK - CALCULATED
97790873,43242424233,Convo Now,live,Convo Now: Access Complimentary,43239888896,2026-09-11,2026-10-11,30.0,30 days,Calculated 30-day,2.0,2,"Sep 2026, Oct 2026",Sep 2026 (bal 9.0) · Oct 2026 (bal 20.0),0.0,11.0,20,20.0,9.0,11.0,9.0,29.0,"shows 20 min, should be 9 (overstated by 11 — 11 earlier-month min not carried forward)","🚩 Balance not carried forward — shows 20, should be 9 (overstated +11)",OK - CALCULATED
60099145,43245422687,Convo Now,live,Convo Now: Access Complimentary,43241464839,2026-09-11,2026-10-11,30.0,30 days,Calculated 30-day,2.0,2,"Sep 2026, Oct 2026",Sep 2026 (bal 9.0) · Oct 2026 (bal 20.0),0.0,11.0,20,20.0,9.0,11.0,9.0,29.0,"shows 20 min, should be 9 (overstated by 11 — 11 earlier-month min not carried forward)","🚩 Balance not carried forward — shows 20, should be 9 (overstated +11)",OK - CALCULATED
62001868,43259558788,Convo Now,live,Convo Now: Access Complimentary,43267924652,2026-09-11,2026-10-11,30.0,30 days,Calculated 30-day,2.0,2,"Sep 2026, Oct 2026",Sep 2026 (bal 13.0) · Oct 2026 (bal 20.0),0.0,7.0,20,20.0,13.0,7.0,13.0,33.0,"shows 20 min, should be 13 (overstated by 7 — 7 earlier-month min not carried forward)","🚩 Balance not carried forward — shows 20, should be 13 (overstated +7)",OK - CALCULATED
16879330,43319887492,Convo Now,live,Convo Now: Access Complimentary,43319351106,2026-09-12,2026-10-12,30.0,30 days,Calculated 30-day,2.0,2,"Sep 2026, Oct 2026",Sep 2026 (bal -1.0) · Oct 2026 (bal 20.0),0.0,21.0,20,20.0,0.0,20.0,0.0,19.0,"shows 20 min, should be 0 (overstated by 20 — 21 earlier-month min not carried forward)","🚩 Balance not carried forward — shows 20, should be 0 (overstated +20)",OK - CALCULATED
53032482,43321779369,Convo Now,live,Convo Now: Access Complimentary,43321490088,2026-09-12,2026-10-12,30.0,30 days,Calculated 30-day,2.0,2,"Sep 2026, Oct 2026",Sep 2026 (bal 8.0) · Oct 2026 (bal 10.0),0.0,22.0,20,10.0,0.0,10.0,0.0,18.0,"shows 10 min, should be 0 (overstated by 10 — 12 earlier-month min not carried forward)","🚩 Balance not carried forward — shows 10, should be 0 (overstated +10)",OK - CALCULATED
62199222,43354306636,Convo Now,live,Convo Now: Access Complimentary,43354312064,2026-09-13,2026-10-13,30.0,30 days,Calculated 30-day,2.0,2,"Sep 2026, Oct 2026",Sep 2026 (bal -7.0) · Oct 2026 (bal 20.0),0.0,27.0,20,20.0,0.0,20.0,0.0,13.0,"shows 20 min, should be 0 (overstated by 20 — 27 earlier-month min not carried forward)","🚩 Balance not carried forward — shows 20, should be 0 (overstated +20)",OK - CALCULATED
44185581,43359236497,Convo Now,live,Convo Now: Access Complimentary,43356929650,2026-09-13,2026-10-13,30.0,30 days,Calculated 30-day,2.0,2,"Sep 2026, Oct 2026",Sep 2026 (bal 9.0) · Oct 2026 (bal 20.0),0.0,11.0,20,20.0,9.0,11.0,9.0,29.0,"shows 20 min, should be 9 (overstated by 11 — 11 earlier-month min not carried forward)","🚩 Balance not carried forward — shows 20, should be 9 (overstated +11)",OK - CALCULATED
29538484,43402134691,Convo Now,live,Convo Now: Access Complimentary,43402003127,2026-09-14,2026-10-14,30.0,30 days,Calculated 30-day,2.0,2,"Sep 2026, Oct 2026",Sep 2026 (bal 10.0) · Oct 2026 (bal 20.0),0.0,10.0,20,20.0,10.0,10.0,10.0,30.0,"shows 20 min, should be 10 (overstated by 10 — 10 earlier-month min not carried forward)","🚩 Balance not carried forward — shows 20, should be 10 (overstated +10)",OK - CALCULATED
97300014,43446941022,Convo Now,live,Convo Now: Access Complimentary,43440941480,2026-09-15,2026-10-15,30.0,30 days,Calculated 30-day,2.0,2,"Sep 2026, Oct 2026",Sep 2026 (bal -6.0) · Oct 2026 (bal 20.0),0.0,26.0,20,20.0,0.0,20.0,0.0,14.0,"shows 20 min, should be 0 (overstated by 20 — 26 earlier-month min not carried forward)","🚩 Balance not carried forward — shows 20, should be 0 (overstated +20)",OK - CALCULATED
89081723,43578216211,Convo Now,live,Convo Now: Access Complimentary,43578212256,2026-09-15,2026-10-15,30.0,30 days,Calculated 30-day,2.0,2,"Sep 2026, Oct 2026",Sep 2026 (bal -17.0) · Oct 2026 (bal 2.0),0.0,55.0,20,2.0,0.0,2.0,0.0,-15.0,"shows 2 min, should be 0 (overstated by 2 — 37 earlier-month min not carried forward)","🚩 Balance not carried forward — shows 2, should be 0 (overstated +2)",OK - CALCULATED
67204845,43610626604,Convo Now,live,Convo Now: Access Complimentary,43593794970,2026-09-15,2026-10-15,30.0,30 days,Calculated 30-day,2.0,2,"Sep 2026, Oct 2026",Sep 2026 (bal 9.0) · Oct 2026 (bal 20.0),0.0,11.0,20,20.0,9.0,11.0,9.0,29.0,"shows 20 min, should be 9 (overstated by 11 — 11 earlier-month min not carried forward)","🚩 Balance not carried forward — shows 20, should be 9 (overstated +11)",OK - CALCULATED
93662689,43647330733,Convo Now,live,Convo Now: Access Complimentary,43646232332,2026-09-16,2026-10-16,30.0,30 days,Calculated 30-day,2.0,2,"Sep 2026, Oct 2026",Sep 2026 (bal 12.0) · Oct 2026 (bal 20.0),0.0,8.0,20,20.0,12.0,8.0,12.0,32.0,"shows 20 min, should be 12 (overstated by 8 — 8 earlier-month min not carried forward)","🚩 Balance not carried forward — shows 20, should be 12 (overstated +8)",OK - CALCULATED
99489554,43850623615,Convo Now,live,Convo Now: Access Complimentary,43860571437,2026-09-19,2026-10-19,30.0,30 days,Calculated 30-day,2.0,2,"Sep 2026, Oct 2026",Sep 2026 (bal -18.0) · Oct 2026 (bal 20.0),0.0,38.0,20,20.0,0.0,20.0,0.0,2.0,"shows 20 min, should be 0 (overstated by 20 — 38 earlier-month min not carried forward)","🚩 Balance not carried forward — shows 20, should be 0 (overstated +20)",OK - CALCULATED
57418434,43951663671,Convo Now,live,Convo Now: Access Complimentary,44022074287,2026-09-22,2026-10-22,30.0,30 days,Calculated 30-day,2.0,2,"Sep 2026, Oct 2026",Sep 2026 (bal -11.0) · Oct 2026 (bal 20.0),0.0,31.0,20,20.0,0.0,20.0,0.0,9.0,"shows 20 min, should be 0 (overstated by 20 — 31 earlier-month min not carried forward)","🚩 Balance not carried forward — shows 20, should be 0 (overstated +20)",OK - CALCULATED
41440390,44271244653,Convo Now,live,Convo Now: Access Complimentary,44269051155,2026-09-25,2026-10-25,30.0,30 days,Calculated 30-day,2.0,2,"Sep 2026, Oct 2026",Sep 2026 (bal 5.0) · Oct 2026 (bal 20.0),0.0,15.0,20,20.0,5.0,15.0,5.0,25.0,"shows 20 min, should be 5 (overstated by 15 — 15 earlier-month min not carried forward)","🚩 Balance not carried forward — shows 20, should be 5 (overstated +15)",OK - CALCULATED
96658404,44276448907,Convo Now,live,Convo Now: Access Complimentary,44275209009,2026-09-25,2026-10-25,30.0,30 days,Calculated 30-day,2.0,2,"Sep 2026, Oct 2026",Sep 2026 (bal -8.0) · Oct 2026 (bal 20.0),0.0,28.0,20,20.0,0.0,20.0,0.0,12.0,"shows 20 min, should be 0 (overstated by 20 — 28 earlier-month min not carried forward)","🚩 Balance not carried forward — shows 20, should be 0 (overstated +20)",OK - CALCULATED
93417444,44286621100,Convo Now,live,Convo Now: Access Complimentary,44273281637,2026-09-25,2026-10-25,30.0,30 days,Calculated 30-day,2.0,2,"Sep 2026, Oct 2026",Sep 2026 (bal 13.0) · Oct 2026 (bal 20.0),0.0,7.0,20,20.0,13.0,7.0,13.0,33.0,"shows 20 min, should be 13 (overstated by 7 — 7 earlier-month min not carried forward)","🚩 Balance not carried forward — shows 20, should be 13 (overstated +7)",OK - CALCULATED
75627379,44286900641,Convo Now,live,Convo Now: Access Complimentary,44284263016,2026-09-25,2026-10-25,30.0,30 days,Calculated 30-day,2.0,2,"Sep 2026, Oct 2026",Sep 2026 (bal 8.0) · Oct 2026 (bal 20.0),0.0,12.0,20,20.0,8.0,12.0,8.0,28.0,"shows 20 min, should be 8 (overstated by 12 — 12 earlier-month min not carried forward)","🚩 Balance not carried forward — shows 20, should be 8 (overstated +12)",OK - CALCULATED
54471140,44296740384,Convo Now,live,Convo Now: Access Complimentary,44270000452,2026-09-25,2026-10-25,30.0,30 days,Calculated 30-day,2.0,2,"Sep 2026, Oct 2026",Sep 2026 (bal 8.0) · Oct 2026 (bal 20.0),0.0,12.0,20,20.0,8.0,12.0,8.0,28.0,"shows 20 min, should be 8 (overstated by 12 — 12 earlier-month min not carried forward)","🚩 Balance not carried forward — shows 20, should be 8 (overstated +12)",OK - CALCULATED
59615672,44305687930,Convo Now,live,Convo Now: Access Complimentary,44268908446,2026-09-25,2026-10-25,30.0,30 days,Calculated 30-day,2.0,2,"Sep 2026, Oct 2026",Sep 2026 (bal -10.0) · Oct 2026 (bal 20.0),0.0,30.0,20,20.0,0.0,20.0,0.0,10.0,"shows 20 min, should be 0 (overstated by 20 — 30 earlier-month min not carried forward)","🚩 Balance not carried forward — shows 20, should be 0 (overstated +20)",OK - CALCULATED
38184534,44357302198,Convo Now,live,Convo Now: Access Complimentary,44361505304,2026-09-26,2026-10-26,30.0,30 days,Calculated 30-day,2.0,2,"Sep 2026, Oct 2026",Sep 2026 (bal -32.0) · Oct 2026 (bal 20.0),0.0,52.0,20,20.0,0.0,20.0,0.0,-12.0,"shows 20 min, should be 0 (overstated by 20 — 52 earlier-month min not carried forward)","🚩 Balance not carried forward — shows 20, should be 0 (overstated +20)",OK - CALCULATED
95306442,44367657019,Convo Now,live,Convo Now: Access Complimentary,44366030091,2026-09-26,2026-10-26,30.0,30 days,Calculated 30-day,2.0,2,"Sep 2026, Oct 2026",Sep 2026 (bal -20.0) · Oct 2026 (bal 8.0),0.0,52.0,20,8.0,0.0,8.0,0.0,-12.0,"shows 8 min, should be 0 (overstated by 8 — 40 earlier-month min not carried forward)","🚩 Balance not carried forward — shows 8, should be 0 (overstated +8)",OK - CALCULATED
70050398,44544657807,Convo Now,live,Convo Now: Access Complimentary,44581148178,2026-09-29,2026-10-29,30.0,30 days,Calculated 30-day,2.0,2,"Sep 2026, Oct 2026",Sep 2026 (bal -12.0) · Oct 2026 (bal 20.0),0.0,32.0,20,20.0,0.0,20.0,0.0,8.0,"shows 20 min, should be 0 (overstated by 20 — 32 earlier-month min not carried forward)","🚩 Balance not carried forward — shows 20, should be 0 (overstated +20)",OK - CALCULATED
40667423,45342624095,Convo Now,live,Convo Now: Access Complimentary,45337586025,2026-09-10,2026-10-10,30.0,30 days,Calculated 30-day,2.0,2,"Sep 2026, Oct 2026",Sep 2026 (bal -4.0) · Oct 2026 (bal 20.0),0.0,24.0,20,20.0,0.0,20.0,0.0,16.0,"shows 20 min, should be 0 (overstated by 20 — 24 earlier-month min not carried forward)","🚩 Balance not carried forward — shows 20, should be 0 (overstated +20)",OK - CALCULATED
12147114,45345093276,Convo Now,live,Convo Now: Access Complimentary,45292068520,2026-09-10,2026-10-10,30.0,30 days,Calculated 30-day,2.0,2,"Sep 2026, Oct 2026",Sep 2026 (bal 6.0) · Oct 2026 (bal 20.0),0.0,14.0,20,20.0,6.0,14.0,6.0,26.0,"shows 20 min, should be 6 (overstated by 14 — 14 earlier-month min not carried forward)","🚩 Balance not carried forward — shows 20, should be 6 (overstated +14)",OK - CALCULATED
62233638,45506362922,Convo Now,live,Convo Now: Access Complimentary,45599869209,2026-09-12,2026-10-12,30.0,30 days,Calculated 30-day,2.0,2,"Sep 2026, Oct 2026",Sep 2026 (bal 4.0) · Oct 2026 (bal 20.0),0.0,16.0,20,20.0,4.0,16.0,4.0,24.0,"shows 20 min, should be 4 (overstated by 16 — 16 earlier-month min not carried forward)","🚩 Balance not carried forward — shows 20, should be 4 (overstated +16)",OK - CALCULATED
34219764,45938967846,Convo Now,live,Convo Now: Access Complimentary,45938280763,2026-09-17,2026-10-17,30.0,30 days,Calculated 30-day,2.0,2,"Sep 2026, Oct 2026",Sep 2026 (bal -23.0) · Oct 2026 (bal 20.0),0.0,43.0,20,20.0,0.0,20.0,0.0,-3.0,"shows 20 min, should be 0 (overstated by 20 — 43 earlier-month min not carried forward)","🚩 Balance not carried forward — shows 20, should be 0 (overstated +20)",OK - CALCULATED
18258735,45953298607,Convo Now,live,Convo Now: Access Complimentary,45959935297,2026-09-17,2026-10-17,30.0,30 days,Calculated 30-day,2.0,2,"Sep 2026, Oct 2026",Sep 2026 (bal -52.0) · Oct 2026 (bal 20.0),0.0,72.0,20,20.0,0.0,20.0,0.0,-32.0,"shows 20 min, should be 0 (overstated by 20 — 72 earlier-month min not carried forward)","🚩 Balance not carried forward — shows 20, should be 0 (overstated +20)",OK - CALCULATED
33052505,46050163001,Convo Now,live,Convo Now: Access Complimentary,46045504786,2026-09-19,2026-10-19,30.0,30 days,Calculated 30-day,2.0,2,"Sep 2026, Oct 2026",Sep 2026 (bal 5.0) · Oct 2026 (bal 9.0),0.0,26.0,20,9.0,0.0,9.0,0.0,14.0,"shows 9 min, should be 0 (overstated by 9 — 15 earlier-month min not carried forward)","🚩 Balance not carried forward — shows 9, should be 0 (overstated +9)",OK - CALCULATED
11317137,46050163006,Convo Now,live,Convo Now: Access Complimentary,46049958704,2026-09-19,2026-10-19,30.0,30 days,Calculated 30-day,2.0,2,"Sep 2026, Oct 2026",Sep 2026 (bal 11.0) · Oct 2026 (bal 20.0),0.0,9.0,20,20.0,11.0,9.0,11.0,31.0,"shows 20 min, should be 11 (overstated by 9 — 9 earlier-month min not carried forward)","🚩 Balance not carried forward — shows 20, should be 11 (overstated +9)",OK - CALCULATED
56499953,46112893770,Convo Now,live,Convo Now: Access Complimentary,46148860712,2026-09-20,2026-10-20,30.0,30 days,Calculated 30-day,2.0,2,"Sep 2026, Oct 2026",Sep 2026 (bal 11.0) · Oct 2026 (bal 20.0),0.0,9.0,20,20.0,11.0,9.0,11.0,31.0,"shows 20 min, should be 11 (overstated by 9 — 9 earlier-month min not carried forward)","🚩 Balance not carried forward — shows 20, should be 11 (overstated +9)",OK - CALCULATED
41888502,46502861457,Convo Now,live,Convo Now: Access Complimentary,46499919267,2026-09-25,2026-10-25,30.0,30 days,Calculated 30-day,2.0,2,"Sep 2026, Oct 2026",Sep 2026 (bal -5.0) · Oct 2026 (bal 20.0),0.0,25.0,20,20.0,0.0,20.0,0.0,15.0,"shows 20 min, should be 0 (overstated by 20 — 25 earlier-month min not carried forward)","🚩 Balance not carried forward — shows 20, should be 0 (overstated +20)",OK - CALCULATED
83290040,46678872913,Convo Now,live,Convo Now: Access Complimentary,46680416886,2026-09-25,2026-10-25,30.0,30 days,Calculated 30-day,2.0,2,"Sep 2026, Oct 2026",Sep 2026 (bal -5.0) · Oct 2026 (bal 20.0),0.0,25.0,20,20.0,0.0,20.0,0.0,15.0,"shows 20 min, should be 0 (overstated by 20 — 25 earlier-month min not carried forward)","🚩 Balance not carried forward — shows 20, should be 0 (overstated +20)",OK - CALCULATED
84107629,47043321096,Convo Now,live,Convo Now: Access Complimentary,47140596394,2026-09-30,2026-10-30,30.0,30 days,Calculated 30-day,2.0,2,"Sep 2026, Oct 2026",Sep 2026 (bal -12.0) · Oct 2026 (bal 20.0),0.0,32.0,20,20.0,0.0,20.0,0.0,8.0,"shows 20 min, should be 0 (overstated by 20 — 32 earlier-month min not carried forward)","🚩 Balance not carried forward — shows 20, should be 0 (overstated +20)",OK - CALCULATED
66871748,47122134828,Convo Now,live,Convo Now: Access Complimentary,47111983371,2026-09-30,2026-10-30,30.0,30 days,Calculated 30-day,2.0,2,"Sep 2026, Oct 2026",Sep 2026 (bal 3.0) · Oct 2026 (bal 20.0),0.0,17.0,20,20.0,3.0,17.0,3.0,23.0,"shows 20 min, should be 3 (overstated by 17 — 17 earlier-month min not carried forward)","🚩 Balance not carried forward — shows 20, should be 3 (overstated +17)",OK - CALCULATED
33185758,47639165338,Convo Now,live,Convo Now: Access Complimentary,47634117471,2026-09-07,2026-10-07,30.0,30 days,Calculated 30-day,2.0,2,"Sep 2026, Oct 2026",Sep 2026 (bal -23.0) · Oct 2026 (bal 19.0),0.0,44.0,20,19.0,0.0,19.0,0.0,-4.0,"shows 19 min, should be 0 (overstated by 19 — 43 earlier-month min not carried forward)","🚩 Balance not carried forward — shows 19, should be 0 (overstated +19)",OK - CALCULATED
47164945,47768161094,Convo Now,live,Convo Now: Access Complimentary,47756661617,2026-09-08,2026-10-08,30.0,30 days,Calculated 30-day,2.0,2,"Sep 2026, Oct 2026",Sep 2026 (bal 9.0) · Oct 2026 (bal 16.0),0.0,15.0,20,16.0,5.0,11.0,5.0,25.0,"shows 16 min, should be 5 (overstated by 11 — 11 earlier-month min not carried forward)","🚩 Balance not carried forward — shows 16, should be 5 (overstated +11)",OK - CALCULATED
15803822,47851658123,Convo Now,live,Convo Now: Access Complimentary,47837923120,2026-09-09,2026-10-09,30.0,30 days,Calculated 30-day,2.0,2,"Sep 2026, Oct 2026",Sep 2026 (bal 15.0) · Oct 2026 (bal 20.0),0.0,5.0,20,20.0,15.0,5.0,15.0,35.0,"shows 20 min, should be 15 (overstated by 5 — 5 earlier-month min not carried forward)","🚩 Balance not carried forward — shows 20, should be 15 (overstated +5)",OK - CALCULATED
96236843,47855995027,Convo Now,live,Convo Now: Access Complimentary,47925973629,2026-09-09,2026-10-09,30.0,30 days,Calculated 30-day,2.0,2,"Sep 2026, Oct 2026",Sep 2026 (bal 5.0) · Oct 2026 (bal 12.0),0.0,23.0,20,12.0,0.0,12.0,0.0,17.0,"shows 12 min, should be 0 (overstated by 12 — 15 earlier-month min not carried forward)","🚩 Balance not carried forward — shows 12, should be 0 (overstated +12)",OK - CALCULATED
62828696,47989451873,Convo Now,live,Convo Now: Access Complimentary,47969236620,2026-09-10,2026-10-10,30.0,30 days,Calculated 30-day,2.0,2,"Sep 2026, Oct 2026",Sep 2026 (bal 12.0) · Oct 2026 (bal 10.0),0.0,18.0,20,10.0,2.0,8.0,2.0,22.0,"shows 10 min, should be 2 (overstated by 8 — 8 earlier-month min not carried forward)","🚩 Balance not carried forward — shows 10, should be 2 (overstated +8)",OK - CALCULATED
20673157,47991463481,Convo Now,live,Convo Now: Access Complimentary,47989691971,2026-09-10,2026-10-10,30.0,30 days,Calculated 30-day,2.0,2,"Sep 2026, Oct 2026",Sep 2026 (bal -19.0) · Oct 2026 (bal 20.0),0.0,39.0,20,20.0,0.0,20.0,0.0,1.0,"shows 20 min, should be 0 (overstated by 20 — 39 earlier-month min not carried forward)","🚩 Balance not carried forward — shows 20, should be 0 (overstated +20)",OK - CALCULATED
24900179,48052382868,Convo Now,live,Convo Now: Access Complimentary,48097759370,2026-09-11,2026-10-11,30.0,30 days,Calculated 30-day,2.0,2,"Sep 2026, Oct 2026",Sep 2026 (bal 7.0) · Oct 2026 (bal 20.0),0.0,13.0,20,20.0,7.0,13.0,7.0,27.0,"shows 20 min, should be 7 (overstated by 13 — 13 earlier-month min not carried forward)","🚩 Balance not carried forward — shows 20, should be 7 (overstated +13)",OK - CALCULATED
34917158,48064730019,Convo Now,live,Convo Now: Access Complimentary,48075409749,2026-09-11,2026-10-11,30.0,30 days,Calculated 30-day,2.0,2,"Sep 2026, Oct 2026",Sep 2026 (bal -38.0) · Oct 2026 (bal 20.0),0.0,58.0,20,20.0,0.0,20.0,0.0,-18.0,"shows 20 min, should be 0 (overstated by 20 — 58 earlier-month min not carried forward)","🚩 Balance not carried forward — shows 20, should be 0 (overstated +20)",OK - CALCULATED
29667063,48068983224,Convo Now,live,Convo Now: Access Complimentary,48080063540,2026-09-11,2026-10-11,30.0,30 days,Calculated 30-day,2.0,2,"Sep 2026, Oct 2026",Sep 2026 (bal 6.0) · Oct 2026 (bal 20.0),0.0,14.0,20,20.0,6.0,14.0,6.0,26.0,"shows 20 min, should be 6 (overstated by 14 — 14 earlier-month min not carried forward)","🚩 Balance not carried forward — shows 20, should be 6 (overstated +14)",OK - CALCULATED
14545787,48309690526,Convo Now,live,Convo Now: Access Complimentary,48293867067,2026-09-15,2026-10-15,30.0,30 days,Calculated 30-day,2.0,2,"Sep 2026, Oct 2026",Sep 2026 (bal 7.0) · Oct 2026 (bal 20.0),0.0,13.0,20,20.0,7.0,13.0,7.0,27.0,"shows 20 min, should be 7 (overstated by 13 — 13 earlier-month min not carried forward)","🚩 Balance not carried forward — shows 20, should be 7 (overstated +13)",OK - CALCULATED
85475761,48324199722,Convo Now,live,Convo Now: Access Complimentary,48375829336,2026-09-15,2026-10-15,30.0,30 days,Calculated 30-day,2.0,2,"Sep 2026, Oct 2026",Sep 2026 (bal -3.0) · Oct 2026 (bal 20.0),0.0,23.0,20,20.0,0.0,20.0,0.0,17.0,"shows 20 min, should be 0 (overstated by 20 — 23 earlier-month min not carried forward)","🚩 Balance not carried forward — shows 20, should be 0 (overstated +20)",OK - CALCULATED
68196938,48379266971,Convo Now,live,Convo Now: Access Complimentary,48330179737,2026-09-15,2026-10-15,30.0,30 days,Calculated 30-day,2.0,2,"Sep 2026, Oct 2026",Sep 2026 (bal -127.0) · Oct 2026 (bal 20.0),0.0,147.0,20,20.0,0.0,20.0,0.0,-107.0,"shows 20 min, should be 0 (overstated by 20 — 147 earlier-month min not carried forward)","🚩 Balance not carried forward — shows 20, should be 0 (overstated +20)",OK - CALCULATED
27029348,48746609243,Convo Now,live,Convo Now: Access Complimentary,48743598157,2026-09-21,2026-10-21,30.0,30 days,Calculated 30-day,2.0,2,"Sep 2026, Oct 2026",Sep 2026 (bal -48.0) · Oct 2026 (bal 20.0),0.0,68.0,20,20.0,0.0,20.0,0.0,-28.0,"shows 20 min, should be 0 (overstated by 20 — 68 earlier-month min not carried forward)","🚩 Balance not carried forward — shows 20, should be 0 (overstated +20)",OK - CALCULATED
74763868,48765461824,Convo Now,live,Convo Now: Access Complimentary,48759360312,2026-09-21,2026-10-21,30.0,30 days,Calculated 30-day,2.0,2,"Sep 2026, Oct 2026",Sep 2026 (bal -18.0) · Oct 2026 (bal 20.0),0.0,38.0,20,20.0,0.0,20.0,0.0,2.0,"shows 20 min, should be 0 (overstated by 20 — 38 earlier-month min not carried forward)","🚩 Balance not carried forward — shows 20, should be 0 (overstated +20)",OK - CALCULATED
74529274,48772170846,Convo Now,live,Convo Now: Access Complimentary,48780253054,2026-09-21,2026-10-21,30.0,30 days,Calculated 30-day,2.0,2,"Sep 2026, Oct 2026",Sep 2026 (bal -80.0) · Oct 2026 (bal 20.0),0.0,100.0,20,20.0,0.0,20.0,0.0,-60.0,"shows 20 min, should be 0 (overstated by 20 — 100 earlier-month min not carried forward)","🚩 Balance not carried forward — shows 20, should be 0 (overstated +20)",OK - CALCULATED
32834309,48783792712,Convo Now,live,Convo Now: Access Complimentary,48796888174,2026-09-22,2026-10-22,30.0,30 days,Calculated 30-day,2.0,2,"Sep 2026, Oct 2026",Sep 2026 (bal -12.0) · Oct 2026 (bal 20.0),0.0,32.0,20,20.0,0.0,20.0,0.0,8.0,"shows 20 min, should be 0 (overstated by 20 — 32 earlier-month min not carried forward)","🚩 Balance not carried forward — shows 20, should be 0 (overstated +20)",OK - CALCULATED
29193484,48813902957,Convo Now,live,Convo Now: Access Complimentary,48846884776,2026-09-22,2026-10-22,30.0,30 days,Calculated 30-day,2.0,2,"Sep 2026, Oct 2026",Sep 2026 (bal -29.0) · Oct 2026 (bal 13.0),0.0,56.0,20,13.0,0.0,13.0,0.0,-16.0,"shows 13 min, should be 0 (overstated by 13 — 49 earlier-month min not carried forward)","🚩 Balance not carried forward — shows 13, should be 0 (overstated +13)",OK - CALCULATED
99434795,48909363200,Convo Now,live,Convo Now: Access Complimentary,48909049476,2026-09-23,2026-10-23,30.0,30 days,Calculated 30-day,2.0,2,"Sep 2026, Oct 2026",Sep 2026 (bal 18.0) · Oct 2026 (bal 1.0),0.0,21.0,20,1.0,0.0,1.0,0.0,19.0,"shows 1 min, should be 0 (overstated by 1 — 2 earlier-month min not carried forward)","🚩 Balance not carried forward — shows 1, should be 0 (overstated +1)",OK - CALCULATED
76237164,48937784197,Convo Now,live,Convo Now: Access Complimentary,48959807637,2026-09-24,2026-10-24,30.0,30 days,Calculated 30-day,2.0,2,"Sep 2026, Oct 2026",Sep 2026 (bal 14.0) · Oct 2026 (bal 1.0),0.0,25.0,20,1.0,0.0,1.0,0.0,15.0,"shows 1 min, should be 0 (overstated by 1 — 6 earlier-month min not carried forward)","🚩 Balance not carried forward — shows 1, should be 0 (overstated +1)",OK - CALCULATED
69500295,48981507236,Convo Now,live,Convo Now: Access Complimentary,48993521443,2026-09-24,2026-10-24,30.0,30 days,Calculated 30-day,2.0,2,"Sep 2026, Oct 2026",Sep 2026 (bal -4.0) · Oct 2026 (bal 12.0),0.0,32.0,20,12.0,0.0,12.0,0.0,8.0,"shows 12 min, should be 0 (overstated by 12 — 24 earlier-month min not carried forward)","🚩 Balance not carried forward — shows 12, should be 0 (overstated +12)",OK - CALCULATED
34033578,49016136110,Convo Now,live,Convo Now: Access Complimentary,49031091359,2026-09-25,2026-10-25,30.0,30 days,Calculated 30-day,2.0,2,"Sep 2026, Oct 2026",Sep 2026 (bal 17.0) · Oct 2026 (bal 20.0),0.0,3.0,20,20.0,17.0,3.0,17.0,37.0,"shows 20 min, should be 17 (overstated by 3 — 3 earlier-month min not carried forward)","🚩 Balance not carried forward — shows 20, should be 17 (overstated +3)",OK - CALCULATED
34833420,49254822758,Convo Now,live,Convo Now: Access Complimentary,49254507890,2026-09-28,2026-10-28,30.0,30 days,Calculated 30-day,2.0,2,"Sep 2026, Oct 2026",Sep 2026 (bal 7.0) · Oct 2026 (bal 20.0),0.0,13.0,20,20.0,7.0,13.0,7.0,27.0,"shows 20 min, should be 7 (overstated by 13 — 13 earlier-month min not carried forward)","🚩 Balance not carried forward — shows 20, should be 7 (overstated +13)",OK - CALCULATED
64814411,49295815453,Convo Now,live,Convo Now: Access Complimentary,49285504143,2026-09-28,2026-10-28,30.0,30 days,Calculated 30-day,2.0,2,"Sep 2026, Oct 2026",Sep 2026 (bal 3.0) · Oct 2026 (bal 20.0),0.0,17.0,20,20.0,3.0,17.0,3.0,23.0,"shows 20 min, should be 3 (overstated by 17 — 17 earlier-month min not carried forward)","🚩 Balance not carried forward — shows 20, should be 3 (overstated +17)",OK - CALCULATED
36058116,49351384621,Convo Now,live,Convo Now: Access Complimentary,49356358834,2026-09-29,2026-10-29,30.0,30 days,Calculated 30-day,2.0,2,"Sep 2026, Oct 2026",Sep 2026 (bal -10.0) · Oct 2026 (bal 20.0),0.0,30.0,20,20.0,0.0,20.0,0.0,10.0,"shows 20 min, should be 0 (overstated by 20 — 30 earlier-month min not carried forward)","🚩 Balance not carried forward — shows 20, should be 0 (overstated +20)",OK - CALCULATED
94863182,49378120798,Convo Now,live,Convo Now: Access Complimentary,49395635262,2026-09-29,2026-10-29,30.0,30 days,Calculated 30-day,2.0,2,"Sep 2026, Oct 2026",Sep 2026 (bal 11.0) · Oct 2026 (bal 20.0),0.0,9.0,20,20.0,11.0,9.0,11.0,31.0,"shows 20 min, should be 11 (overstated by 9 — 9 earlier-month min not carried forward)","🚩 Balance not carried forward — shows 20, should be 11 (overstated +9)",OK - CALCULATED
37754252,49395370130,Convo Now,live,Convo Now: Access Complimentary,49376613999,2026-09-29,2026-10-29,30.0,30 days,Calculated 30-day,2.0,2,"Sep 2026, Oct 2026",Sep 2026 (bal 2.0) · Oct 2026 (bal 20.0),0.0,18.0,20,20.0,2.0,18.0,2.0,22.0,"shows 20 min, should be 2 (overstated by 18 — 18 earlier-month min not carried forward)","🚩 Balance not carried forward — shows 20, should be 2 (overstated +18)",OK - CALCULATED
45757305,49404624970,Convo Now,live,Convo Now: Access Complimentary,49373341572,2026-09-29,2026-10-29,30.0,30 days,Calculated 30-day,2.0,2,"Sep 2026, Oct 2026",Sep 2026 (bal 14.0) · Oct 2026 (bal 15.0),0.0,11.0,20,15.0,9.0,6.0,9.0,29.0,"shows 15 min, should be 9 (overstated by 6 — 6 earlier-month min not carried forward)","🚩 Balance not carried forward — shows 15, should be 9 (overstated +6)",OK - CALCULATED
50720895,49462223703,Convo Now,live,Convo Now: Access Complimentary,49484213563,2026-09-30,2026-10-30,30.0,30 days,Calculated 30-day,2.0,2,"Sep 2026, Oct 2026",Sep 2026 (bal -11.0) · Oct 2026 (bal 7.0),0.0,44.0,20,7.0,0.0,7.0,0.0,-4.0,"shows 7 min, should be 0 (overstated by 7 — 31 earlier-month min not carried forward)","🚩 Balance not carried forward — shows 7, should be 0 (overstated +7)",OK - CALCULATED
77446227,49885763683,Convo Now,live,Convo Now: Access Complimentary,49906965058,2026-09-07,2026-10-07,30.0,30 days,Calculated 30-day,2.0,2,"Sep 2026, Oct 2026",Sep 2026 (bal 17.0) · Oct 2026 (bal 20.0),0.0,3.0,20,20.0,17.0,3.0,17.0,37.0,"shows 20 min, should be 17 (overstated by 3 — 3 earlier-month min not carried forward)","🚩 Balance not carried forward — shows 20, should be 17 (overstated +3)",OK - CALCULATED
58461488,49892206452,Convo Now,live,Convo Now: Access Complimentary,49887454613,2026-09-07,2026-10-07,30.0,30 days,Calculated 30-day,2.0,2,"Sep 2026, Oct 2026",Sep 2026 (bal 16.0) · Oct 2026 (bal 20.0),0.0,4.0,20,20.0,16.0,4.0,16.0,36.0,"shows 20 min, should be 16 (overstated by 4 — 4 earlier-month min not carried forward)","🚩 Balance not carried forward — shows 20, should be 16 (overstated +4)",OK - CALCULATED
40794473,49902008704,Convo Now,live,Convo Now: Access Complimentary,49897746318,2026-09-07,2026-10-07,30.0,30 days,Calculated 30-day,2.0,2,"Sep 2026, Oct 2026",Sep 2026 (bal 13.0) · Oct 2026 (bal 13.0),0.0,14.0,20,13.0,6.0,7.0,6.0,26.0,"shows 13 min, should be 6 (overstated by 7 — 7 earlier-month min not carried forward)","🚩 Balance not carried forward — shows 13, should be 6 (overstated +7)",OK - CALCULATED
46353995,49950766735,Convo Now,live,Convo Now: Access Complimentary,49970658053,2026-09-09,2026-10-09,30.0,30 days,Calculated 30-day,2.0,2,"Sep 2026, Oct 2026",Sep 2026 (bal 19.0) · Oct 2026 (bal 20.0),0.0,1.0,20,20.0,19.0,1.0,19.0,39.0,"shows 20 min, should be 19 (overstated by 1 — 1 earlier-month min not carried forward)","🚩 Balance not carried forward — shows 20, should be 19 (overstated +1)",OK - CALCULATED
78134432,49954507554,Convo Now,live,Convo Now: Access Complimentary,49963492185,2026-09-09,2026-10-09,30.0,30 days,Calculated 30-day,2.0,2,"Sep 2026, Oct 2026",Sep 2026 (bal -6.0) · Oct 2026 (bal 20.0),0.0,26.0,20,20.0,0.0,20.0,0.0,14.0,"shows 20 min, should be 0 (overstated by 20 — 26 earlier-month min not carried forward)","🚩 Balance not carried forward — shows 20, should be 0 (overstated +20)",OK - CALCULATED
58544485,49960042099,Convo Now,live,Convo Now: Access Complimentary,49966499205,2026-09-09,2026-10-09,30.0,30 days,Calculated 30-day,2.0,2,"Sep 2026, Oct 2026",Sep 2026 (bal -1.0) · Oct 2026 (bal 20.0),0.0,21.0,20,20.0,0.0,20.0,0.0,19.0,"shows 20 min, should be 0 (overstated by 20 — 21 earlier-month min not carried forward)","🚩 Balance not carried forward — shows 20, should be 0 (overstated +20)",OK - CALCULATED
33327055,49961331569,Convo Now,live,Convo Now: Access Complimentary,49965937573,2026-09-09,2026-10-09,30.0,30 days,Calculated 30-day,2.0,2,"Sep 2026, Oct 2026",Sep 2026 (bal 12.0) · Oct 2026 (bal 20.0),0.0,8.0,20,20.0,12.0,8.0,12.0,32.0,"shows 20 min, should be 12 (overstated by 8 — 8 earlier-month min not carried forward)","🚩 Balance not carried forward — shows 20, should be 12 (overstated +8)",OK - CALCULATED
82817313,50068881291,Convo Now,live,Convo Now: Access Complimentary,50061550897,2026-09-12,2026-10-12,30.0,30 days,Calculated 30-day,2.0,2,"Sep 2026, Oct 2026",Sep 2026 (bal -59.0) · Oct 2026 (bal 20.0),0.0,79.0,20,20.0,0.0,20.0,0.0,-39.0,"shows 20 min, should be 0 (overstated by 20 — 79 earlier-month min not carried forward)","🚩 Balance not carried forward — shows 20, should be 0 (overstated +20)",OK - CALCULATED
20824901,50171964008,Convo Now,live,Convo Now: Access Complimentary,50162616081,2026-09-14,2026-10-14,30.0,30 days,Calculated 30-day,2.0,2,"Sep 2026, Oct 2026",Sep 2026 (bal -11.0) · Oct 2026 (bal 20.0),0.0,31.0,20,20.0,0.0,20.0,0.0,9.0,"shows 20 min, should be 0 (overstated by 20 — 31 earlier-month min not carried forward)","🚩 Balance not carried forward — shows 20, should be 0 (overstated +20)",OK - CALCULATED
98555596,50178977130,Convo Now,live,Convo Now: Access Complimentary,50173840711,2026-09-14,2026-10-14,30.0,30 days,Calculated 30-day,2.0,2,"Sep 2026, Oct 2026",Sep 2026 (bal 17.0) · Oct 2026 (bal 20.0),0.0,3.0,20,20.0,17.0,3.0,17.0,37.0,"shows 20 min, should be 17 (overstated by 3 — 3 earlier-month min not carried forward)","🚩 Balance not carried forward — shows 20, should be 17 (overstated +3)",OK - CALCULATED
50946659,50191968173,Convo Now,live,Convo Now: Access Complimentary,50192583755,2026-09-14,2026-10-14,30.0,30 days,Calculated 30-day,2.0,2,"Sep 2026, Oct 2026",Sep 2026 (bal 16.0) · Oct 2026 (bal 20.0),0.0,4.0,20,20.0,16.0,4.0,16.0,36.0,"shows 20 min, should be 16 (overstated by 4 — 4 earlier-month min not carried forward)","🚩 Balance not carried forward — shows 20, should be 16 (overstated +4)",OK - CALCULATED
75924808,50232921444,Convo Now,live,Convo Now: Access Complimentary,50235665585,2026-09-15,2026-10-15,30.0,30 days,Calculated 30-day,2.0,2,"Sep 2026, Oct 2026",Sep 2026 (bal 16.0) · Oct 2026 (bal 20.0),0.0,4.0,20,20.0,16.0,4.0,16.0,36.0,"shows 20 min, should be 16 (overstated by 4 — 4 earlier-month min not carried forward)","🚩 Balance not carried forward — shows 20, should be 16 (overstated +4)",OK - CALCULATED
77875814,50233679961,Convo Now,live,Convo Now: Access Complimentary,50232467009,2026-09-15,2026-10-15,30.0,30 days,Calculated 30-day,2.0,2,"Sep 2026, Oct 2026",Sep 2026 (bal -2.0) · Oct 2026 (bal 20.0),0.0,22.0,20,20.0,0.0,20.0,0.0,18.0,"shows 20 min, should be 0 (overstated by 20 — 22 earlier-month min not carried forward)","🚩 Balance not carried forward — shows 20, should be 0 (overstated +20)",OK - CALCULATED
31914960,50243993345,Convo Now,live,Convo Now: Access Complimentary,50241820735,2026-09-15,2026-10-15,30.0,30 days,Calculated 30-day,2.0,2,"Sep 2026, Oct 2026",Sep 2026 (bal -17.0) · Oct 2026 (bal 15.0),0.0,42.0,20,15.0,0.0,15.0,0.0,-2.0,"shows 15 min, should be 0 (overstated by 15 — 37 earlier-month min not carried forward)","🚩 Balance not carried forward — shows 15, should be 0 (overstated +15)",OK - CALCULATED
95140634,50363554891,Convo Now,live,Convo Now: Access Complimentary,50364513349,2026-09-19,2026-10-19,30.0,30 days,Calculated 30-day,2.0,2,"Sep 2026, Oct 2026",Sep 2026 (bal 9.0) · Oct 2026 (bal 15.0),0.0,16.0,20,15.0,4.0,11.0,4.0,24.0,"shows 15 min, should be 4 (overstated by 11 — 11 earlier-month min not carried forward)","🚩 Balance not carried forward — shows 15, should be 4 (overstated +11)",OK - CALCULATED
57454431,50371834039,Convo Now,live,Convo Now: Access Complimentary,50384900420,2026-09-19,2026-10-19,30.0,30 days,Calculated 30-day,2.0,2,"Sep 2026, Oct 2026",Sep 2026 (bal -23.0) · Oct 2026 (bal 20.0),0.0,43.0,20,20.0,0.0,20.0,0.0,-3.0,"shows 20 min, should be 0 (overstated by 20 — 43 earlier-month min not carried forward)","🚩 Balance not carried forward — shows 20, should be 0 (overstated +20)",OK - CALCULATED
52793847,50419163136,Convo Now,live,Convo Now: Access Complimentary,50421633334,2026-09-20,2026-10-20,30.0,30 days,Calculated 30-day,2.0,2,"Sep 2026, Oct 2026",Sep 2026 (bal 9.0) · Oct 2026 (bal 20.0),0.0,11.0,20,20.0,9.0,11.0,9.0,29.0,"shows 20 min, should be 9 (overstated by 11 — 11 earlier-month min not carried forward)","🚩 Balance not carried forward — shows 20, should be 9 (overstated +11)",OK - CALCULATED
82735076,50480031884,Convo Now,live,Convo Now: Access Complimentary,50465900427,2026-09-21,2026-10-21,30.0,30 days,Calculated 30-day,2.0,2,"Sep 2026, Oct 2026",Sep 2026 (bal 10.0) · Oct 2026 (bal 20.0),0.0,10.0,20,20.0,10.0,10.0,10.0,30.0,"shows 20 min, should be 10 (overstated by 10 — 10 earlier-month min not carried forward)","🚩 Balance not carried forward — shows 20, should be 10 (overstated +10)",OK - CALCULATED
12233466,50482447880,Convo Now,live,Convo Now: Access Complimentary,50477391116,2026-09-21,2026-10-21,30.0,30 days,Calculated 30-day,2.0,2,"Sep 2026, Oct 2026",Sep 2026 (bal -8.0) · Oct 2026 (bal 20.0),0.0,28.0,20,20.0,0.0,20.0,0.0,12.0,"shows 20 min, should be 0 (overstated by 20 — 28 earlier-month min not carried forward)","🚩 Balance not carried forward — shows 20, should be 0 (overstated +20)",OK - CALCULATED
28672210,50542785038,Convo Now,live,Convo Now: Access Complimentary,50549762208,2026-09-22,2026-10-22,30.0,30 days,Calculated 30-day,2.0,2,"Sep 2026, Oct 2026",Sep 2026 (bal 13.0) · Oct 2026 (bal 18.0),0.0,9.0,20,18.0,11.0,7.0,11.0,31.0,"shows 18 min, should be 11 (overstated by 7 — 7 earlier-month min not carried forward)","🚩 Balance not carried forward — shows 18, should be 11 (overstated +7)",OK - CALCULATED
25455596,50647987816,Convo Now,live,Convo Now: Access Complimentary,50638882110,2026-09-23,2026-10-23,30.0,30 days,Calculated 30-day,2.0,2,"Sep 2026, Oct 2026",Sep 2026 (bal 4.0) · Oct 2026 (bal 20.0),0.0,16.0,20,20.0,4.0,16.0,4.0,24.0,"shows 20 min, should be 4 (overstated by 16 — 16 earlier-month min not carried forward)","🚩 Balance not carried forward — shows 20, should be 4 (overstated +16)",OK - CALCULATED
18952091,50649209223,Convo Now,live,Convo Now: Access Complimentary,50615331989,2026-09-23,2026-10-23,30.0,30 days,Calculated 30-day,2.0,2,"Sep 2026, Oct 2026",Sep 2026 (bal 4.0) · Oct 2026 (bal 20.0),0.0,16.0,20,20.0,4.0,16.0,4.0,24.0,"shows 20 min, should be 4 (overstated by 16 — 16 earlier-month min not carried forward)","🚩 Balance not carried forward — shows 20, should be 4 (overstated +16)",OK - CALCULATED
19920824,50651486285,Convo Now,live,Convo Now: Access Complimentary,50649071237,2026-09-23,2026-10-23,30.0,30 days,Calculated 30-day,2.0,2,"Sep 2026, Oct 2026",Sep 2026 (bal -7.0) · Oct 2026 (bal 20.0),0.0,27.0,20,20.0,0.0,20.0,0.0,13.0,"shows 20 min, should be 0 (overstated by 20 — 27 earlier-month min not carried forward)","🚩 Balance not carried forward — shows 20, should be 0 (overstated +20)",OK - CALCULATED
16641867,50733474703,Convo Now,live,Convo Now: Access Complimentary,50735678476,2026-09-26,2026-10-26,30.0,30 days,Calculated 30-day,2.0,2,"Sep 2026, Oct 2026",Sep 2026 (bal 14.0) · Oct 2026 (bal 20.0),0.0,6.0,20,20.0,14.0,6.0,14.0,34.0,"shows 20 min, should be 14 (overstated by 6 — 6 earlier-month min not carried forward)","🚩 Balance not carried forward — shows 20, should be 14 (overstated +6)",OK - CALCULATED
97409107,50789187480,Convo Now,live,Convo Now: Access Complimentary,50761741376,2026-09-27,2026-10-27,30.0,30 days,Calculated 30-day,2.0,2,"Sep 2026, Oct 2026",Sep 2026 (bal 3.0) · Oct 2026 (bal 20.0),0.0,17.0,20,20.0,3.0,17.0,3.0,23.0,"shows 20 min, should be 3 (overstated by 17 — 17 earlier-month min not carried forward)","🚩 Balance not carried forward — shows 20, should be 3 (overstated +17)",OK - CALCULATED
85703830,50821746101,Convo Now,live,Convo Now: Access Complimentary,22917199104,2026-09-19,2026-10-19,30.0,30 days,Calculated 30-day,2.0,2,"Sep 2026, Oct 2026",Sep 2026 (bal -72.0) · Oct 2026 (bal 20.0),0.0,92.0,20,20.0,0.0,20.0,0.0,-52.0,"shows 20 min, should be 0 (overstated by 20 — 92 earlier-month min not carried forward)","🚩 Balance not carried forward — shows 20, should be 0 (overstated +20)",OK - CALCULATED
93133301,50856319843,Convo Now,live,Convo Now: Access Complimentary,50855829828,2026-09-28,2026-10-28,30.0,30 days,Calculated 30-day,2.0,2,"Sep 2026, Oct 2026",Sep 2026 (bal 15.0) · Oct 2026 (bal 20.0),0.0,5.0,20,20.0,15.0,5.0,15.0,35.0,"shows 20 min, should be 15 (overstated by 5 — 5 earlier-month min not carried forward)","🚩 Balance not carried forward — shows 20, should be 15 (overstated +5)",OK - CALCULATED
70192423,50861385058,Convo Now,live,Convo Now: Access Complimentary,50860048280,2026-09-28,2026-10-28,30.0,30 days,Calculated 30-day,2.0,2,"Sep 2026, Oct 2026",Sep 2026 (bal 14.0) · Oct 2026 (bal 20.0),0.0,6.0,20,20.0,14.0,6.0,14.0,34.0,"shows 20 min, should be 14 (overstated by 6 — 6 earlier-month min not carried forward)","🚩 Balance not carried forward — shows 20, should be 14 (overstated +6)",OK - CALCULATED
25529338,50861385059,Convo Now,live,Convo Now: Access Complimentary,50859963764,2026-09-28,2026-10-28,30.0,30 days,Calculated 30-day,2.0,2,"Sep 2026, Oct 2026",Sep 2026 (bal 5.0) · Oct 2026 (bal 20.0),0.0,15.0,20,20.0,5.0,15.0,5.0,25.0,"shows 20 min, should be 5 (overstated by 15 — 15 earlier-month min not carried forward)","🚩 Balance not carried forward — shows 20, should be 5 (overstated +15)",OK - CALCULATED
55431705,51578941876,Convo Now,live,Convo Now: Access Complimentary,51577455522,2026-09-11,2026-10-11,30.0,30 days,Calculated 30-day,2.0,2,"Sep 2026, Oct 2026",Sep 2026 (bal 14.0) · Oct 2026 (bal 20.0),0.0,6.0,20,20.0,14.0,6.0,14.0,34.0,"shows 20 min, should be 14 (overstated by 6 — 6 earlier-month min not carried forward)","🚩 Balance not carried forward — shows 20, should be 14 (overstated +6)",OK - CALCULATED
42604010,52039311163,Convo Now,live,Convo Now: Access Complimentary,52038292342,2026-09-15,2026-10-15,30.0,30 days,Calculated 30-day,2.0,2,"Sep 2026, Oct 2026",Sep 2026 (bal 11.0) · Oct 2026 (bal 20.0),0.0,9.0,20,20.0,11.0,9.0,11.0,31.0,"shows 20 min, should be 11 (overstated by 9 — 9 earlier-month min not carried forward)","🚩 Balance not carried forward — shows 20, should be 11 (overstated +9)",OK - CALCULATED
58847750,52043542640,Convo Now,live,Convo Now: Access Complimentary,52042707716,2026-09-15,2026-10-15,30.0,30 days,Calculated 30-day,2.0,2,"Sep 2026, Oct 2026",Sep 2026 (bal -10.0) · Oct 2026 (bal 20.0),0.0,30.0,20,20.0,0.0,20.0,0.0,10.0,"shows 20 min, should be 0 (overstated by 20 — 30 earlier-month min not carried forward)","🚩 Balance not carried forward — shows 20, should be 0 (overstated +20)",OK - CALCULATED
65897529,52055159727,Convo Now,live,Convo Now: Access Complimentary,52053470504,2026-09-15,2026-10-15,30.0,30 days,Calculated 30-day,2.0,2,"Sep 2026, Oct 2026",Sep 2026 (bal 16.0) · Oct 2026 (bal 20.0),0.0,4.0,20,20.0,16.0,4.0,16.0,36.0,"shows 20 min, should be 16 (overstated by 4 — 4 earlier-month min not carried forward)","🚩 Balance not carried forward — shows 20, should be 16 (overstated +4)",OK - CALCULATED
32126724,52252508304,Convo Now,live,Convo Now: Access Complimentary,52246029128,2026-09-17,2026-10-17,30.0,30 days,Calculated 30-day,2.0,2,"Sep 2026, Oct 2026",Sep 2026 (bal 17.0) · Oct 2026 (bal 20.0),0.0,3.0,20,20.0,17.0,3.0,17.0,37.0,"shows 20 min, should be 17 (overstated by 3 — 3 earlier-month min not carried forward)","🚩 Balance not carried forward — shows 20, should be 17 (overstated +3)",OK - CALCULATED
95654297,52343704895,Convo Now,live,Convo Now: Access Complimentary,52334613250,2026-09-18,2026-10-18,30.0,30 days,Calculated 30-day,2.0,2,"Sep 2026, Oct 2026",Sep 2026 (bal 9.0) · Oct 2026 (bal 13.0),0.0,18.0,20,13.0,2.0,11.0,2.0,22.0,"shows 13 min, should be 2 (overstated by 11 — 11 earlier-month min not carried forward)","🚩 Balance not carried forward — shows 13, should be 2 (overstated +11)",OK - CALCULATED
51960200,52353180340,Convo Now,live,Convo Now: Access Complimentary,52347088207,2026-09-18,2026-10-18,30.0,30 days,Calculated 30-day,2.0,2,"Sep 2026, Oct 2026",Sep 2026 (bal 15.0) · Oct 2026 (bal 20.0),0.0,5.0,20,20.0,15.0,5.0,15.0,35.0,"shows 20 min, should be 15 (overstated by 5 — 5 earlier-month min not carried forward)","🚩 Balance not carried forward — shows 20, should be 15 (overstated +5)",OK - CALCULATED
59206512,52367800474,Convo Now,live,Convo Now: Access Complimentary,52360568357,2026-09-18,2026-10-18,30.0,30 days,Calculated 30-day,2.0,2,"Sep 2026, Oct 2026",Sep 2026 (bal -10.0) · Oct 2026 (bal 20.0),0.0,30.0,20,20.0,0.0,20.0,0.0,10.0,"shows 20 min, should be 0 (overstated by 20 — 30 earlier-month min not carried forward)","🚩 Balance not carried forward — shows 20, should be 0 (overstated +20)",OK - CALCULATED
14943281,52369850743,Convo Now,live,Convo Now: Access Complimentary,52369380703,2026-09-18,2026-10-18,30.0,30 days,Calculated 30-day,2.0,2,"Sep 2026, Oct 2026",Sep 2026 (bal -5.0) · Oct 2026 (bal 20.0),0.0,25.0,20,20.0,0.0,20.0,0.0,15.0,"shows 20 min, should be 0 (overstated by 20 — 25 earlier-month min not carried forward)","🚩 Balance not carried forward — shows 20, should be 0 (overstated +20)",OK - CALCULATED
77973134,52374337581,Convo Now,live,Convo Now: Access Complimentary,52363326886,2026-09-18,2026-10-18,30.0,30 days,Calculated 30-day,2.0,2,"Sep 2026, Oct 2026",Sep 2026 (bal 6.0) · Oct 2026 (bal 20.0),0.0,14.0,20,20.0,6.0,14.0,6.0,26.0,"shows 20 min, should be 6 (overstated by 14 — 14 earlier-month min not carried forward)","🚩 Balance not carried forward — shows 20, should be 6 (overstated +14)",OK - CALCULATED
63139944,52577734407,Convo Now,live,Convo Now: Access Complimentary,52595785910,2026-09-20,2026-10-20,30.0,30 days,Calculated 30-day,2.0,2,"Sep 2026, Oct 2026",Sep 2026 (bal 13.0) · Oct 2026 (bal 20.0),0.0,7.0,20,20.0,13.0,7.0,13.0,33.0,"shows 20 min, should be 13 (overstated by 7 — 7 earlier-month min not carried forward)","🚩 Balance not carried forward — shows 20, should be 13 (overstated +7)",OK - CALCULATED
43980035,52583069478,Convo Now,live,Convo Now: Access Complimentary,52579215519,2026-09-20,2026-10-20,30.0,30 days,Calculated 30-day,2.0,2,"Sep 2026, Oct 2026",Sep 2026 (bal -2.0) · Oct 2026 (bal 20.0),0.0,22.0,20,20.0,0.0,20.0,0.0,18.0,"shows 20 min, should be 0 (overstated by 20 — 22 earlier-month min not carried forward)","🚩 Balance not carried forward — shows 20, should be 0 (overstated +20)",OK - CALCULATED
39339019,52778005056,Convo Now,live,Convo Now: Access Complimentary,52770532942,2026-09-21,2026-10-21,30.0,30 days,Calculated 30-day,2.0,2,"Sep 2026, Oct 2026",Sep 2026 (bal 8.0) · Oct 2026 (bal 20.0),0.0,12.0,20,20.0,8.0,12.0,8.0,28.0,"shows 20 min, should be 8 (overstated by 12 — 12 earlier-month min not carried forward)","🚩 Balance not carried forward — shows 20, should be 8 (overstated +12)",OK - CALCULATED
39799614,53259176711,Convo Now,live,Convo Now: Access Complimentary,53254436140,2026-09-25,2026-10-25,30.0,30 days,Calculated 30-day,2.0,2,"Sep 2026, Oct 2026",Sep 2026 (bal 14.0) · Oct 2026 (bal 20.0),0.0,6.0,20,20.0,14.0,6.0,14.0,34.0,"shows 20 min, should be 14 (overstated by 6 — 6 earlier-month min not carried forward)","🚩 Balance not carried forward — shows 20, should be 14 (overstated +6)",OK - CALCULATED
84096122,53273991535,Convo Now,live,Convo Now: Access Complimentary,53266684983,2026-04-28,2026-05-28,30.0,30 days,Calculated 30-day,2.0,2,"Apr 2026, May 2026",Apr 2026 (bal -11.0) · May 2026 (bal 20.0),0.0,31.0,20,20.0,0.0,20.0,0.0,9.0,"shows 20 min, should be 0 (overstated by 20 — 31 earlier-month min not carried forward)","🚩 Balance not carried forward — shows 20, should be 0 (overstated +20)",OK - CALCULATED
59622881,53414672160,Convo Now,live,Convo Now: Access Complimentary,53416554918,2026-09-26,2026-10-26,30.0,30 days,Calculated 30-day,2.0,2,"Sep 2026, Oct 2026",Sep 2026 (bal 11.0) · Oct 2026 (bal 20.0),0.0,9.0,20,20.0,11.0,9.0,11.0,31.0,"shows 20 min, should be 11 (overstated by 9 — 9 earlier-month min not carried forward)","🚩 Balance not carried forward — shows 20, should be 11 (overstated +9)",OK - CALCULATED
34105776,53676519565,Convo Now,live,Convo Now: Access Complimentary,53678832289,2026-09-28,2026-10-28,30.0,30 days,Calculated 30-day,2.0,2,"Sep 2026, Oct 2026",Sep 2026 (bal 10.0) · Oct 2026 (bal 20.0),0.0,10.0,20,20.0,10.0,10.0,10.0,30.0,"shows 20 min, should be 10 (overstated by 10 — 10 earlier-month min not carried forward)","🚩 Balance not carried forward — shows 20, should be 10 (overstated +10)",OK - CALCULATED
40455284,53775858978,Convo Now,live,Convo Now: Access Complimentary,53775252251,2026-09-29,2026-10-29,30.0,30 days,Calculated 30-day,2.0,2,"Sep 2026, Oct 2026",Sep 2026 (bal 3.0) · Oct 2026 (bal 20.0),0.0,17.0,20,20.0,3.0,17.0,3.0,23.0,"shows 20 min, should be 3 (overstated by 17 — 17 earlier-month min not carried forward)","🚩 Balance not carried forward — shows 20, should be 3 (overstated +17)",OK - CALCULATED
11184585,53778279240,Convo Now,live,Convo Now: Access Complimentary,53776578135,2026-09-29,2026-10-29,30.0,30 days,Calculated 30-day,2.0,2,"Sep 2026, Oct 2026",Sep 2026 (bal 0.0) · Oct 2026 (bal 20.0),0.0,20.0,20,20.0,0.0,20.0,0.0,20.0,"shows 20 min, should be 0 (overstated by 20 — 20 earlier-month min not carried forward)","🚩 Balance not carried forward — shows 20, should be 0 (overstated +20)",OK - CALCULATED
19933001,54795818338,Convo Now,live,Convo Now: Access Complimentary,54795643690,2026-09-08,2026-10-08,30.0,30 days,Calculated 30-day,2.0,2,"Sep 2026, Oct 2026",Sep 2026 (bal -2.0) · Oct 2026 (bal 20.0),0.0,22.0,20,20.0,0.0,20.0,0.0,18.0,"shows 20 min, should be 0 (overstated by 20 — 22 earlier-month min not carried forward)","🚩 Balance not carried forward — shows 20, should be 0 (overstated +20)",OK - CALCULATED
84239264,54823124554,Convo Now,live,Convo Now: Access Complimentary,54822583972,2026-09-08,2026-10-08,30.0,30 days,Calculated 30-day,2.0,2,"Sep 2026, Oct 2026",Sep 2026 (bal -9.0) · Oct 2026 (bal 20.0),0.0,29.0,20,20.0,0.0,20.0,0.0,11.0,"shows 20 min, should be 0 (overstated by 20 — 29 earlier-month min not carried forward)","🚩 Balance not carried forward — shows 20, should be 0 (overstated +20)",OK - CALCULATED
76270804,55163389547,Convo Now,live,Convo Now: Access Complimentary,55155586963,2026-09-11,2026-10-11,30.0,30 days,Calculated 30-day,2.0,2,"Sep 2026, Oct 2026",Sep 2026 (bal 3.0) · Oct 2026 (bal 20.0),0.0,17.0,20,20.0,3.0,17.0,3.0,23.0,"shows 20 min, should be 3 (overstated by 17 — 17 earlier-month min not carried forward)","🚩 Balance not carried forward — shows 20, should be 3 (overstated +17)",OK - CALCULATED
24434524,55175454611,Convo Now,live,Convo Now: Access Complimentary,55167374699,2026-09-11,2026-10-11,30.0,30 days,Calculated 30-day,2.0,2,"Sep 2026, Oct 2026",Sep 2026 (bal -23.0) · Oct 2026 (bal 20.0),0.0,43.0,20,20.0,0.0,20.0,0.0,-3.0,"shows 20 min, should be 0 (overstated by 20 — 43 earlier-month min not carried forward)","🚩 Balance not carried forward — shows 20, should be 0 (overstated +20)",OK - CALCULATED
86239076,55305268533,Convo Now,live,Convo Now: Access Complimentary,55310581613,2026-09-12,2026-10-12,30.0,30 days,Calculated 30-day,2.0,2,"Sep 2026, Oct 2026",Sep 2026 (bal 7.0) · Oct 2026 (bal 20.0),0.0,13.0,20,20.0,7.0,13.0,7.0,27.0,"shows 20 min, should be 7 (overstated by 13 — 13 earlier-month min not carried forward)","🚩 Balance not carried forward — shows 20, should be 7 (overstated +13)",OK - CALCULATED
31002878,55310454076,Convo Now,live,Convo Now: Access Complimentary,55302828707,2026-09-12,2026-10-12,30.0,30 days,Calculated 30-day,2.0,2,"Sep 2026, Oct 2026",Sep 2026 (bal 1.0) · Oct 2026 (bal 20.0),0.0,19.0,20,20.0,1.0,19.0,1.0,21.0,"shows 20 min, should be 1 (overstated by 19 — 19 earlier-month min not carried forward)","🚩 Balance not carried forward — shows 20, should be 1 (overstated +19)",OK - CALCULATED
19181430,55314198384,Convo Now,live,Convo Now: Access Complimentary,55312901651,2026-09-12,2026-10-12,30.0,30 days,Calculated 30-day,2.0,2,"Sep 2026, Oct 2026",Sep 2026 (bal -18.0) · Oct 2026 (bal 20.0),0.0,38.0,20,20.0,0.0,20.0,0.0,2.0,"shows 20 min, should be 0 (overstated by 20 — 38 earlier-month min not carried forward)","🚩 Balance not carried forward — shows 20, should be 0 (overstated +20)",OK - CALCULATED
19791867,55757472373,Convo Now,live,Convo Now: Access Complimentary,55754821788,2026-09-16,2026-10-16,30.0,30 days,Calculated 30-day,2.0,2,"Sep 2026, Oct 2026",Sep 2026 (bal 7.0) · Oct 2026 (bal 20.0),0.0,13.0,20,20.0,7.0,13.0,7.0,27.0,"shows 20 min, should be 7 (overstated by 13 — 13 earlier-month min not carried forward)","🚩 Balance not carried forward — shows 20, should be 7 (overstated +13)",OK - CALCULATED
47778653,55984469258,Convo Now,live,Convo Now: Access Complimentary,56011430214,2026-09-18,2026-10-18,30.0,30 days,Calculated 30-day,2.0,2,"Sep 2026, Oct 2026",Sep 2026 (bal 10.0) · Oct 2026 (bal 15.0),0.0,15.0,20,15.0,5.0,10.0,5.0,25.0,"shows 15 min, should be 5 (overstated by 10 — 10 earlier-month min not carried forward)","🚩 Balance not carried forward — shows 15, should be 5 (overstated +10)",OK - CALCULATED
59295081,56000055420,Convo Now,live,Convo Now: Access Complimentary,56016843358,2026-09-18,2026-10-18,30.0,30 days,Calculated 30-day,2.0,2,"Sep 2026, Oct 2026",Sep 2026 (bal -33.0) · Oct 2026 (bal 20.0),0.0,53.0,20,20.0,0.0,20.0,0.0,-13.0,"shows 20 min, should be 0 (overstated by 20 — 53 earlier-month min not carried forward)","🚩 Balance not carried forward — shows 20, should be 0 (overstated +20)",OK - CALCULATED
62743954,56099663902,Convo Now,live,Convo Now: Access Complimentary,56092397105,2026-09-19,2026-10-19,30.0,30 days,Calculated 30-day,2.0,2,"Sep 2026, Oct 2026",Sep 2026 (bal 17.0) · Oct 2026 (bal 14.0),0.0,9.0,20,14.0,11.0,3.0,11.0,31.0,"shows 14 min, should be 11 (overstated by 3 — 3 earlier-month min not carried forward)","🚩 Balance not carried forward — shows 14, should be 11 (overstated +3)",OK - CALCULATED
99525447,56451273824,Convo Now,live,Convo Now: Access Complimentary,56449886504,2026-09-23,2026-10-23,30.0,30 days,Calculated 30-day,2.0,2,"Sep 2026, Oct 2026",Sep 2026 (bal 13.0) · Oct 2026 (bal 20.0),0.0,7.0,20,20.0,13.0,7.0,13.0,33.0,"shows 20 min, should be 13 (overstated by 7 — 7 earlier-month min not carried forward)","🚩 Balance not carried forward — shows 20, should be 13 (overstated +7)",OK - CALCULATED
68440762,56511478937,Convo Now,live,Convo Now: Access Complimentary,56509209885,2026-09-24,2026-10-24,30.0,30 days,Calculated 30-day,2.0,2,"Sep 2026, Oct 2026",Sep 2026 (bal -19.0) · Oct 2026 (bal 2.0),0.0,57.0,20,2.0,0.0,2.0,0.0,-17.0,"shows 2 min, should be 0 (overstated by 2 — 39 earlier-month min not carried forward)","🚩 Balance not carried forward — shows 2, should be 0 (overstated +2)",OK - CALCULATED
47301288,56686480756,Convo Now,live,Convo Now: Access Complimentary,56685460548,2026-09-29,2026-10-29,30.0,30 days,Calculated 30-day,2.0,2,"Sep 2026, Oct 2026",Sep 2026 (bal 13.0) · Oct 2026 (bal 18.0),0.0,9.0,20,18.0,11.0,7.0,11.0,31.0,"shows 18 min, should be 11 (overstated by 7 — 7 earlier-month min not carried forward)","🚩 Balance not carried forward — shows 18, should be 11 (overstated +7)",OK - CALCULATED
55122120,56699275034,Convo Now,live,Convo Now: Access Complimentary,56704590146,2026-09-29,2026-10-29,30.0,30 days,Calculated 30-day,2.0,2,"Sep 2026, Oct 2026",Sep 2026 (bal 19.0) · Oct 2026 (bal 20.0),0.0,1.0,20,20.0,19.0,1.0,19.0,39.0,"shows 20 min, should be 19 (overstated by 1 — 1 earlier-month min not carried forward)","🚩 Balance not carried forward — shows 20, should be 19 (overstated +1)",OK - CALCULATED
78994118,56968224295,Convo Now,live,Convo Now: Access Complimentary,56966105170,2026-09-06,2026-10-06,30.0,30 days,Calculated 30-day,2.0,2,"Sep 2026, Oct 2026",Sep 2026 (bal 15.0) · Oct 2026 (bal 20.0),0.0,5.0,20,20.0,15.0,5.0,15.0,35.0,"shows 20 min, should be 15 (overstated by 5 — 5 earlier-month min not carried forward)","🚩 Balance not carried forward — shows 20, should be 15 (overstated +5)",OK - CALCULATED
51831106,57022282599,Convo Now,live,Convo Now: Access Complimentary,56988389766,2026-09-07,2026-10-07,30.0,30 days,Calculated 30-day,2.0,2,"Sep 2026, Oct 2026",Sep 2026 (bal 7.0) · Oct 2026 (bal 20.0),0.0,13.0,20,20.0,7.0,13.0,7.0,27.0,"shows 20 min, should be 7 (overstated by 13 — 13 earlier-month min not carried forward)","🚩 Balance not carried forward — shows 20, should be 7 (overstated +13)",OK - CALCULATED
54612414,57033905317,Convo Now,live,Convo Now: Access Complimentary,57029680559,2026-09-08,2026-10-08,30.0,30 days,Calculated 30-day,2.0,2,"Sep 2026, Oct 2026",Sep 2026 (bal 7.0) · Oct 2026 (bal 20.0),0.0,13.0,20,20.0,7.0,13.0,7.0,27.0,"shows 20 min, should be 7 (overstated by 13 — 13 earlier-month min not carried forward)","🚩 Balance not carried forward — shows 20, should be 7 (overstated +13)",OK - CALCULATED
50235352,57092328364,Convo Now,live,Convo Now: Access Complimentary,57093574181,2026-09-10,2026-10-10,30.0,30 days,Calculated 30-day,2.0,2,"Sep 2026, Oct 2026",Sep 2026 (bal -1.0) · Oct 2026 (bal 20.0),0.0,21.0,20,20.0,0.0,20.0,0.0,19.0,"shows 20 min, should be 0 (overstated by 20 — 21 earlier-month min not carried forward)","🚩 Balance not carried forward — shows 20, should be 0 (overstated +20)",OK - CALCULATED
10884765,57104367620,Convo Now,live,Convo Now: Access Complimentary,57101546083,2026-09-10,2026-10-10,30.0,30 days,Calculated 30-day,2.0,2,"Sep 2026, Oct 2026",Sep 2026 (bal 11.0) · Oct 2026 (bal 5.0),0.0,24.0,20,5.0,0.0,5.0,0.0,16.0,"shows 5 min, should be 0 (overstated by 5 — 9 earlier-month min not carried forward)","🚩 Balance not carried forward — shows 5, should be 0 (overstated +5)",OK - CALCULATED
65832987,57105571466,Convo Now,live,Convo Now: Access Complimentary,57105380638,2026-09-10,2026-10-10,30.0,30 days,Calculated 30-day,2.0,2,"Sep 2026, Oct 2026",Sep 2026 (bal 8.0) · Oct 2026 (bal 20.0),0.0,12.0,20,20.0,8.0,12.0,8.0,28.0,"shows 20 min, should be 8 (overstated by 12 — 12 earlier-month min not carried forward)","🚩 Balance not carried forward — shows 20, should be 8 (overstated +12)",OK - CALCULATED
41132363,57184546665,Convo Now,live,Convo Now: Access Complimentary,57181805586,2026-09-13,2026-10-13,30.0,30 days,Calculated 30-day,2.0,2,"Sep 2026, Oct 2026",Sep 2026 (bal -1.0) · Oct 2026 (bal 3.0),0.0,38.0,20,3.0,0.0,3.0,0.0,2.0,"shows 3 min, should be 0 (overstated by 3 — 21 earlier-month min not carried forward)","🚩 Balance not carried forward — shows 3, should be 0 (overstated +3)",OK - CALCULATED
16467387,57322222923,Convo Now,live,Convo Now: Access Complimentary,57330858287,2026-09-15,2026-10-15,30.0,30 days,Calculated 30-day,2.0,2,"Sep 2026, Oct 2026",Sep 2026 (bal -11.0) · Oct 2026 (bal 20.0),0.0,31.0,20,20.0,0.0,20.0,0.0,9.0,"shows 20 min, should be 0 (overstated by 20 — 31 earlier-month min not carried forward)","🚩 Balance not carried forward — shows 20, should be 0 (overstated +20)",OK - CALCULATED
46044267,57411468451,Convo Now,live,Convo Now: Access Complimentary,57383963765,2026-09-16,2026-10-16,30.0,30 days,Calculated 30-day,2.0,2,"Sep 2026, Oct 2026",Sep 2026 (bal 15.0) · Oct 2026 (bal 20.0),0.0,5.0,20,20.0,15.0,5.0,15.0,35.0,"shows 20 min, should be 15 (overstated by 5 — 5 earlier-month min not carried forward)","🚩 Balance not carried forward — shows 20, should be 15 (overstated +5)",OK - CALCULATED
27760305,57596978444,Convo Now,live,Convo Now: Access Complimentary,57596490037,2026-09-20,2026-10-20,30.0,30 days,Calculated 30-day,2.0,2,"Sep 2026, Oct 2026",Sep 2026 (bal -2.0) · Oct 2026 (bal 17.0),0.0,25.0,20,17.0,0.0,17.0,0.0,15.0,"shows 17 min, should be 0 (overstated by 17 — 22 earlier-month min not carried forward)","🚩 Balance not carried forward — shows 17, should be 0 (overstated +17)",OK - CALCULATED
94325246,57650046997,Convo Now,live,Convo Now: Access Complimentary,57671089001,2026-09-21,2026-10-21,30.0,30 days,Calculated 30-day,2.0,2,"Sep 2026, Oct 2026",Sep 2026 (bal 10.0) · Oct 2026 (bal 20.0),0.0,10.0,20,20.0,10.0,10.0,10.0,30.0,"shows 20 min, should be 10 (overstated by 10 — 10 earlier-month min not carried forward)","🚩 Balance not carried forward — shows 20, should be 10 (overstated +10)",OK - CALCULATED
29674307,57752786985,Convo Now,live,Convo Now: Access Complimentary,57735828094,2026-09-22,2026-10-22,30.0,30 days,Calculated 30-day,2.0,2,"Sep 2026, Oct 2026",Sep 2026 (bal 9.0) · Oct 2026 (bal 18.0),0.0,13.0,20,18.0,7.0,11.0,7.0,27.0,"shows 18 min, should be 7 (overstated by 11 — 11 earlier-month min not carried forward)","🚩 Balance not carried forward — shows 18, should be 7 (overstated +11)",OK - CALCULATED
71976627,57839557143,Convo Now,live,Convo Now: Access Complimentary,57853488519,2026-09-24,2026-10-24,30.0,30 days,Calculated 30-day,2.0,2,"Sep 2026, Oct 2026",Sep 2026 (bal -14.0) · Oct 2026 (bal 20.0),0.0,34.0,20,20.0,0.0,20.0,0.0,6.0,"shows 20 min, should be 0 (overstated by 20 — 34 earlier-month min not carried forward)","🚩 Balance not carried forward — shows 20, should be 0 (overstated +20)",OK - CALCULATED
69616957,58017869751,Convo Now,live,Convo Now: Access Complimentary,58021570593,2026-09-27,2026-10-27,30.0,30 days,Calculated 30-day,2.0,2,"Sep 2026, Oct 2026",Sep 2026 (bal -2.0) · Oct 2026 (bal 20.0),0.0,22.0,20,20.0,0.0,20.0,0.0,18.0,"shows 20 min, should be 0 (overstated by 20 — 22 earlier-month min not carried forward)","🚩 Balance not carried forward — shows 20, should be 0 (overstated +20)",OK - CALCULATED
22912195,58177767032,Convo Now,live,Convo Now: Access Complimentary,58117438110,2026-09-28,2026-10-28,30.0,30 days,Calculated 30-day,2.0,2,"Sep 2026, Oct 2026",Sep 2026 (bal 0.0) · Oct 2026 (bal 20.0),0.0,20.0,20,20.0,0.0,20.0,0.0,20.0,"shows 20 min, should be 0 (overstated by 20 — 20 earlier-month min not carried forward)","🚩 Balance not carried forward — shows 20, should be 0 (overstated +20)",OK - CALCULATED
25908922,58336103568,Convo Now,live,Convo Now: Access Complimentary,58319846220,2026-09-30,2026-10-30,30.0,30 days,Calculated 30-day,2.0,2,"Sep 2026, Oct 2026",Sep 2026 (bal -8.0) · Oct 2026 (bal 18.0),0.0,30.0,20,18.0,0.0,18.0,0.0,10.0,"shows 18 min, should be 0 (overstated by 18 — 28 earlier-month min not carried forward)","🚩 Balance not carried forward — shows 18, should be 0 (overstated +18)",OK - CALCULATED
75648070,58557511002,Convo Now,live,Convo Now: Access Complimentary,58556996720,2026-09-07,2026-10-07,30.0,30 days,Calculated 30-day,2.0,2,"Sep 2026, Oct 2026",Sep 2026 (bal -13.0) · Oct 2026 (bal 20.0),0.0,33.0,20,20.0,0.0,20.0,0.0,7.0,"shows 20 min, should be 0 (overstated by 20 — 33 earlier-month min not carried forward)","🚩 Balance not carried forward — shows 20, should be 0 (overstated +20)",OK - CALCULATED
32727765,58767944560,Convo Now,live,Convo Now: Access Complimentary,58788163988,2026-09-13,2026-10-13,30.0,30 days,Calculated 30-day,2.0,2,"Sep 2026, Oct 2026",Sep 2026 (bal 8.0) · Oct 2026 (bal 20.0),0.0,12.0,20,20.0,8.0,12.0,8.0,28.0,"shows 20 min, should be 8 (overstated by 12 — 12 earlier-month min not carried forward)","🚩 Balance not carried forward — shows 20, should be 8 (overstated +12)",OK - CALCULATED
34400629,58779965577,Convo Now,live,Convo Now: Access Complimentary,58796308537,2026-09-13,2026-10-13,30.0,30 days,Calculated 30-day,2.0,2,"Sep 2026, Oct 2026",Sep 2026 (bal 2.0) · Oct 2026 (bal 17.0),0.0,21.0,20,17.0,0.0,17.0,0.0,19.0,"shows 17 min, should be 0 (overstated by 17 — 18 earlier-month min not carried forward)","🚩 Balance not carried forward — shows 17, should be 0 (overstated +17)",OK - CALCULATED
71632836,58786028824,Convo Now,live,Convo Now: Access Complimentary,58776943681,2026-09-13,2026-10-13,30.0,30 days,Calculated 30-day,2.0,2,"Sep 2026, Oct 2026",Sep 2026 (bal 11.0) · Oct 2026 (bal 16.0),0.0,13.0,20,16.0,7.0,9.0,7.0,27.0,"shows 16 min, should be 7 (overstated by 9 — 9 earlier-month min not carried forward)","🚩 Balance not carried forward — shows 16, should be 7 (overstated +9)",OK - CALCULATED
92061195,58799750239,Convo Now,live,Convo Now: Access Complimentary,58793594639,2026-09-14,2026-10-14,30.0,30 days,Calculated 30-day,2.0,2,"Sep 2026, Oct 2026",Sep 2026 (bal 18.0) · Oct 2026 (bal 20.0),0.0,2.0,20,20.0,18.0,2.0,18.0,38.0,"shows 20 min, should be 18 (overstated by 2 — 2 earlier-month min not carried forward)","🚩 Balance not carried forward — shows 20, should be 18 (overstated +2)",OK - CALCULATED
92289083,58855727487,Convo Now,live,Convo Now: Access Complimentary,58823925647,2026-09-14,2026-10-14,30.0,30 days,Calculated 30-day,2.0,2,"Sep 2026, Oct 2026",Sep 2026 (bal 18.0) · Oct 2026 (bal 20.0),0.0,2.0,20,20.0,18.0,2.0,18.0,38.0,"shows 20 min, should be 18 (overstated by 2 — 2 earlier-month min not carried forward)","🚩 Balance not carried forward — shows 20, should be 18 (overstated +2)",OK - CALCULATED
60060393,58858676034,Convo Now,live,Convo Now: Access Complimentary,58858823214,2026-09-15,2026-10-15,30.0,30 days,Calculated 30-day,2.0,2,"Sep 2026, Oct 2026",Sep 2026 (bal 11.0) · Oct 2026 (bal 20.0),0.0,9.0,20,20.0,11.0,9.0,11.0,31.0,"shows 20 min, should be 11 (overstated by 9 — 9 earlier-month min not carried forward)","🚩 Balance not carried forward — shows 20, should be 11 (overstated +9)",OK - CALCULATED
75714722,58882873114,Convo Now,live,Convo Now: Access Complimentary,58875086336,2026-09-14,2026-10-14,30.0,30 days,Calculated 30-day,2.0,2,"Sep 2026, Oct 2026",Sep 2026 (bal 7.0) · Oct 2026 (bal 20.0),0.0,13.0,20,20.0,7.0,13.0,7.0,27.0,"shows 20 min, should be 7 (overstated by 13 — 13 earlier-month min not carried forward)","🚩 Balance not carried forward — shows 20, should be 7 (overstated +13)",OK - CALCULATED
87548005,59022722919,Convo Now,live,Convo Now: Access Complimentary,59026291759,2026-09-18,2026-10-18,30.0,30 days,Calculated 30-day,2.0,2,"Sep 2026, Oct 2026",Sep 2026 (bal -4.0) · Oct 2026 (bal 20.0),0.0,24.0,20,20.0,0.0,20.0,0.0,16.0,"shows 20 min, should be 0 (overstated by 20 — 24 earlier-month min not carried forward)","🚩 Balance not carried forward — shows 20, should be 0 (overstated +20)",OK - CALCULATED
46326129,59027531018,Convo Now,live,Convo Now: Access Complimentary,59015647364,2026-09-18,2026-10-18,30.0,30 days,Calculated 30-day,2.0,2,"Sep 2026, Oct 2026",Sep 2026 (bal 15.0) · Oct 2026 (bal 20.0),0.0,5.0,20,20.0,15.0,5.0,15.0,35.0,"shows 20 min, should be 15 (overstated by 5 — 5 earlier-month min not carried forward)","🚩 Balance not carried forward — shows 20, should be 15 (overstated +5)",OK - CALCULATED
72744491,59105199498,Convo Now,live,Convo Now: Access Complimentary,59093929375,2026-09-19,2026-10-19,30.0,30 days,Calculated 30-day,2.0,2,"Sep 2026, Oct 2026",Sep 2026 (bal 10.0) · Oct 2026 (bal 20.0),0.0,10.0,20,20.0,10.0,10.0,10.0,30.0,"shows 20 min, should be 10 (overstated by 10 — 10 earlier-month min not carried forward)","🚩 Balance not carried forward — shows 20, should be 10 (overstated +10)",OK - CALCULATED
48554201,59169229661,Convo Now,live,Convo Now: Access Complimentary,59180593998,2026-09-20,2026-10-20,30.0,30 days,Calculated 30-day,2.0,2,"Sep 2026, Oct 2026",Sep 2026 (bal -37.0) · Oct 2026 (bal 20.0),0.0,57.0,20,20.0,0.0,20.0,0.0,-17.0,"shows 20 min, should be 0 (overstated by 20 — 57 earlier-month min not carried forward)","🚩 Balance not carried forward — shows 20, should be 0 (overstated +20)",OK - CALCULATED
34249989,59191807272,Convo Now,live,Convo Now: Access Complimentary,59188717974,2026-09-20,2026-10-20,30.0,30 days,Calculated 30-day,2.0,2,"Sep 2026, Oct 2026",Sep 2026 (bal -6.0) · Oct 2026 (bal 20.0),0.0,26.0,20,20.0,0.0,20.0,0.0,14.0,"shows 20 min, should be 0 (overstated by 20 — 26 earlier-month min not carried forward)","🚩 Balance not carried forward — shows 20, should be 0 (overstated +20)",OK - CALCULATED
77891204,59238746424,Convo Now,live,Convo Now: Access Complimentary,59231898525,2026-09-21,2026-10-21,30.0,30 days,Calculated 30-day,2.0,2,"Sep 2026, Oct 2026",Sep 2026 (bal 13.0) · Oct 2026 (bal 20.0),0.0,7.0,20,20.0,13.0,7.0,13.0,33.0,"shows 20 min, should be 13 (overstated by 7 — 7 earlier-month min not carried forward)","🚩 Balance not carried forward — shows 20, should be 13 (overstated +7)",OK - CALCULATED
76911464,59416369564,Convo Now,live,Convo Now: Access Complimentary,59423611498,2026-09-25,2026-10-25,30.0,30 days,Calculated 30-day,2.0,2,"Sep 2026, Oct 2026",Sep 2026 (bal 10.0) · Oct 2026 (bal 20.0),0.0,10.0,20,20.0,10.0,10.0,10.0,30.0,"shows 20 min, should be 10 (overstated by 10 — 10 earlier-month min not carried forward)","🚩 Balance not carried forward — shows 20, should be 10 (overstated +10)",OK - CALCULATED
61132184,60932018615,Convo Now,live,Convo Now: Access Complimentary,60930694202,2026-09-26,2026-10-26,30.0,30 days,Calculated 30-day,2.0,2,"Sep 2026, Oct 2026",Sep 2026 (bal -44.0) · Oct 2026 (bal 20.0),0.0,64.0,20,20.0,0.0,20.0,0.0,-24.0,"shows 20 min, should be 0 (overstated by 20 — 64 earlier-month min not carried forward)","🚩 Balance not carried forward — shows 20, should be 0 (overstated +20)",OK - CALCULATED
41721505,62412540265,Convo Now,live,Convo Now: Access Complimentary,62423846704,2026-09-23,2026-10-23,30.0,30 days,Calculated 30-day,2.0,2,"Sep 2026, Oct 2026",Sep 2026 (bal 16.0) · Oct 2026 (bal 20.0),0.0,4.0,20,20.0,16.0,4.0,16.0,36.0,"shows 20 min, should be 16 (overstated by 4 — 4 earlier-month min not carried forward)","🚩 Balance not carried forward — shows 20, should be 16 (overstated +4)",OK - CALCULATED
